# n such that n^2+1 is prime, n <= n_max, including n=1
1
2
4
6
10
14
16
20
24
26
36
40
54
56
66
74
84
90
94
110
116
120
124
126
130
134
146
150
156
160
170
176
180
184
204
206
210
224
230
236
240
250
256
260
264
270
280
284
300
306
314
326
340
350
384
386
396
400
406
420
430
436
440
444
464
466
470
474
490
496
536
544
556
570
576
584
594
634
636
644
646
654
674
680
686
690
696
700
704
714
716
740
750
760
764
780
784
816
826
860
864
890
906
910
920
930
936
946
950
960
966
986
1004
1010
1036
1054
1060
1066
1070
1080
1094
1096
1106
1124
1140
1144
1146
1150
1156
1174
1176
1184
1210
1244
1246
1274
1276
1290
1294
1306
1314
1316
1320
1324
1340
1350
1354
1366
1374
1376
1394
1406
1410
1416
1420
1430
1434
1440
1456
1460
1494
1504
1524
1546
1550
1556
1564
1566
1570
1576
1580
1586
1614
1616
1640
1644
1654
1660
1664
1674
1676
1684
1686
1700
1716
1736
1756
1766
1774
1784
1790
1794
1816
1824
1850
1860
1870
1876
1884
1894
1910
1920
1940
1964
1966
1970
1974
1980
1990
2006
2026
2034
2050
2054
2056
2064
2074
2080
2084
2086
2094
2096
2106
2116
2120
2126
2136
2154
2174
2210
2224
2260
2266
2286
2294
2304
2310
2314
2320
2326
2330
2336
2354
2360
2380
2404
2406
2420
2430
2454
2456
2460
2464
2470
2496
2516
2534
2536
2550
2570
2576
2594
2600
2604
2624
2646
2654
2664
2666
2676
2684
2700
2706
2730
2736
2746
2754
2760
2766
2770
2776
2780
2794
2804
2824
2834
2836
2850
2864
2876
2884
2890
2896
2900
2916
2924
2926
2934
2944
2960
2964
2974
2986
3016
3026
3046
3054
3074
3094
3106
3110
3134
3136
3140
3156
3160
3174
3184
3196
3204
3214
3220
3240
3246
3254
3266
3274
3280
3290
3304
3306
3314
3326
3334
3340
3350
3356
3360
3374
3390
3436
3446
3474
3480
3490
3504
3516
3520
3530
3534
3536
3624
3644
3650
3660
3670
3686
3716
3730
3734
3746
3754
3756
3764
3774
3776
3784
3790
3794
3800
3806
3826
3850
3870
3884
3890
3894
3900
3910
3924
3946
3966
3984
3994
4006
4024
4026
4034
4046
4056
4070
4080
4086
4114
4120
4124
4136
4140
4146
4154
4156
4170
4174
4176
4180
4184
4206
4226
4250
4260
4266
4294
4300
4310
4330
4336
4340
4364
4366
4370
4374
4384
4404
4410
4414
4444
4456
4474
4486
4496
4504
4510
4524
4530
4534
4540
4554
4566
4590
4600
4604
4606
4614
4616
4644
4650
4666
4700
4704
4716
4726
4734
4736
4754
4780
4784
4786
4794
4796
4834
4850
4876
4886
4894
4904
4910
4920
4936
4944
4954
4956
4990
5004
5014
5016
5030
5044
5054
5056
5076
5080
5086
5120
5126
5154
5170
5176
5180
5194
5200
5204
5226
5236
5246
5254
5256
5264
5294
5304
5314
5340
5344
5360
5370
5384
5404
5420
5424
5430
5446
5466
5474
5476
5486
5490
5500
5506
5510
5524
5536
5550
5560
5564
5566
5574
5584
5586
5590
5620
5656
5664
5700
5710
5724
5726
5734
5756
5760
5774
5804
5814
5824
5830
5834
5850
5856
5866
5874
5876
5880
5930
5944
5960
5964
5970
5984
5990
5996
6006
6010
6016
6030
6046
6060
6096
6110
6120
6126
6130
6134
6140
6156
6164
6166
6176
6190
6216
6220
6234
6236
6240
6254
6266
6306
6314
6340
6350
6360
6366
6400
6420
6434
6460
6480
6514
6530
6536
6540
6546
6550
6576
6590
6604
6614
6636
6646
6704
6710
6714
6724
6734
6764
6776
6780
6784
6786
6800
6806
6824
6826
6850
6854
6866
6874
6884
6910
6926
6930
6944
6956
6970
6980
6984
6990
6996
7010
7014
7016
7044
7050
7066
7100
7114
7130
7150
7160
7164
7190
7216
7240
7244
7260
7286
7304
7316
7326
7364
7384
7404
7410
7414
7420
7434
7456
7460
7466
7474
7490
7504
7516
7520
7524
7536
7550
7596
7604
7624
7656
7674
7716
7720
7734
7744
7754
7770
7774
7780
7796
7804
7806
7810
7820
7836
7854
7856
7864
7906
7910
7944
7946
7956
8014
8030
8034
8064
8080
8100
8114
8116
8174
8176
8180
8184
8194
8196
8206
8210
8226
8230
8254
8270
8290
8296
8304
8324
8350
8376
8386
8420
8424
8434
8454
8500
8540
8550
8554
8576
8584
8610
8626
8634
8656
8670
8680
8684
8694
8706
8720
8750
8760
8774
8784
8786
8790
8816
8846
8854
8876
8880
8894
8940
8964
8974
8976
8996
9000
9010
9016
9020
9024
9046
9054
9120
9124
9126
9154
9164
9180
9204
9214
9240
9246
9260
9266
9270
9276
9280
9294
9310
9314
9324
9336
9340
9356
9374
9386
9406
9424
9426
9434
9436
9460
9474
9476
9486
9494
9520
9530
9546
9554
9564
9596
9600
9630
9650
9666
9670
9696
9714
9724
9744
9760
9770
9786
9804
9806
9826
9844
9860
9874
9876
9880
9894
9896
9900
9904
9956
9970
9980
9986
9990
10006
10014
10016
10024
10050
10056
10074
10084
10086
10116
10126
10130
10150
10160
10166
10216
10240
10246
10256
10270
10276
10284
10294
10324
10326
10350
10360
10376
10384
10414
10416
10424
10426
10430
10490
10504
10506
10516
10520
10530
10550
10556
10560
10580
10594
10614
10634
10640
10654
10666
10674
10690
10700
10726
10734
10744
10764
10770
10780
10784
10790
10796
10804
10814
10836
10840
10844
10846
10854
10866
10890
10894
10896
10914
10936
10960
10966
10970
10984
11010
11024
11026
11034
11056
11074
11076
11096
11116
11130
11154
11170
11200
11204
11236
11244
11246
11256
11270
11286
11320
11330
11336
11346
11350
11364
11374
11400
11404
11416
11436
11456
11480
11514
11520
11560
11566
11586
11596
11600
11610
11626
11650
11674
11680
11720
11750
11766
11790
11800
11804
11810
11814
11816
11830
11866
11886
11894
11910
11924
11934
11946
11970
11980
11990
11996
12000
12014
12016
12024
12036
12060
12064
12084
12090
12094
12096
12120
12126
12140
12144
12154
12184
12194
12214
12224
12234
12256
12276
12294
12300
12314
12334
12336
12344
12354
12356
12360
12386
12390
12396
12404
12416
12434
12450
12454
12460
12484
12486
12490
12506
12546
12564
12570
12590
12614
12620
12624
12630
12634
12636
12684
12694
12710
12724
12730
12744
12756
12764
12766
12776
12816
12820
12844
12854
12874
12876
12880
12896
12910
12920
12926
12964
12970
12986
13056
13064
13066
13076
13090
13100
13106
13110
13130
13136
13180
13224
13246
13254
13266
13274
13284
13286
13310
13336
13344
13350
13360
13376
13390
13394
13420
13430
13436
13466
13490
13506
13516
13520
13534
13546
13550
13576
13620
13650
13656
13660
13666
13674
13680
13686
13724
13754
13756
13786
13806
13820
13830
13846
13854
13870
13880
13886
13900
13924
13940
13964
13984
13994
14000
14010
14016
14020
14026
14034
14036
14040
14086
14104
14120
14144
14156
14166
14180
14186
14190
14194
14196
14200
14210
14220
14226
14264
14270
14290
14294
14330
14356
14374
14380
14406
14410
14414
14426
14466
14476
14484
14486
14494
14496
14504
14506
14544
14550
14560
14566
14576
14580
14606
14634
14636
14660
14674
14694
14714
14716
14746
14774
14790
14814
14824
14826
14850
14886
14914
14926
14936
14940
14950
14996
15030
15050
15070
15074
15080
15086
15104
15106
15130
15156
15174
15180
15186
15196
15204
15210
15214
15224
15226
15246
15256
15260
15264
15310
15314
15320
15326
15346
15370
15394
15464
15470
15476
15480
15510
15516
15524
15536
15550
15560
15570
15580
15584
15586
15624
15640
15646
15654
15656
15664
15674
15676
15680
15710
15716
15726
15740
15744
15754
15784
15796
15804
15820
15844
15856
15890
15896
15914
15924
15936
15944
15954
15980
16000
16004
16026
16030
16046
16084
16110
16116
16130
16134
16156
16184
16220
16224
16226
16230
16240
16244
16250
16254
16260
16296
16304
16314
16330
16364
16374
16380
16394
16396
16404
16406
16416
16436
16446
16500
16510
16530
16536
16590
16620
16636
16640
16650
16676
16704
16720
16734
16740
16746
16754
16770
16780
16784
16790
16794
16816
16846
16854
16864
16870
16880
16896
16904
16906
16914
16926
16950
16954
16966
16974
16994
17000
17010
17020
17060
17070
17086
17124
17136
17150
17164
17184
17196
17216
17254
17264
17294
17306
17316
17320
17326
17346
17356
17366
17394
17406
17424
17426
17450
17466
17510
17524
17550
17570
17590
17600
17604
17614
17634
17654
17670
17674
17686
17690
17694
17696
17704
17720
17764
17796
17804
17810
17824
17830
17850
17856
17860
17886
17890
17904
17930
17936
17940
17946
17950
17954
17964
17986
17996
18014
18034
18040
18046
18054
18060
18066
18070
18076
18080
18094
18100
18120
18144
18146
18164
18174
18176
18196
18216
18230
18274
18276
18280
18290
18320
18324
18326
18334
18344
18360
18366
18376
18384
18386
18396
18406
18410
18430
18444
18450
18464
18480
18486
18524
18540
18566
18576
18584
18586
18600
18610
18620
18644
18666
18674
18684
18694
18700
18706
18720
18740
18760
18794
18814
18830
18844
18854
18940
18966
18970
18980
18984
18994
18996
19000
19016
19030
19046
19054
19060
19084
19100
19120
19124
19130
19136
19140
19150
19166
19194
19224
19230
19236
19254
19276
19290
19294
19304
19324
19334
19340
19364
19370
19380
19400
19416
19420
19434
19446
19454
19480
19490
19494
19506
19510
19524
19536
19556
19576
19600
19620
19626
19634
19636
19666
19706
19736
19740
19780
19796
19800
19844
19870
19874
19896
19904
19916
19926
19930
19944
19946
19966
19984
19990
19994
20014
20026
20036
20066
20076
20086
20096
20100
20104
20120
20136
20146
20156
20160
20164
20186
20206
20214
20240
20244
20250
20256
20266
20280
20300
20306
20354
20364
20374
20380
20384
20400
20406
20414
20440
20476
20484
20500
20514
20536
20556
20564
20590
20596
20616
20620
20624
20630
20644
20654
20656
20670
20684
20706
20734
20750
20754
20760
20814
20824
20830
20864
20884
20944
20954
20976
20980
20986
20994
21006
21020
21030
21040
21054
21080
21086
21134
21136
21140
21176
21180
21204
21210
21226
21236
21256
21264
21266
21294
21296
21310
21344
21346
21350
21374
21376
21384
21386
21410
21426
21436
21446
21456
21460
21464
21474
21486
21514
21550
21554
21566
21570
21576
21600
21606
21636
21664
21714
21726
21736
21776
21784
21804
21810
21814
21830
21840
21856
21870
21880
21886
21894
21896
21906
21914
21916
21924
21930
21940
21954
21956
21964
21980
21986
21990
21996
22034
22044
22054
22060
22074
22116
22136
22150
22156
22166
22174
22180
22204
22214
22234
22250
22256
22270
22296
22310
22314
22340
22344
22346
22350
22356
22366
22414
22424
22450
22460
22466
22474
22480
22486
22494
22510
22536
22540
22544
22556
22616
22624
22626
22630
22656
22686
22694
22700
22704
22726
22766
22780
22790
22796
22804
22830
22834
22850
22854
22856
22884
22890
22900
22904
22906
22930
22960
22964
22974
22984
23016
23036
23046
23060
23084
23086
23100
23110
23120
23134
23136
23140
23144
23160
23164
23166
23176
23186
23194
23224
23266
23274
23300
23306
23324
23326
23334
23336
23370
23384
23394
23414
23424
23436
23440
23446
23466
23476
23510
23546
23550
23556
23576
23604
23650
23656
23670
23684
23696
23716
23726
23766
23776
23784
23786
23790
23806
23814
23816
23854
23866
23874
23890
23900
23914
23916
23930
23934
23936
23944
23946
23950
23960
24004
24014
24030
24050
24060
24066
24070
24086
24096
24124
24134
24156
24176
24184
24196
24234
24260
24270
24284
24324
24326
24356
24364
24366
24384
24434
24440
24444
24446
24460
24470
24490
24494
24496
24524
24534
24556
24564
24590
24596
24600
24606
24674
24676
24700
24726
24730
24736
24794
24800
24804
24820
24844
24876
24906
24914
24924
24930
24936
24966
24974
24976
24980
24984
24996
25014
25024
25036
25090
25094
25100
25110
25120
25174
25180
25194
25200
25210
25216
25234
25236
25250
25256
25274
25296
25320
25324
25330
25346
25350
25380
25386
25434
25454
25460
25466
25480
25484
25494
25500
25510
25520
25546
25554
25556
25560
25594
25600
25614
25626
25676
25704
25714
25724
25736
25744
25754
25756
25786
25790
25806
25830
25854
25884
25886
25896
25900
25924
25934
25950
26016
26024
26050
26064
26066
26094
26100
26114
26120
26124
26134
26140
26144
26154
26160
26194
26224
26254
26256
26266
26274
26284
26296
26340
26366
26370
26374
26386
26416
26440
26466
26474
26480
26496
26500
26504
26506
26510
26534
26544
26604
26614
26644
26650
26656
26664
26670
26680
26714
26716
26730
26756
26770
26780
26810
26826
26836
26860
26874
26880
26886
26896
26904
26914
26926
26934
26936
26940
26984
26990
26994
27014
27024
27046
27064
27066
27070
27096
27116
27120
27124
27130
27140
27146
27150
27154
27160
27176
27184
27194
27210
27216
27220
27224
27236
27244
27250
27284
27286
27296
27314
27316
27324
27384
27436
27440
27450
27466
27470
27496
27514
27524
27560
27564
27606
27616
27626
27634
27676
27690
27704
27710
27726
27730
27780
27790
27796
27800
27804
27806
27810
27814
27820
27826
27836
27844
27856
27870
27874
27924
27934
27936
27950
27956
27964
27996
28000
28006
28016
28024
28030
28034
28044
28064
28086
28100
28146
28164
28170
28174
28180
28186
28204
28206
28230
28260
28294
28320
28330
28334
28356
28366
28380
28406
28414
28430
28444
28450
28470
28494
28500
28506
28510
28526
28550
28560
28580
28584
28600
28610
28626
28636
28654
28656
28684
28724
28730
28744
28746
28766
28770
28796
28810
28840
28850
28880
28886
28910
28924
28926
28934
28936
28960
28966
28994
29000
29004
29010
29016
29054
29080
29090
29094
29096
29114
29124
29126
29140
29146
29166
29184
29194
29196
29204
29234
29240
29250
29260
29264
29276
29296
29326
29334
29340
29350
29364
29366
29370
29386
29396
29400
29416
29430
29444
29464
29480
29486
29494
29500
29526
29556
29566
29586
29590
29600
29614
29620
29624
29630
29646
29666
29690
29706
29744
29750
29764
29770
29774
29794
29826
29850
29860
29864
29876
29894
29904
29914
29946
29956
30004
30006
30020
30034
30036
30066
30080
30096
30104
30130
30136
30140
30190
30200
30236
30254
30266
30270
30276
30296
30326
30340
30354
30356
30364
30384
30396
30416
30446
30466
30470
30476
30500
30534
30540
30580
30600
30626
30644
30676
30680
30696
30720
30726
30736
30796
30804
30806
30826
30830
30836
30850
30866
30886
30894
30904
30924
30934
30940
30954
30966
30986
30990
30994
30996
31014
31020
31024
31034
31040
31056
31064
31066
31096
31120
31146
31170
31176
31186
31190
31200
31214
31226
31230
31236
31254
31264
31306
31324
31354
31360
31380
31384
31434
31440
31460
31464
31466
31470
31474
31476
31484
31486
31500
31524
31536
31550
31570
31584
31614
31626
31640
31674
31710
31716
31730
31734
31744
31756
31776
31800
31804
31836
31844
31846
31850
31856
31860
31864
31870
31934
31944
31954
31966
31984
31986
31996
32026
32044
32064
32090
32096
32104
32106
32114
32116
32156
32164
32174
32186
32200
32216
32240
32250
32286
32290
32316
32320
32324
32334
32350
32356
32374
32384
32386
32394
32400
32426
32436
32450
32460
32484
32486
32496
32510
32514
32516
32530
32564
32590
32616
32634
32650
32656
32660
32676
32680
32730
32754
32756
32766
32774
32796
32834
32860
32864
32876
32886
32894
32904
32906
32946
32970
32974
33000
33004
33006
33026
33030
33036
33040
33050
33066
33070
33076
33100
33114
33150
33166
33176
33186
33190
33200
33204
33206
33226
33250
33270
33284
33286
33310
33326
33336
33344
33370
33374
33400
33414
33416
33434
33436
33440
33446
33450
33464
33484
33524
33530
33544
33550
33560
33564
33566
33604
33614
33616
33646
33650
33700
33706
33726
33736
33754
33794
33796
33806
33836
33900
33904
33906
33910
33924
33934
33954
34024
34036
34040
34044
34050
34070
34074
34086
34096
34124
34134
34160
34164
34170
34180
34186
34204
34220
34236
34240
34246
34270
34274
34280
34294
34300
34304
34346
34396
34400
34434
34456
34474
34496
34500
34504
34530
34544
34550
34560
34584
34594
34600
34606
34610
34630
34634
34646
34670
34694
34714
34716
34740
34760
34784
34816
34830
34836
34856
34864
34876
34886
34896
34946
34966
34974
34980
35000
35074
35096
35104
35106
35114
35124
35150
35154
35164
35176
35184
35190
35204
35214
35236
35244
35260
35266
35280
35320
35336
35370
35376
35386
35414
35416
35444
35460
35464
35470
35476
35486
35494
35504
35570
35596
35614
35644
35656
35660
35684
35686
35700
35710
35770
35790
35826
35850
35864
35876
35880
35916
35926
35930
35936
35956
35974
36004
36034
36056
36066
36074
36076
36084
36094
36114
36126
36134
36136
36140
36144
36150
36154
36164
36166
36170
36186
36216
36224
36244
36246
36260
36286
36310
36336
36344
36360
36364
36374
36380
36390
36394
36404
36416
36420
36426
36430
36446
36466
36474
36480
36500
36506
36516
36556
36566
36570
36594
36630
36640
36654
36660
36664
36674
36676
36684
36714
36734
36744
36764
36776
36800
36804
36810
36814
36820
36830
36870
36906
36924
36926
36940
36946
36960
36986
37004
37020
37026
37034
37044
37046
37060
37066
37100
37106
37116
37134
37140
37144
37150
37174
37186
37210
37230
37246
37254
37256
37274
37296
37300
37304
37310
37316
37326
37350
37384
37386
37390
37400
37410
37466
37470
37516
37534
37544
37550
37570
37576
37580
37584
37590
37594
37616
37624
37636
37646
37650
37680
37684
37686
37690
37694
37696
37720
37726
37730
37740
37756
37806
37824
37826
37836
37854
37876
37884
37904
37910
37924
37936
37946
37954
37960
37964
37970
37976
38034
38044
38090
38120
38146
38156
38216
38230
38250
38256
38266
38276
38310
38324
38330
38354
38360
38364
38366
38374
38376
38404
38406
38440
38470
38504
38506
38530
38544
38546
38556
38564
38574
38580
38610
38630
38646
38656
38664
38666
38700
38710
38714
38726
38740
38750
38760
38776
38780
38796
38804
38816
38854
38860
38864
38870
38890
38916
38920
38924
38950
38974
38984
39040
39054
39056
39074
39076
39114
39120
39136
39156
39170
39180
39186
39204
39236
39256
39270
39276
39284
39286
39290
39306
39350
39416
39420
39426
39430
39446
39454
39464
39490
39496
39500
39506
39514
39540
39566
39576
39624
39634
39636
39664
39676
39680
39686
39696
39704
39706
39714
39734
39756
39760
39770
39774
39790
39796
39846
39856
39890
39900
39924
39930
39936
39964
39994
40004
40010
40026
40030
40044
40054
40060
40094
40106
40140
40146
40154
40156
40170
40190
40234
40244
40246
40270
40290
40304
40306
40346
40350
40364
40420
40434
40436
40444
40450
40506
40510
40514
40536
40544
40556
40580
40584
40606
40614
40636
40644
40650
40654
40664
40680
40684
40696
40700
40710
40714
40740
40746
40756
40766
40790
40800
40810
40826
40846
40860
40896
40910
40914
40944
40976
40986
41006
41014
41030
41066
41070
41074
41116
41120
41130
41156
41160
41184
41210
41220
41234
41266
41290
41294
41326
41334
41346
41376
41386
41390
41404
41470
41480
41500
41506
41526
41550
41554
41560
41580
41590
41616
41626
41630
41636
41664
41694
41704
41716
41720
41736
41740
41746
41754
41760
41766
41776
41810
41814
41820
41834
41836
41846
41854
41866
41876
41906
41916
41924
41944
41950
41954
41970
42010
42030
42036
42056
42070
42074
42080
42090
42106
42114
42124
42136
42160
42176
42184
42194
42196
42204
42210
42274
42276
42304
42316
42340
42354
42356
42366
42380
42454
42474
42500
42520
42534
42540
42574
42600
42614
42624
42656
42664
42694
42696
42720
42724
42764
42790
42806
42820
42826
42846
42860
42876
42880
42884
42886
42890
42910
42924
42974
43004
43010
43050
43054
43056
43076
43084
43086
43114
43144
43146
43154
43180
43186
43196
43214
43216
43224
43234
43250
43270
43274
43276
43300
43310
43364
43374
43390
43394
43400
43426
43436
43446
43470
43474
43484
43544
43560
43590
43606
43616
43634
43664
43680
43710
43760
43764
43774
43780
43784
43790
43794
43800
43804
43810
43834
43840
43874
43886
43904
43934
43936
43946
43980
43990
43996
44030
44056
44100
44124
44144
44154
44160
44164
44174
44180
44190
44200
44206
44216
44224
44226
44290
44294
44314
44316
44334
44350
44354
44370
44410
44454
44456
44460
44464
44470
44500
44506
44514
44516
44526
44564
44566
44586
44600
44606
44654
44666
44670
44684
44694
44700
44720
44746
44756
44760
44786
44794
44800
44810
44820
44826
44840
44856
44866
44870
44896
44926
44940
44960
44964
44970
44990
45004
45034
45044
45064
45074
45084
45094
45104
45124
45140
45164
45166
45174
45176
45184
45204
45230
45236
45254
45264
45266
45270
45276
45304
45316
45320
45330
45350
45364
45366
45370
45470
45474
45480
45500
45510
45514
45526
45536
45566
45574
45580
45604
45614
45616
45636
45646
45650
45654
45686
45710
45714
45720
45740
45766
45770
45776
45784
45786
45810
45814
45824
45834
45850
45876
45894
45900
45914
45916
45920
45926
45946
45954
45984
46004
46016
46020
46024
46026
46030
46050
46056
46076
46086
46104
46124
46144
46160
46190
46200
46226
46230
46250
46274
46286
46290
46300
46316
46320
46326
46364
46370
46390
46394
46400
46426
46430
46486
46494
46520
46530
46546
46560
46570
46580
46590
46616
46634
46660
46666
46694
46696
46710
46734
46784
46786
46806
46816
46824
46826
46846
46850
46944
46960
46994
47004
47006
47010
47014
47024
47064
47074
47090
47096
47110
47116
47124
47126
47160
47170
47186
47190
47194
47216
47220
47226
47284
47330
47336
47356
47394
47396
47410
47420
47424
47444
47450
47466
47474
47500
47504
47540
47574
47594
47620
47634
47644
47684
47686
47694
47714
47720
47734
47760
47790
47794
47816
47820
47824
47826
47830
47840
47844
47846
47860
47866
47880
47886
47924
47950
47960
47980
48000
48006
48016
48024
48060
48064
48076
48096
48120
48130
48150
48164
48194
48214
48230
48256
48270
48296
48304
48314
48350
48356
48364
48370
48376
48396
48400
48410
48416
48436
48440
48460
48486
48496
48544
48554
48570
48574
48580
48584
48596
48600
48604
48610
48636
48640
48646
48660
48694
48700
48710
48714
48720
48744
48774
48780
48800
48856
48880
48886
48890
48900
48926
48960
48970
49000
49006
49030
49034
49046
49064
49084
49120
49136
49144
49176
49180
49186
49190
49224
49234
49244
49266
49280
49300
49306
49310
49316
49336
49374
49376
49400
49416
49446
49454
49476
49484
49506
49510
49524
49526
49530
49546
49550
49580
49596
49606
49624
49634
49654
49666
49680
49700
49736
49750
49754
49760
49766
49774
49784
49854
49864
49866
49890
49894
49900
49924
49930
49934
49936
49940
49946
50000
50014
50034
50040
50050
50056
50060
50080
50114
50126
50144
50160
50174
50206
50210
50220
50226
50236
50244
50280
50284
50304
50306
50310
50334
50346
50364
50366
50394
50404
50410
50424
50440
50444
50456
50464
50466
50504
50514
50550
50556
50560
50570
50574
50576
50594
50600
50620
50636
50694
50706
50710
50714
50720
50730
50736
50746
50756
50780
50784
50810
50814
50866
50876
50920
50934
50944
50950
50964
51006
51010
51014
51024
51034
51040
51060
51070
51084
51100
51130
51164
51196
51236
51244
51246
51266
51270
51304
51320
51326
51330
51340
51354
51356
51360
51386
51390
51396
51414
51444
51454
51456
51460
51470
51490
51494
51504
51526
51544
51554
51570
51606
51614
51630
51674
51704
51726
51734
51746
51780
51790
51796
51816
51824
51830
51834
51866
51920
51946
51950
51964
51974
51976
51984
51986
52000
52006
52030
52036
52040
52074
52080
52114
52124
52134
52180
52196
52206
52224
52236
52256
52260
52264
52274
52310
52316
52360
52374
52380
52406
52464
52496
52516
52520
52550
52556
52566
52586
52604
52624
52626
52634
52640
52644
52646
52650
52674
52686
52706
52714
52726
52740
52784
52794
52800
52804
52816
52834
52846
52860
52894
52896
52920
52936
52950
52974
53016
53026
53040
53046
53054
53066
53096
53114
53130
53150
53154
53166
53170
53194
53210
53220
53224
53234
53254
53260
53270
53276
53280
53284
53306
53320
53324
53340
53374
53404
53416
53420
53424
53450
53460
53476
53480
53494
53534
53556
53564
53574
53576
53636
53640
53650
53664
53670
53676
53680
53686
53694
53700
53736
53744
53756
53764
53780
53794
53796
53800
53806
53814
53820
53850
53856
53876
53914
53926
53930
53934
53936
53960
53966
54000
54060
54076
54080
54116
54130
54154
54156
54190
54194
54210
54216
54220
54224
54246
54250
54264
54284
54356
54364
54376
54440
54444
54456
54466
54476
54486
54496
54520
54524
54526
54534
54554
54586
54596
54614
54616
54630
54640
54684
54690
54714
54716
54724
54746
54776
54784
54806
54814
54830
54834
54836
54866
54896
54910
54936
54966
55004
55010
55040
55066
55070
55140
55166
55240
55250
55260
55270
55290
55334
55354
55360
55370
55374
55386
55396
55404
55444
55456
55470
55474
55486
55500
55510
55516
55520
55530
55534
55536
55556
55566
55640
55650
55664
55686
55706
55714
55720
55734
55800
55806
55834
55836
55844
55860
55886
55896
55916
55936
55940
55946
55966
56000
56004
56006
56026
56030
56046
56066
56076
56080
56084
56094
56124
56134
56136
56140
56154
56174
56180
56184
56186
56200
56224
56226
56250
56260
56264
56276
56286
56296
56304
56340
56374
56380
56390
56400
56404
56406
56420
56424
56430
56434
56440
56484
56486
56494
56500
56510
56514
56560
56564
56566
56600
56644
56660
56666
56676
56700
56706
56720
56734
56744
56760
56774
56836
56866
56884
56890
56904
56930
56936
57006
57020
57030
57064
57066
57086
57094
57106
57180
57214
57224
57230
57236
57246
57250
57264
57280
57300
57310
57324
57330
57336
57340
57346
57360
57380
57404
57406
57414
57420
57480
57486
57500
57544
57564
57574
57576
57590
57604
57610
57616
57644
57646
57674
57680
57684
57690
57700
57710
57730
57734
57750
57766
57824
57826
57836
57840
57890
57926
57950
57956
57986
57990
58026
58030
58060
58074
58116
58126
58140
58146
58156
58160
58176
58194
58216
58236
58250
58256
58294
58304
58346
58356
58384
58400
58410
58420
58424
58426
58460
58470
58486
58504
58514
58550
58564
58576
58656
58666
58670
58686
58704
58710
58730
58734
58770
58776
58780
58796
58814
58840
58864
58870
58874
58896
58914
58944
58964
58970
59006
59016
59024
59026
59034
59036
59066
59070
59104
59140
59144
59146
59200
59214
59234
59244
59250
59260
59276
59290
59294
59296
59306
59316
59320
59356
59370
59410
59420
59434
59446
59474
59476
59494
59510
59514
59516
59534
59544
59546
59570
59604
59616
59620
59654
59660
59684
59686
59690
59696
59706
59736
59750
59770
59804
59820
59824
59826
59846
59856
59866
59894
59900
59914
59916
59940
59950
59956
59996
60024
60030
60036
60050
60054
60064
60084
60110
60126
60136
60140
60144
60194
60200
60204
60226
60246
60280
60294
60324
60330
60350
60370
60386
60394
60420
60430
60444
60460
60476
60480
60534
60560
60570
60586
60596
60604
60620
60634
60646
60670
60710
60716
60726
60736
60740
60764
60774
60784
60790
60800
60820
60846
60860
60866
60870
60934
60940
60954
60974
60984
60996
61006
61076
61104
61106
61124
61126
61146
61164
61174
61180
61184
61206
61210
61224
61226
61234
61240
61254
61270
61310
61320
61350
61356
61364
61390
61396
61406
61454
61460
61466
61470
61480
61484
61490
61504
61540
61546
61590
61596
61610
61624
61630
61640
61674
61694
61704
61744
61746
61754
61756
61776
61790
61806
61856
61866
61900
61920
61946
61964
61970
61994
61996
62000
62036
62050
62056
62060
62066
62084
62094
62100
62110
62134
62136
62140
62160
62180
62186
62194
62196
62214
62244
62260
62264
62286
62290
62294
62364
62374
62380
62390
62400
62406
62416
62430
62436
62440
62466
62484
62506
62520
62526
62544
62554
62566
62580
62584
62604
62620
62634
62654
62656
62670
62674
62736
62750
62770
62774
62776
62786
62810
62854
62900
62910
62914
62916
62940
62984
62986
63004
63020
63044
63050
63106
63130
63140
63164
63166
63180
63184
63196
63200
63226
63256
63260
63280
63284
63294
63300
63310
63316
63330
63356
63404
63444
63454
63470
63476
63506
63534
63544
63546
63586
63590
63636
63660
63670
63674
63684
63704
63706
63710
63716
63724
63726
63766
63776
63790
63806
63820
63824
63834
63836
63844
63850
63866
63876
63884
63896
63944
63954
63956
63960
63966
63976
63996
64006
64034
64040
64050
64066
64076
64096
64106
64126
64166
64184
64200
64210
64250
64294
64326
64346
64360
64364
64370
64376
64380
64390
64396
64404
64424
64440
64464
64480
64496
64500
64506
64510
64516
64520
64530
64544
64586
64594
64616
64626
64634
64640
64660
64684
64686
64704
64720
64726
64746
64750
64760
64770
64776
64786
64790
64806
64840
64844
64864
64866
64874
64880
64896
64926
64950
64984
65020
65036
65066
65084
65090
65094
65104
65110
65130
65136
65150
65156
65170
65176
65210
65214
65244
65254
65264
65270
65290
65300
65334
65350
65364
65366
65374
65380
65396
65426
65440
65466
65500
65504
65506
65520
65524
65534
65540
65546
65560
65566
65630
65636
65646
65664
65666
65670
65674
65676
65680
65724
65730
65740
65756
65764
65790
65834
65836
65846
65870
65884
65906
65910
65924
65974
65984
66000
66026
66030
66034
66056
66086
66094
66106
66140
66146
66164
66216
66254
66324
66376
66380
66390
66394
66416
66424
66426
66430
66434
66484
66486
66496
66506
66536
66560
66584
66590
66614
66624
66660
66664
66674
66690
66696
66700
66706
66726
66736
66744
66764
66774
66800
66820
66824
66846
66860
66870
66876
66884
66900
66904
66930
66996
67000
67004
67016
67034
67040
67064
67066
67076
67080
67096
67116
67130
67160
67164
67184
67194
67200
67226
67246
67264
67266
67274
67314
67330
67336
67356
67364
67370
67380
67414
67430
67440
67464
67484
67506
67510
67546
67564
67580
67584
67586
67590
67594
67624
67636
67646
67666
67710
67730
67740
67750
67770
67776
67780
67786
67830
67850
67876
67884
67914
67924
67934
67944
67954
67966
67974
67980
68006
68020
68036
68040
68044
68054
68056
68070
68094
68130
68134
68144
68170
68186
68204
68236
68240
68250
68280
68290
68304
68306
68314
68316
68324
68354
68360
68384
68390
68396
68406
68410
68430
68436
68454
68470
68474
68484
68516
68534
68536
68550
68560
68566
68590
68620
68624
68640
68656
68686
68694
68696
68724
68730
68734
68754
68784
68806
68810
68816
68836
68864
68876
68884
68886
68890
68894
68904
68924
68984
69000
69006
69014
69034
69044
69046
69056
69060
69130
69150
69156
69164
69170
69174
69214
69244
69260
69316
69370
69384
69410
69440
69476
69524
69536
69540
69550
69556
69600
69604
69606
69630
69634
69644
69654
69656
69690
69694
69716
69720
69800
69846
69860
69890
69910
69926
69944
69946
69950
69966
70006
70014
70016
70040
70086
70094
70106
70124
70136
70150
70164
70170
70184
70190
70194
70204
70210
70230
70236
70246
70254
70266
70290
70304
70310
70320
70330
70334
70360
70386
70394
70420
70430
70464
70474
70476
70500
70506
70514
70534
70544
70550
70600
70604
70606
70616
70630
70674
70680
70684
70696
70704
70706
70740
70744
70756
70776
70796
70800
70844
70846
70854
70890
70896
70930
70950
70970
70986
71006
71036
71070
71074
71080
71100
71104
71130
71134
71164
71184
71214
71230
71240
71246
71276
71286
71304
71334
71350
71366
71380
71384
71426
71434
71436
71484
71486
71496
71500
71516
71530
71550
71604
71610
71616
71650
71654
71660
71666
71680
71696
71706
71746
71750
71760
71764
71776
71790
71796
71806
71834
71836
71840
71854
71894
71910
71916
71926
71956
71980
71994
72026
72036
72040
72044
72060
72074
72094
72120
72126
72130
72134
72136
72154
72166
72176
72180
72196
72204
72240
72260
72264
72276
72286
72290
72320
72330
72346
72380
72386
72400
72404
72410
72426
72460
72464
72476
72494
72504
72524
72530
72544
72556
72606
72614
72616
72624
72646
72650
72656
72660
72690
72694
72750
72794
72806
72814
72826
72830
72850
72854
72874
72914
72936
72950
72956
72986
72996
73020
73040
73050
73060
73074
73076
73080
73084
73136
73140
73166
73174
73204
73210
73220
73236
73244
73280
73290
73294
73304
73314
73320
73344
73360
73374
73384
73396
73400
73420
73424
73454
73456
73496
73506
73514
73526
73540
73544
73554
73560
73566
73576
73584
73610
73620
73634
73654
73670
73694
73734
73756
73800
73816
73820
73854
73866
73870
73876
73894
73896
73934
73940
73944
73960
73970
73984
74016
74024
74026
74034
74050
74094
74114
74146
74174
74180
74204
74210
74220
74236
74240
74250
74266
74306
74314
74330
74340
74350
74380
74384
74434
74486
74494
74500
74526
74536
74540
74554
74556
74564
74580
74590
74604
74624
74630
74636
74674
74676
74686
74740
74780
74790
74800
74824
74840
74860
74876
74884
74886
74896
74920
74994
75004
75010
75014
75016
75020
75026
75036
75084
75086
75126
75164
75186
75196
75220
75266
75270
75274
75276
75316
75334
75384
75406
75410
75420
75426
75430
75440
75464
75466
75494
75526
75530
75546
75550
75580
75624
75630
75656
75670
75700
75710
75744
75774
75784
75786
75796
75804
75830
75836
75846
75864
75880
75894
75914
75920
75944
75950
75974
75976
76010
76060
76074
76076
76086
76090
76100
76104
76116
76126
76134
76176
76180
76216
76246
76254
76270
76284
76286
76294
76296
76306
76320
76324
76336
76356
76384
76400
76410
76416
76426
76430
76440
76454
76464
76494
76520
76534
76580
76586
76624
76634
76646
76650
76654
76680
76686
76690
76694
76706
76724
76726
76730
76756
76764
76790
76800
76826
76834
76850
76854
76856
76924
76934
76936
76960
76964
76974
77010
77024
77044
77076
77104
77106
77110
77126
77136
77140
77156
77196
77220
77256
77284
77364
77374
77416
77430
77434
77450
77454
77460
77486
77536
77544
77560
77570
77580
77590
77594
77596
77624
77634
77690
77710
77714
77724
77726
77746
77776
77804
77806
77840
77846
77866
77876
77896
77910
77960
78050
78106
78110
78124
78134
78154
78180
78206
78220
78236
78240
78250
78266
78280
78284
78310
78334
78336
78384
78394
78406
78426
78456
78474
78484
78490
78494
78514
78530
78540
78574
78584
78586
78596
78614
78620
78624
78650
78664
78666
78690
78696
78704
78734
78744
78750
78764
78766
78780
78800
78830
78836
78844
78854
78860
78870
78874
78900
78914
78920
78930
78990
78994
79024
79040
79044
79050
79056
79064
79094
79104
79150
79184
79200
79206
79220
79234
79236
79246
79254
79280
79290
79294
79296
79300
79304
79366
79374
79380
79400
79410
79416
79444
79446
79450
79456
79460
79480
79486
79510
79514
79520
79536
79550
79554
79566
79584
79586
79596
79614
79626
79664
79690
79720
79774
79804
79806
79824
79856
79874
79884
79910
79934
79946
79966
79980
79986
79990
80004
80024
80026
80044
80050
80056
80070
80094
80130
80154
80174
80194
80196
80216
80224
80234
80240
80266
80286
80290
80330
80334
80340
80360
80364
80394
80396
80454
80476
80496
80534
80560
80624
80646
80664
80676
80680
80684
80694
80706
80710
80770
80794
80796
80834
80844
80866
80870
80880
80886
80906
80914
80960
80974
80976
80986
81000
81030
81074
81106
81116
81136
81140
81144
81146
81160
81170
81174
81176
81200
81240
81244
81254
81296
81314
81326
81330
81344
81350
81364
81370
81374
81384
81404
81436
81464
81470
81500
81504
81520
81524
81526
81550
81566
81584
81600
81610
81626
81636
81644
81744
81754
81760
81780
81844
81874
81880
81896
81904
81946
81980
82020
82030
82036
82094
82096
82154
82170
82184
82186
82210
82254
82264
82304
82346
82354
82366
82384
82404
82410
82440
82466
82470
82496
82520
82526
82564
82576
82630
82670
82674
82676
82686
82690
82694
82700
82704
82730
82734
82846
82850
82856
82864
82890
82944
82946
82996
83004
83006
83046
83056
83086
83090
83094
83124
83136
83144
83150
83206
83210
83224
83250
83274
83290
83294
83310
83316
83326
83354
83360
83380
83386
83410
83420
83430
83446
83454
83456
83464
83476
83486
83490
83550
83564
83584
83600
83606
83616
83640
83720
83726
83756
83800
83826
83834
83890
83906
83926
83954
83964
84020
84026
84060
84104
84136
84140
84156
84166
84176
84186
84220
84234
84236
84296
84314
84340
84370
84376
84380
84390
84416
84420
84424
84450
84470
84476
84480
84484
84500
84506
84524
84530
84536
84550
84556
84564
84590
84620
84626
84644
84684
84704
84720
84730
84734
84744
84746
84760
84774
84786
84790
84816
84824
84836
84854
84880
84890
84904
84914
84930
84964
84980
85010
85014
85024
85026
85034
85046
85056
85100
85124
85126
85146
85150
85154
85160
85170
85204
85216
85244
85260
85274
85280
85284
85286
85294
85326
85374
85386
85396
85400
85416
85500
85516
85546
85554
85560
85586
85604
85606
85614
85630
85646
85666
85670
85674
85680
85696
85700
85706
85764
85806
85850
85856
85876
85916
85946
85950
85976
86010
86020
86054
86070
86076
86080
86106
86134
86140
86144
86154
86184
86236
86246
86266
86284
86294
86306
86310
86324
86366
86370
86384
86394
86450
86454
86476
86496
86504
86506
86514
86530
86540
86544
86550
86554
86564
86566
86584
86600
86604
86634
86644
86690
86714
86736
86746
86750
86790
86800
86804
86816
86826
86836
86846
86876
86886
86904
86920
86924
86940
86966
86980
86986
86994
87000
87050
87064
87086
87096
87100
87106
87110
87126
87130
87140
87156
87164
87174
87184
87194
87224
87250
87266
87284
87296
87304
87324
87346
87366
87370
87426
87436
87440
87460
87466
87496
87530
87556
87584
87594
87596
87616
87620
87636
87644
87670
87704
87714
87726
87740
87744
87746
87764
87796
87834
87850
87864
87870
87884
87926
87934
87956
87986
87990
88004
88014
88016
88046
88060
88074
88110
88170
88186
88196
88204
88216
88220
88224
88290
88300
88316
88324
88344
88384
88394
88406
88410
88414
88416
88420
88440
88450
88456
88474
88476
88484
88514
88524
88530
88534
88536
88544
88570
88596
88606
88614
88620
88630
88666
88724
88740
88754
88780
88784
88790
88796
88816
88826
88840
88854
88936
88956
88994
88996
89000
89004
89026
89036
89040
89060
89064
89124
89126
89154
89156
89190
89206
89236
89244
89260
89300
89310
89316
89340
89374
89394
89400
89404
89426
89446
89464
89490
89504
89514
89524
89530
89554
89556
89566
89580
89584
89590
89634
89636
89670
89700
89710
89726
89750
89774
89780
89814
89834
89870
89884
89886
89910
89936
89940
89944
89984
90006
90010
90014
90016
90054
90060
90066
90080
90094
90100
90114
90140
90190
90204
90214
90220
90224
90244
90296
90324
90340
90344
90354
90364
90366
90374
90380
90400
90424
90450
90476
90484
90490
90510
90534
90556
90586
90650
90684
90690
90704
90714
90720
90790
90820
90856
90864
90884
90900
90936
90974
90986
90996
91010
91036
91050
91066
91074
91076
91094
91104
91110
91140
91154
91160
91166
91186
91194
91220
91244
91256
91270
91274
91276
91284
91334
91344
91360
91364
91400
91474
91494
91500
91506
91520
91534
91556
91620
91640
91646
91650
91656
91700
91706
91724
91730
91764
91780
91806
91810
91820
91844
91846
91856
91874
91926
91960
92010
92014
92020
92040
92056
92066
92096
92104
92154
92156
92166
92184
92216
92220
92234
92260
92270
92276
92286
92294
92316
92326
92354
92384
92456
92460
92466
92470
92496
92524
92530
92534
92540
92550
92584
92600
92606
92624
92626
92640
92650
92666
92684
92686
92736
92740
92766
92794
92796
92820
92836
92844
92866
92896
92900
92920
92934
92946
92974
92980
92996
93026
93066
93116
93126
93134
93174
93180
93200
93214
93220
93264
93294
93324
93330
93376
93386
93390
93404
93424
93434
93454
93460
93474
93480
93506
93580
93584
93610
93650
93654
93656
93704
93706
93710
93720
93726
93730
93736
93744
93750
93766
93784
93796
93820
93906
93934
93944
93954
93960
93964
93994
94020
94080
94084
94090
94130
94136
94160
94170
94174
94200
94224
94230
94246
94280
94304
94314
94330
94386
94400
94404
94410
94426
94444
94460
94464
94474
94506
94534
94564
94590
94614
94634
94664
94680
94764
94766
94776
94780
94790
94810
94880
94894
94896
94914
94916
94926
94954
94976
95036
95046
95056
95066
95130
95134
95156
95160
95174
95184
95226
95236
95240
95250
95270
95280
95284
95300
95310
95320
95330
95336
95346
95356
95394
95410
95414
95424
95436
95460
95474
95496
95524
95534
95546
95564
95566
95574
95586
95634
95640
95650
95660
95694
95700
95716
95734
95736
95754
95760
95764
95784
95790
95830
95834
95866
95914
95916
95924
95930
95946
95956
95970
95980
95994
96016
96024
96030
96034
96044
96084
96096
96106
96124
96164
96170
96180
96200
96230
96240
96294
96306
96316
96320
96340
96346
96356
96366
96434
96444
96450
96474
96476
96480
96514
96526
96540
96554
96570
96580
96584
96586
96610
96626
96656
96664
96694
96704
96706
96720
96750
96770
96776
96804
96820
96824
96834
96850
96880
96900
96916
96924
96954
96966
96984
96996
97000
97004
97016
97026
97034
97070
97124
97150
97186
97194
97200
97214
97224
97226
97240
97260
97266
97276
97286
97290
97314
97320
97334
97344
97356
97364
97396
97420
97424
97476
97480
97484
97494
97554
97590
97594
97606
97620
97654
97670
97704
97710
97714
97736
97744
97766
97786
97790
97826
97836
97844
97850
97860
97870
97884
97886
97930
97964
97966
97990
98014
98036
98046
98050
98070
98100
98136
98140
98144
98170
98174
98224
98226
98244
98250
98276
98284
98294
98320
98326
98334
98346
98354
98360
98374
98386
98396
98416
98420
98424
98430
98436
98446
98456
98464
98474
98516
98544
98556
98564
98580
98590
98616
98654
98676
98686
98726
98734
98736
98744
98750
98754
98780
98804
98826
98846
98866
98884
98894
98904
98926
98946
98956
98966
98986
99010
99020
99064
99194
99200
99206
99210
99230
99280
99300
99304
99320
99324
99340
99360
99370
99384
99396
99404
99426
99430
99436
99444
99466
99470
99474
99496
99534
99586
99600
99606
99626
99630
99664
99686
99720
99734
99766
99774
99790
99800
99804
99814
99834
99870
99876
99916
99924
99944
99960
99976
99984
99994
99996
100044
100064
100076
100080
100114
100166
100174
100226
100240
100244
100266
100324
100346
100354
100414
100416
100460
100480
100496
100506
100520
100530
100544
100554
100566
100570
100614
100616
100630
100666
100684
100686
100696
100726
100736
100750
100756
100764
100790
100824
100834
100860
100864
100870
100884
100886
100890
100904
100926
100956
100964
100970
100980
101014
101026
101030
101034
101036
101100
101116
101144
101190
101194
101204
101234
101254
101264
101270
101286
101296
101336
101344
101354
101380
101390
101400
101436
101500
101504
101506
101550
101584
101586
101606
101614
101620
101640
101650
101654
101710
101734
101736
101740
101774
101784
101796
101816
101846
101880
101906
101916
101924
101926
101930
101940
101944
102014
102046
102070
102080
102090
102096
102104
102116
102124
102130
102156
102160
102196
102220
102226
102254
102264
102290
102340
102346
102356
102360
102364
102394
102400
102420
102456
102460
102486
102520
102524
102534
102546
102554
102584
102586
102624
102680
102694
102700
102704
102720
102724
102736
102746
102750
102810
102824
102826
102834
102836
102876
102906
102910
102936
102980
103006
103060
103070
103080
103086
103090
103100
103114
103120
103146
103156
103164
103166
103196
103204
103210
103226
103246
103260
103300
103314
103340
103346
103350
103354
103376
103400
103430
103476
103494
103504
103510
103530
103556
103586
103624
103656
103664
103686
103690
103710
103714
103736
103770
103790
103794
103830
103854
103864
103876
103920
103936
103950
103954
103970
103974
103984
104000
104004
104076
104080
104084
104100
104106
104110
104114
104136
104154
104160
104184
104194
104196
104224
104236
104244
104264
104286
104306
104324
104340
104370
104406
104414
104416
104426
104430
104464
104480
104484
104506
104560
104566
104570
104574
104576
104596
104654
104660
104666
104674
104676
104714
104734
104770
104774
104786
104796
104810
104816
104820
104844
104854
104856
104890
104896
104900
104906
104946
104950
104964
104966
105014
105024
105034
105044
105080
105096
105120
105134
105146
105154
105176
105186
105190
105196
105206
105210
105216
105246
105250
105254
105274
105276
105280
105286
105306
105314
105380
105384
105400
105406
105446
105466
105496
105524
105550
105556
105570
105576
105650
105660
105680
105684
105704
105714
105720
105726
105774
105816
105840
105850
105856
105870
105964
105980
105996
106004
106006
106056
106064
106066
106086
106100
106116
106120
106126
106130
106146
106154
106156
106164
106174
106180
106200
106206
106234
106256
106284
106286
106310
106316
106324
106336
106340
106354
106364
106370
106380
106420
106440
106466
106490
106494
106496
106506
106510
106516
106520
106524
106546
106600
106604
106614
106636
106664
106676
106704
106706
106710
106724
106734
106740
106746
106780
106786
106846
106870
106880
106884
106890
106910
106914
106950
106954
106986
107004
107006
107054
107074
107116
107134
107150
107156
107186
107204
107250
107316
107386
107400
107430
107456
107460
107464
107480
107490
107506
107530
107564
107566
107574
107584
107586
107600
107604
107610
107624
107680
107690
107740
107744
107746
107756
107770
107796
107800
107816
107836
107854
107870
107874
107884
107906
107910
107914
107936
107974
108000
108006
108040
108050
108070
108094
108106
108134
108136
108146
108160
108166
108186
108206
108234
108244
108254
108280
108284
108296
108304
108306
108316
108370
108374
108380
108384
108394
108406
108410
108420
108426
108450
108486
108494
108526
108544
108554
108556
108560
108570
108576
108580
108624
108650
108674
108684
108690
108720
108734
108746
108754
108756
108780
108794
108810
108824
108826
108836
108840
108850
108866
108876
108886
108894
108914
108916
108920
108950
108954
108956
108976
108990
109094
109106
109116
109154
109160
109164
109176
109184
109186
109190
109214
109216
109266
109276
109344
109354
109396
109430
109446
109456
109460
109470
109480
109490
109496
109540
109560
109564
109594
109616
109626
109636
109640
109644
109656
109710
109716
109734
109760
109794
109800
109820
109836
109866
109870
109876
109880
109890
109914
109944
109954
109996
110016
110034
110036
110046
110056
110086
110124
110134
110136
110226
110244
110290
110320
110366
110390
110396
110400
110424
110426
110480
110510
110524
110566
110574
110584
110614
110626
110630
110644
110646
110654
110660
110680
110720
110736
110756
110770
110790
110824
110834
110874
110876
110916
110926
110936
110940
110964
110984
111010
111016
111020
111026
111030
111044
111066
111076
111084
111086
111096
111100
111114
111124
111136
111166
111204
111226
111240
111250
111264
111266
111274
111276
111300
111304
111326
111356
111360
111370
111386
111400
111404
111426
111434
111466
111476
111484
111510
111534
111556
111564
111566
111576
111596
111606
111624
111650
111654
111670
111674
111676
111690
111710
111726
111744
111764
111806
111814
111850
111930
111940
111950
111954
111970
111994
112014
112040
112050
112056
112086
112090
112096
112114
112124
112134
112140
112150
112180
112186
112206
112210
112220
112256
112266
112280
112294
112344
112350
112376
112394
112444
112446
112464
112470
112480
112490
112516
112584
112594
112596
112606
112610
112616
112620
112644
112654
112660
112664
112674
112686
112690
112694
112704
112710
112784
112786
112794
112804
112826
112830
112846
112870
112906
112924
112954
112976
112994
113010
113016
113024
113070
113100
113120
113126
113154
113180
113194
113200
113234
113240
113246
113260
113276
113280
113294
113310
113346
113364
113400
113406
113470
113484
113490
113500
113544
113566
113570
113574
113626
113650
113656
113676
113724
113730
113770
113804
113840
113850
113860
113934
113936
113956
113990
113996
114004
114014
114024
114076
114110
114130
114136
114154
114160
114166
114180
114196
114206
114216
114294
114300
114354
114384
114390
114416
114430
114436
114500
114534
114580
114614
114636
114660
114684
114690
114700
114716
114734
114764
114790
114804
114806
114830
114864
114866
114884
114900
114926
114930
114946
115000
115004
115030
115044
115046
115056
115070
115090
115100
115104
115114
115144
115156
115164
115166
115170
115206
115270
115300
115330
115334
115336
115346
115356
115384
115410
115420
115430
115436
115444
115470
115486
115496
115516
115540
115550
115564
115576
115600
115610
115620
115624
115626
115636
115650
115654
115696
115724
115750
115784
115794
115820
115854
115856
115870
115880
115884
115906
115914
115920
115940
115946
115956
115960
115984
115986
116044
116054
116060
116096
116154
116156
116204
116214
116236
116246
116256
116274
116294
116304
116324
116340
116354
116366
116380
116404
116414
116416
116424
116456
116486
116506
116516
116520
116536
116586
116594
116620
116640
116660
116674
116686
116716
116720
116740
116790
116796
116844
116850
116856
116870
116874
116876
116884
116890
116906
116920
116976
116986
116996
117020
117026
117030
117080
117106
117120
117140
117144
117156
117180
117186
117220
117234
117246
117254
117260
117274
117276
117286
117290
117306
117316
117324
117354
117376
117386
117390
117394
117420
117454
117470
117494
117504
117516
117530
117550
117566
117570
117600
117604
117626
117650
117656
117664
117674
117700
117706
117714
117724
117734
117744
117750
117760
117766
117774
117800
117834
117836
117854
117890
117900
117910
117940
117946
117956
117986
118000
118016
118034
118056
118094
118116
118144
118166
118170
118196
118200
118210
118224
118264
118314
118346
118356
118374
118380
118420
118446
118454
118456
118544
118570
118590
118600
118610
118626
118654
118660
118684
118694
118700
118730
118740
118754
118780
118784
118814
118824
118836
118884
118904
118910
118914
118926
118930
118940
118954
118966
118976
119006
119026
119044
119056
119070
119076
119136
119164
119186
119194
119206
119210
119214
119216
119246
119250
119274
119304
119324
119334
119394
119420
119460
119466
119476
119484
119490
119520
119580
119614
119626
119640
119646
119654
119706
119714
119730
119784
119806
119814
119884
119924
119926
119936
119944
119964
119970
119974
119986
120000
120036
120046
120054
120066
120074
120090
120110
120146
120214
120226
120230
120236
120250
120264
120266
120270
120274
120286
120306
120314
120324
120334
120366
120380
120394
120406
120410
120416
120470
120474
120484
120504
120510
120514
120516
120546
120566
120600
120616
120624
120644
120664
120666
120694
120716
120720
120740
120750
120766
120770
120776
120780
120784
120846
120876
120880
120886
120894
120906
120924
120940
120946
120950
120964
120966
121014
121024
121030
121040
121050
121054
121060
121076
121086
121110
121130
121136
121166
121170
121186
121200
121224
121254
121270
121276
121286
121296
121336
121344
121346
121370
121374
121380
121394
121396
121404
121420
121434
121436
121456
121476
121484
121504
121510
121524
121530
121550
121566
121586
121600
121604
121606
121624
121634
121654
121666
121694
121700
121704
121710
121734
121774
121814
121856
121866
121874
121934
121936
121960
121970
121980
122040
122046
122060
122070
122076
122084
122086
122116
122144
122150
122170
122176
122184
122190
122204
122206
122210
122216
122256
122264
122324
122330
122340
122346
122350
122366
122384
122406
122466
122486
122514
122516
122524
122526
122534
122570
122580
122614
122616
122626
122646
122654
122666
122680
122684
122690
122694
122714
122724
122734
122756
122796
122864
122870
122896
122924
122944
122956
122980
122996
123004
123044
123054
123074
123086
123090
123134
123150
123156
123160
123166
123190
123234
123236
123244
123264
123276
123316
123340
123366
123380
123394
123434
123446
123486
123496
123510
123554
123576
123580
123630
123640
123656
123680
123684
123686
123710
123724
123736
123746
123766
123776
123800
123806
123840
123844
123850
123874
123896
123904
123914
123930
123936
123954
123970
124010
124020
124026
124044
124046
124060
124076
124086
124110
124114
124126
124160
124170
124174
124176
124216
124234
124244
124250
124254
124256
124264
124270
124320
124396
124406
124424
124434
124446
124460
124484
124500
124510
124530
124550
124556
124560
124564
124604
124616
124646
124660
124670
124700
124724
124736
124760
124796
124800
124814
124830
124840
124864
124866
124874
124900
124910
124934
124950
124960
124970
125010
125020
125024
125034
125064
125070
125080
125084
125086
125096
125114
125134
125136
125154
125174
125180
125194
125196
125206
125220
125270
125280
125284
125290
125296
125300
125304
125340
125360
125446
125450
125470
125476
125506
125516
125530
125544
125550
125560
125570
125576
125586
125594
125620
125636
125664
125670
125680
125716
125726
125730
125740
125760
125766
125774
125834
125840
125846
125860
125916
125924
125944
125950
125986
125994
125996
126026
126036
126060
126070
126074
126086
126100
126130
126180
126184
126224
126234
126270
126284
126294
126344
126356
126376
126406
126410
126424
126426
126444
126470
126504
126520
126554
126574
126584
126590
126596
126656
126730
126754
126760
126766
126796
126826
126840
126844
126874
126906
126910
126934
126946
126956
126996
127010
127030
127040
127046
127076
127084
127116
127136
127144
127146
127154
127160
127166
127176
127180
127220
127234
127246
127280
127306
127324
127376
127384
127406
127450
127464
127466
127474
127476
127514
127520
127526
127620
127664
127676
127680
127696
127710
127726
127740
127750
127790
127814
127816
127830
127854
127894
127910
127916
127934
127944
127976
128000
128004
128024
128030
128086
128104
128106
128154
128156
128166
128200
128246
128316
128334
128350
128420
128436
128440
128460
128464
128494
128506
128546
128554
128566
128590
128594
128610
128620
128624
128634
128636
128700
128716
128724
128736
128750
128756
128776
128814
128834
128836
128860
128870
128876
128884
128896
128934
128940
128950
128970
128986
129006
129024
129044
129054
129076
129086
129104
129116
129140
129180
129190
129206
129214
129250
129300
129320
129334
129336
129354
129414
129426
129460
129464
129466
129516
129530
129564
129616
129630
129666
129684
129690
129704
129720
129724
129726
129744
129760
129766
129770
129780
129824
129844
129854
129860
129866
129924
129936
129960
129984
130036
130074
130090
130110
130146
130210
130254
130260
130264
130276
130306
130316
130340
130364
130370
130380
130406
130416
130436
130444
130464
130466
130474
130484
130510
130566
130574
130600
130636
130646
130656
130670
130674
130714
130800
130806
130820
130830
130920
130924
130934
130946
130990
130994
131000
131014
131016
131026
131070
131080
131096
131106
131120
131180
131226
131246
131260
131284
131286
131296
131306
131320
131326
131336
131384
131436
131454
131456
131476
131480
131484
131486
131524
131534
131536
131574
131654
131670
131696
131700
131766
131770
131774
131784
131804
131820
131840
131870
131876
131910
131914
131920
131926
131934
131946
131960
131974
131990
132016
132034
132040
132066
132116
132156
132160
132164
132174
132180
132190
132204
132294
132304
132326
132336
132360
132386
132390
132414
132416
132446
132456
132496
132506
132546
132550
132554
132560
132590
132594
132606
132616
132640
132646
132650
132690
132700
132736
132744
132776
132796
132806
132810
132820
132830
132840
132844
132846
132854
132856
132870
132880
132914
132916
132950
132964
132974
132996
133010
133014
133044
133070
133074
133084
133100
133116
133134
133144
133170
133204
133224
133226
133240
133244
133260
133266
133270
133316
133326
133334
133350
133366
133370
133374
133380
133384
133394
133406
133426
133436
133456
133474
133496
133510
133516
133520
133536
133604
133630
133634
133654
133666
133670
133680
133686
133750
133764
133770
133780
133790
133796
133810
133816
133844
133850
133894
133900
133904
133924
133926
133940
133950
133980
134004
134040
134080
134104
134110
134114
134130
134164
134174
134180
134186
134206
134210
134214
134234
134240
134244
134260
134264
134276
134280
134286
134310
134314
134326
134346
134380
134410
134416
134426
134436
134446
134486
134496
134510
134540
134556
134560
134586
134596
134640
134654
134656
134680
134710
134720
134726
134730
134754
134770
134786
134790
134810
134816
134820
134830
134836
134876
134894
134900
134904
134930
134934
134936
134960
134964
134966
134980
134986
134990
135006
135016
135030
135054
135060
135066
135080
135106
135144
135160
135164
135190
135224
135230
135264
135280
135304
135356
135394
135396
135404
135480
135484
135526
135540
135560
135566
135570
135576
135600
135606
135640
135644
135654
135696
135726
135774
135794
135830
135840
135850
135886
135896
135900
135926
135930
135966
136020
136034
136036
136044
136084
136094
136096
136100
136104
136116
136120
136124
136156
136164
136176
136184
136190
136214
136220
136266
136306
136350
136356
136366
136374
136380
136386
136426
136434
136444
136460
136476
136490
136496
136500
136510
136516
136530
136546
136566
136576
136584
136630
136640
136666
136686
136706
136724
136736
136754
136760
136774
136836
136850
136864
136874
136886
136910
136920
136940
136964
136974
137004
137014
137040
137044
137074
137076
137114
137120
137130
137144
137146
137156
137164
137166
137176
137196
137206
137214
137224
137226
137230
137256
137266
137284
137290
137294
137316
137320
137336
137344
137380
137386
137394
137404
137436
137456
137474
137494
137514
137550
137576
137580
137590
137596
137606
137616
137620
137640
137650
137660
137676
137684
137686
137716
137746
137800
137814
137836
137850
137880
137894
137944
137946
137950
137954
137986
138020
138064
138074
138100
138116
138160
138166
138170
138174
138204
138236
138244
138256
138264
138266
138290
138296
138310
138324
138330
138356
138370
138404
138414
138426
138436
138474
138496
138514
138524
138540
138564
138566
138570
138576
138594
138604
138620
138626
138646
138700
138710
138774
138804
138810
138820
138834
138836
138844
138854
138856
138866
138870
138906
138924
138930
138950
138970
138976
138990
139006
139010
139036
139054
139086
139180
139194
139206
139244
139256
139280
139296
139320
139334
139400
139406
139416
139426
139454
139486
139500
139504
139516
139520
139544
139554
139556
139590
139616
139626
139700
139714
139724
139726
139730
139750
139756
139786
139800
139834
139876
139900
139904
139920
139934
139946
139956
139960
140004
140010
140030
140034
140064
140066
140086
140094
140100
140124
140126
140136
140146
140156
140180
140196
140234
140300
140320
140346
140360
140404
140414
140426
140440
140454
140504
140514
140530
140576
140584
140596
140610
140614
140624
140640
140646
140674
140676
140690
140710
140724
140726
140734
140750
140760
140770
140794
140800
140810
140830
140846
140864
140880
140916
140920
140924
140944
140966
140974
140996
141000
141074
141134
141140
141170
141180
141190
141196
141200
141234
141244
141270
141286
141304
141306
141310
141314
141320
141350
141356
141386
141394
141414
141424
141430
141440
141446
141456
141464
141514
141516
141524
141530
141554
141584
141616
141620
141676
141686
141694
141724
141730
141754
141820
141824
141834
141846
141930
141960
141970
141984
141990
142024
142034
142050
142064
142096
142110
142136
142174
142194
142206
142240
142276
142284
142300
142334
142340
142350
142356
142364
142376
142486
142500
142504
142534
142554
142594
142606
142616
142624
142640
142656
142674
142684
142700
142716
142720
142724
142744
142746
142754
142780
142816
142844
142850
142860
142886
142920
142926
142944
143030
143046
143054
143114
143124
143154
143220
143234
143240
143244
143260
143264
143284
143290
143296
143334
143404
143420
143444
143454
143456
143464
143490
143496
143506
143516
143524
143530
143536
143540
143560
143576
143584
143624
143634
143636
143650
143664
143674
143716
143726
143744
143780
143800
143806
143826
143830
143894
143896
143900
143916
143940
143966
143976
143984
144004
144030
144044
144046
144076
144086
144104
144140
144150
144166
144180
144186
144194
144210
144244
144250
144284
144304
144364
144406
144416
144430
144460
144484
144506
144514
144544
144546
144550
144556
144560
144576
144580
144644
144650
144670
144684
144686
144690
144696
144710
144740
144744
144794
144796
144816
144830
144834
144884
144900
144910
144950
144956
144970
144974
144976
144990
145004
145016
145030
145044
145050
145066
145080
145086
145100
145106
145110
145126
145136
145154
145156
145160
145164
145174
145180
145204
145206
145226
145236
145260
145266
145276
145290
145334
145350
145364
145376
145386
145406
145434
145440
145454
145480
145484
145494
145544
145554
145590
145610
145616
145620
145640
145646
145656
145666
145676
145704
145726
145734
145736
145770
145814
145820
145850
145874
145876
145936
145986
146004
146006
146016
146030
146040
146054
146080
146130
146134
146140
146176
146186
146194
146200
146234
146244
146266
146270
146280
146286
146290
146300
146324
146326
146334
146364
146386
146396
146436
146470
146486
146500
146516
146524
146530
146540
146560
146586
146614
146616
146626
146654
146704
146744
146760
146770
146820
146826
146846
146874
146904
146914
146916
146936
146950
146990
147000
147004
147010
147024
147036
147050
147056
147070
147086
147094
147104
147144
147146
147150
147154
147160
147164
147206
147234
147244
147260
147270
147280
147290
147306
147314
147336
147344
147356
147380
147384
147396
147406
147430
147436
147440
147460
147500
147504
147524
147526
147536
147576
147600
147606
147614
147634
147644
147664
147684
147744
147770
147780
147790
147804
147816
147820
147824
147826
147864
147876
147890
147916
147934
147976
147980
147986
147990
148014
148064
148106
148110
148116
148126
148160
148184
148186
148200
148214
148246
148254
148284
148314
148326
148386
148404
148444
148456
148484
148540
148554
148560
148566
148590
148594
148606
148614
148630
148640
148656
148680
148710
148726
148740
148760
148770
148786
148826
148830
148870
148930
148954
148980
149000
149004
149010
149054
149074
149080
149090
149100
149136
149140
149150
149160
149176
149194
149214
149220
149224
149234
149240
149244
149260
149266
149334
149350
149360
149374
149380
149386
149410
149424
149446
149496
149546
149556
149566
149580
149610
149614
149616
149620
149676
149680
149736
149754
149756
149760
149784
149786
149796
149810
149814
149824
149904
149906
149920
149980
150006
150014
150024
150026
150036
150040
150056
150070
150094
150124
150166
150180
150186
150190
150224
150240
150296
150306
150316
150360
150364
150370
150380
150394
150410
150414
150474
150484
150516
150524
150540
150546
150564
150594
150604
150606
150646
150654
150660
150664
150690
150700
150724
150750
150764
150770
150774
150784
150790
150824
150826
150856
150866
150906
150934
150940
150944
150946
150970
150984
150996
151004
151014
151034
151036
151056
151060
151070
151164
151166
151174
151180
151190
151196
151220
151274
151280
151290
151294
151316
151344
151350
151366
151374
151384
151394
151414
151456
151464
151470
151480
151514
151524
151554
151560
151564
151604
151654
151680
151700
151734
151756
151776
151784
151790
151816
151844
151864
151866
151876
151904
151920
151930
151956
151960
151980
151986
151994
152036
152090
152130
152194
152210
152220
152236
152250
152254
152260
152270
152280
152284
152294
152310
152314
152340
152364
152366
152370
152374
152386
152396
152424
152466
152476
152496
152514
152516
152566
152574
152584
152590
152600
152604
152606
152626
152640
152646
152650
152684
152686
152750
152764
152770
152774
152790
152814
152856
152864
152884
152896
152906
152910
152920
152944
152956
152974
152990
152994
153006
153024
153036
153040
153056
153076
153086
153104
153110
153120
153124
153136
153150
153180
153194
153206
153214
153220
153250
153256
153274
153294
153316
153320
153350
153410
153414
153436
153450
153490
153500
153520
153560
153566
153570
153586
153594
153634
153640
153644
153666
153680
153690
153714
153726
153750
153764
153774
153790
153796
153806
153816
153844
153856
153874
153884
153906
153910
153960
153970
153974
153976
153986
154030
154044
154054
154064
154066
154080
154100
154106
154124
154134
154150
154164
154170
154174
154180
154204
154206
154246
154270
154286
154290
154294
154316
154346
154376
154410
154414
154416
154426
154450
154480
154490
154554
154556
154570
154576
154586
154610
154634
154644
154650
154664
154690
154724
154750
154754
154776
154794
154816
154824
154936
154946
154980
154996
155066
155076
155086
155114
155120
155130
155156
155190
155224
155226
155230
155270
155286
155294
155300
155310
155314
155386
155396
155404
155430
155454
155456
155470
155474
155476
155484
155516
155526
155556
155574
155594
155596
155624
155636
155666
155694
155700
155714
155740
155746
155754
155786
155796
155824
155830
155840
155876
155880
155906
155910
155944
155976
155990
156004
156016
156020
156024
156026
156046
156054
156074
156106
156116
156144
156150
156176
156180
156246
156256
156270
156276
156290
156296
156306
156326
156360
156364
156384
156416
156436
156440
156446
156480
156510
156526
156534
156550
156610
156620
156654
156660
156700
156724
156760
156776
156780
156796
156854
156856
156870
156890
156900
156930
157020
157024
157040
157046
157054
157066
157070
157094
157114
157120
157150
157154
157156
157194
157210
157234
157294
157296
157304
157336
157354
157374
157384
157420
157436
157444
157454
157460
157470
157520
157524
157530
157534
157536
157544
157584
157610
157644
157676
157704
157706
157720
157740
157746
157794
157816
157844
157874
157886
157930
157936
157956
157990
158000
158006
158026
158034
158044
158080
158094
158100
158136
158170
158174
158180
158190
158196
158214
158216
158220
158230
158264
158290
158316
158336
158350
158380
158390
158396
158416
158420
158424
158446
158480
158486
158506
158544
158570
158574
158604
158610
158616
158630
158680
158694
158704
158710
158740
158744
158754
158786
158824
158830
158834
158836
158870
158876
158890
158910
158914
158934
158936
158950
158994
159000
159004
159036
159046
159066
159110
159146
159156
159196
159210
159214
159224
159236
159264
159300
159340
159350
159374
159444
159470
159494
159520
159534
159536
159564
159574
159576
159616
159630
159644
159656
159664
159670
159680
159690
159696
159714
159734
159750
159756
159766
159774
159780
159790
159794
159806
159816
159876
159900
159904
159914
159926
159930
159990
160006
160020
160036
160040
160044
160086
160104
160146
160164
160186
160206
160224
160244
160254
160270
160296
160316
160320
160326
160336
160346
160366
160396
160400
160410
160414
160436
160446
160456
160496
160520
160550
160564
160604
160616
160630
160640
160650
160656
160684
160716
160736
160760
160774
160800
160806
160820
160830
160840
160860
160886
160894
160910
160920
160930
160936
161006
161014
161024
161034
161046
161064
161070
161086
161106
161126
161134
161144
161176
161210
161226
161246
161250
161264
161276
161294
161304
161306
161324
161336
161340
161414
161420
161434
161444
161446
161454
161464
161466
161500
161506
161524
161540
161566
161570
161594
161630
161636
161656
161670
161710
161714
161720
161724
161740
161744
161756
161804
161820
161830
161860
161864
161876
161880
161896
161916
161940
161950
161956
161964
161974
162004
162036
162046
162060
162096
162100
162120
162130
162134
162136
162200
162250
162260
162290
162324
162364
162374
162406
162416
162464
162484
162494
162514
162520
162530
162546
162564
162566
162604
162614
162616
162654
162714
162750
162756
162764
162774
162790
162800
162810
162834
162850
162854
162866
162870
162906
162916
162940
162946
162990
163006
163020
163030
163056
163110
163114
163120
163124
163144
163150
163160
163254
163280
163304
163310
163320
163344
163364
163380
163416
163426
163446
163450
163464
163466
163484
163486
163516
163550
163556
163590
163596
163624
163644
163650
163660
163666
163676
163684
163720
163744
163760
163790
163826
163854
163914
163956
163966
163976
163980
163984
163994
164006
164010
164056
164060
164074
164090
164096
164116
164124
164134
164136
164144
164160
164170
164180
164206
164240
164254
164256
164264
164280
164290
164304
164306
164310
164314
164334
164336
164346
164366
164414
164424
164440
164444
164446
164474
164526
164554
164566
164576
164580
164594
164596
164630
164634
164636
164646
164660
164664
164670
164680
164690
164704
164714
164740
164746
164784
164830
164834
164844
164854
164876
164886
164890
164914
164916
164946
164956
164960
164980
164986
164996
165036
165064
165070
165094
165104
165106
165120
165146
165156
165166
165190
165206
165240
165324
165340
165350
165364
165366
165376
165410
165480
165484
165490
165514
165540
165566
165570
165620
165646
165666
165704
165710
165730
165736
165770
165774
165800
165806
165826
165830
165850
165864
165874
165876
165880
165886
165894
165896
165900
165910
165934
165954
165986
166004
166014
166020
166056
166064
166074
166076
166084
166090
166110
166126
166150
166156
166170
166180
166190
166220
166224
166244
166276
166294
166296
166316
166334
166350
166360
166370
166416
166424
166436
166440
166454
166484
166504
166514
166534
166546
166554
166586
166634
166636
166670
166700
166726
166734
166736
166750
166776
166780
166786
166806
166840
166866
166894
166934
166940
166960
166976
166986
167014
167050
167054
167060
167096
167104
167116
167164
167170
167180
167184
167186
167194
167196
167254
167264
167324
167326
167340
167350
167360
167426
167440
167466
167470
167540
167546
167570
167586
167606
167620
167626
167646
167660
167664
167680
167696
167714
167720
167736
167754
167766
167780
167816
167834
167836
167846
167856
167866
167914
167920
167924
167940
167966
167976
167984
167996
168036
168064
168080
168104
168110
168114
168120
168156
168164
168204
168226
168230
168274
168286
168294
168334
168340
168346
168350
168360
168366
168390
168416
168424
168426
168450
168456
168486
168496
168506
168520
168526
168544
168580
168586
168606
168614
168620
168626
168650
168686
168690
168716
168744
168760
168766
168770
168790
168804
168816
168824
168830
168846
168860
168866
168886
168894
168924
168926
168944
168946
168954
168964
168980
168986
169004
169016
169046
169054
169074
169104
169106
169130
169150
169156
169160
169166
169230
169234
169236
169270
169296
169336
169354
169364
169366
169394
169404
169420
169436
169470
169474
169484
169510
169514
169516
169536
169550
169556
169576
169594
169624
169644
169650
169674
169686
169730
169740
169756
169760
169764
169784
169786
169794
169810
169820
169830
169884
169890
169916
169930
169960
170016
170034
170056
170060
170096
170124
170130
170144
170146
170156
170196
170226
170246
170260
170286
170290
170314
170316
170320
170330
170394
170406
170414
170430
170444
170454
170460
170466
170494
170496
170536
170544
170546
170550
170556
170586
170596
170626
170640
170654
170686
170704
170716
170766
170790
170804
170830
170834
170840
170870
170896
170910
170926
170950
170960
170964
170976
171014
171034
171060
171074
171080
171100
171164
171196
171200
171224
171274
171276
171284
171310
171314
171336
171340
171354
171366
171370
171386
171396
171486
171506
171520
171546
171550
171564
171580
171586
171616
171620
171630
171654
171716
171724
171746
171794
171820
171824
171830
171846
171850
171864
171870
171876
171886
171890
171936
171940
171944
171950
171960
171980
171994
171996
172000
172006
172020
172054
172064
172096
172110
172116
172126
172136
172166
172170
172176
172184
172244
172264
172290
172356
172360
172370
172374
172390
172394
172406
172456
172490
172494
172510
172530
172550
172556
172576
172590
172610
172624
172630
172664
172666
172706
172740
172746
172754
172760
172766
172774
172790
172820
172844
172850
172854
172880
172904
172914
172926
172930
172940
172966
172984
173010
173020
173024
173034
173054
173066
173106
173130
173140
173146
173186
173210
173250
173254
173274
173284
173296
173304
173320
173330
173344
173416
173420
173424
173436
173474
173484
173486
173520
173530
173546
173550
173580
173586
173590
173624
173650
173680
173686
173706
173754
173760
173774
173794
173836
173874
173876
173884
173910
173924
173934
173936
173946
173956
173964
173966
173970
173994
174006
174030
174056
174080
174094
174100
174124
174126
174146
174160
174174
174204
174240
174250
174256
174274
174310
174326
174330
174334
174354
174386
174404
174430
174436
174444
174470
174480
174524
174540
174544
174564
174566
174630
174644
174656
174664
174666
174680
174704
174706
174726
174734
174750
174784
174814
174840
174846
174854
174860
174864
174886
174914
174944
174980
174984
175000
175006
175044
175084
175086
175094
175106
175134
175146
175176
175200
175224
175244
175256
175276
175280
175286
175320
175330
175340
175416
175424
175426
175434
175450
175454
175484
175500
175510
175516
175526
175550
175556
175564
175574
175590
175624
175644
175646
175654
175656
175696
175704
175714
175746
175754
175780
175790
175796
175800
175876
175880
175890
175914
175964
176010
176016
176024
176026
176050
176066
176084
176110
176120
176144
176146
176156
176166
176170
176196
176204
176206
176214
176224
176256
176264
176266
176284
176296
176330
176404
176416
176426
176434
176436
176450
176474
176500
176510
176530
176534
176554
176580
176590
176594
176640
176654
176684
176690
176710
176724
176746
176764
176784
176806
176840
176846
176876
176894
176916
176926
176956
176960
177010
177040
177064
177066
177074
177080
177090
177106
177140
177166
177190
177206
177214
177226
177296
177324
177326
177330
177360
177370
177386
177394
177404
177430
177466
177504
177506
177514
177524
177530
177534
177540
177554
177556
177566
177574
177576
177590
177600
177630
177660
177674
177694
177710
177716
177720
177776
177786
177800
177810
177846
177864
177866
177906
177914
177916
177934
177974
177980
178016
178026
178060
178090
178094
178116
178146
178150
178180
178184
178206
178210
178230
178240
178286
178294
178296
178306
178310
178330
178336
178340
178344
178350
178370
178384
178386
178424
178450
178510
178516
178520
178554
178566
178596
178614
178656
178720
178724
178726
178730
178740
178766
178770
178786
178814
178816
178840
178910
178970
178986
178994
179016
179020
179026
179030
179060
179066
179094
179100
179130
179134
179156
179180
179186
179194
179196
179224
179246
179254
179270
179274
179294
179300
179306
179344
179350
179394
179396
179404
179424
179446
179476
179500
179526
179546
179566
179586
179620
179674
179676
179684
179706
179716
179726
179734
179780
179784
179800
179854
179866
179880
179914
179930
179934
179946
179956
179984
180004
180050
180080
180086
180090
180096
180130
180134
180164
180166
180190
180206
180216
180236
180256
180274
180284
180290
180314
180320
180324
180326
180360
180404
180424
180436
180460
180490
180506
180516
180524
180560
180584
180590
180606
180634
180644
180650
180660
180676
180684
180690
180724
180726
180750
180766
180784
180810
180820
180826
180840
180844
180846
180896
180906
180920
180934
180950
180956
180964
180966
180970
181040
181050
181066
181070
181090
181094
181110
181116
181126
181136
181144
181166
181256
181266
181274
181276
181304
181310
181340
181370
181374
181430
181440
181444
181456
181460
181466
181500
181504
181506
181536
181554
181560
181574
181584
181604
181630
181634
181636
181646
181656
181660
181716
181746
181766
181796
181804
181806
181814
181854
181856
181864
181894
181910
181936
181944
181946
181970
181976
181986
182020
182024
182056
182094
182124
182136
182146
182150
182156
182170
182186
182204
182220
182240
182246
182250
182274
182276
182280
182296
182344
182366
182374
182386
182410
182494
182536
182560
182570
182574
182650
182716
182734
182744
182750
182784
182790
182794
182796
182846
182894
182914
182930
182940
182946
182976
182990
183004
183014
183020
183024
183054
183116
183124
183140
183150
183166
183174
183186
183200
183250
183254
183260
183270
183310
183356
183364
183394
183446
183470
183520
183534
183544
183550
183554
183576
183580
183584
183586
183626
183634
183636
183650
183654
183666
183670
183684
183686
183694
183700
183720
183764
183770
183826
183844
183856
183870
183886
183900
183920
183946
183950
183956
183960
183980
184014
184024
184030
184054
184056
184074
184076
184090
184110
184116
184126
184130
184144
184146
184184
184186
184194
184200
184230
184246
184256
184274
184314
184320
184324
184326
184330
184334
184354
184390
184424
184434
184474
184484
184494
184496
184524
184554
184584
184594
184596
184600
184610
184640
184654
184656
184674
184676
184694
184704
184706
184744
184746
184754
184756
184766
184810
184836
184864
184870
184876
184900
184924
184954
184980
185010
185016
185040
185104
185114
185130
185136
185170
185176
185184
185196
185200
185210
185214
185226
185230
185234
185256
185266
185286
185300
185316
185344
185350
185354
185366
185396
185404
185410
185416
185430
185436
185444
185454
185456
185464
185540
185550
185556
185566
185574
185604
185614
185626
185640
185654
185656
185694
185706
185714
185716
185724
185730
185750
185764
185766
185776
185784
185846
185910
185914
185966
185980
185990
186006
186014
186016
186020
186040
186054
186056
186170
186184
186186
186224
186236
186270
186280
186286
186300
186304
186306
186320
186330
186364
186370
186394
186404
186416
186430
186450
186476
186524
186526
186556
186564
186570
186580
186614
186626
186644
186706
186716
186720
186726
186730
186734
186736
186784
186794
186810
186814
186820
186824
186874
186876
186884
186900
186904
186944
186950
186960
186966
186990
187016
187024
187046
187070
187090
187110
187124
187146
187150
187170
187180
187184
187190
187196
187206
187240
187280
187304
187314
187330
187346
187366
187380
187394
187406
187414
187460
187470
187474
187534
187554
187630
187640
187644
187664
187674
187690
187704
187726
187750
187776
187794
187796
187804
187826
187834
187876
187896
187906
187944
187984
187996
188004
188010
188020
188034
188046
188054
188056
188060
188070
188080
188086
188100
188104
188134
188190
188224
188246
188260
188266
188270
188344
188350
188370
188374
188376
188416
188426
188470
188496
188504
188506
188520
188530
188564
188576
188610
188616
188624
188630
188640
188644
188656
188660
188666
188676
188724
188736
188770
188774
188786
188834
188870
188876
188926
188936
188954
188956
188966
188980
188984
189014
189030
189040
189094
189110
189130
189144
189196
189204
189216
189226
189230
189296
189330
189334
189344
189354
189374
189396
189404
189406
189424
189430
189460
189514
189530
189564
189566
189630
189640
189654
189666
189670
189686
189694
189746
189776
189786
189794
189796
189810
189820
189830
189856
189864
189866
189906
189914
189924
189936
189940
189950
189970
189986
190010
190040
190050
190060
190066
190076
190084
190096
190110
190114
190116
190140
190204
190210
190214
190236
190304
190306
190324
190340
190350
190356
190360
190414
190440
190444
190446
190480
190490
190504
190524
190526
190550
190560
190586
190596
190610
190620
190654
190656
190660
190686
190696
190706
190714
190734
190740
190756
190760
190786
190810
190814
190816
190820
190834
190844
190870
190886
190930
190934
190950
190954
190956
190966
190970
190976
190984
190994
190996
191026
191060
191090
191094
191100
191106
191130
191140
191150
191184
191200
191216
191226
191230
191236
191244
191250
191260
191266
191276
191286
191310
191320
191340
191376
191380
191396
191436
191476
191510
191516
191530
191556
191596
191606
191630
191636
191646
191674
191686
191704
191710
191720
191770
191786
191800
191804
191840
191854
191860
191874
191884
191896
191906
191970
191986
192000
192004
192010
192020
192030
192114
192150
192170
192190
192204
192230
192234
192244
192256
192280
192284
192290
192324
192326
192350
192354
192370
192380
192396
192400
192414
192430
192446
192530
192534
192550
192584
192594
192624
192634
192644
192646
192654
192666
192684
192724
192754
192760
192770
192786
192806
192830
192836
192856
192866
192870
192874
192880
192894
192904
192934
192936
192960
192976
192984
193020
193030
193050
193066
193106
193126
193144
193174
193190
193216
193234
193254
193284
193296
193316
193336
193340
193364
193376
193386
193394
193414
193416
193436
193514
193530
193560
193580
193594
193624
193636
193644
193646
193690
193714
193720
193750
193756
193774
193814
193820
193826
193836
193846
193860
193866
193894
193914
193924
193946
193956
193984
194050
194066
194086
194100
194106
194130
194146
194156
194190
194206
194210
194220
194250
194284
194304
194324
194376
194386
194406
194430
194460
194470
194474
194490
194496
194504
194526
194530
194570
194574
194584
194600
194616
194666
194704
194716
194726
194730
194734
194760
194794
194796
194806
194820
194844
194846
194856
194870
194890
194896
194916
194924
194954
194970
195014
195026
195036
195040
195056
195074
195080
195090
195094
195106
195120
195126
195134
195154
195160
195170
195184
195194
195196
195220
195244
195256
195270
195290
195306
195310
195316
195340
195350
195364
195384
195400
195406
195426
195474
195510
195534
195544
195560
195566
195584
195624
195626
195630
195644
195660
195676
195696
195726
195754
195770
195774
195800
195826
195846
195880
195896
195920
195926
195940
195956
195960
195966
195974
195990
196016
196026
196034
196044
196090
196114
196120
196134
196154
196160
196164
196174
196186
196196
196216
196234
196250
196294
196326
196336
196394
196410
196424
196430
196436
196446
196450
196454
196466
196486
196496
196506
196534
196564
196566
196576
196580
196590
196596
196606
196640
196650
196664
196670
196680
196726
196744
196746
196784
196800
196804
196810
196866
196870
196874
196884
196896
196904
196946
196970
197004
197030
197050
197100
197144
197184
197186
197206
197210
197240
197294
197314
197316
197326
197336
197350
197354
197370
197390
197414
197416
197430
197450
197460
197466
197480
197484
197496
197526
197564
197600
197616
197624
197626
197636
197656
197704
197746
197750
197754
197770
197780
197786
197810
197836
197840
197856
197866
197880
197890
197900
197924
197936
197940
197960
197996
198004
198010
198044
198064
198070
198094
198124
198146
198150
198160
198170
198204
198210
198220
198230
198234
198236
198254
198264
198280
198286
198306
198324
198364
198366
198384
198404
198446
198470
198486
198494
198500
198560
198574
198584
198594
198620
198670
198704
198706
198744
198746
198764
198766
198774
198776
198784
198816
198820
198846
198850
198854
198874
198880
198890
198914
198924
198940
198950
198954
198976
198990
198994
199000
199034
199076
199086
199096
199114
199124
199164
199170
199174
199180
199196
199224
199226
199240
199264
199280
199284
199290
199296
199306
199340
199344
199354
199366
199400
199426
199444
199494
199496
199514
199526
199540
199544
199554
199564
199614
199660
199710
199716
199820
199850
199864
199900
199904
199910
199926
199940
199956
199976
199994
200006
200056
200070
200074
200076
200080
200084
200096
200116
200180
200210
200214
200280
200316
200346
200354
200384
200420
200430
200466
200506
200516
200526
200544
200554
200564
200566
200580
200594
200614
200626
200644
200656
200666
200684
200690
200696
200720
200724
200730
200736
200744
200776
200804
200874
200906
200934
200964
200966
200986
201020
201026
201030
201034
201054
201060
201094
201100
201124
201150
201176
201204
201220
201236
201254
201256
201266
201270
201296
201314
201334
201366
201374
201376
201390
201396
201400
201406
201410
201444
201450
201474
201486
201500
201510
201520
201546
201550
201584
201600
201610
201614
201660
201666
201676
201680
201694
201696
201710
201740
201746
201750
201756
201814
201824
201836
201840
201850
201864
201884
201906
201914
201920
201970
201994
202020
202034
202036
202040
202044
202046
202050
202056
202074
202094
202096
202130
202146
202154
202156
202186
202190
202214
202240
202250
202260
202266
202274
202280
202294
202306
202334
202346
202354
202400
202404
202410
202424
202460
202476
202484
202516
202526
202540
202564
202634
202656
202666
202674
202686
202696
202720
202734
202750
202760
202770
202774
202796
202800
202810
202826
202876
202880
202884
202890
202906
202940
202966
203004
203006
203024
203030
203054
203056
203084
203090
203106
203114
203144
203150
203174
203176
203184
203190
203196
203236
203240
203270
203296
203300
203306
203344
203356
203374
203376
203386
203434
203436
203440
203454
203456
203496
203524
203526
203530
203540
203564
203566
203584
203586
203590
203594
203610
203636
203646
203660
203674
203686
203700
203706
203710
203726
203734
203736
203740
203746
203750
203774
203784
203830
203846
203850
203870
203890
203924
203944
203960
203990
204026
204046
204050
204104
204194
204204
204210
204226
204236
204250
204254
204256
204314
204334
204356
204374
204424
204436
204440
204470
204474
204484
204494
204596
204606
204620
204686
204714
204740
204746
204750
204760
204776
204780
204806
204814
204864
204870
204874
204906
204930
204934
204936
204944
204964
204994
205064
205086
205104
205116
205124
205136
205144
205146
205164
205170
205180
205206
205256
205264
205286
205300
205316
205324
205334
205350
205380
205386
205410
205414
205426
205440
205450
205456
205476
205510
205536
205580
205586
205596
205676
205690
205724
205736
205744
205754
205766
205784
205820
205836
205846
205894
205904
205916
205924
205926
205930
205940
205974
205994
206020
206056
206060
206066
206080
206114
206184
206190
206196
206204
206220
206226
206254
206256
206286
206300
206310
206314
206320
206334
206346
206356
206390
206404
206416
206420
206424
206430
206440
206450
206460
206476
206494
206516
206534
206560
206586
206606
206634
206646
206650
206684
206686
206704
206706
206726
206764
206790
206846
206850
206876
206884
206904
206924
206940
206944
206964
206966
206974
207016
207036
207080
207096
207116
207146
207156
207180
207184
207210
207240
207250
207266
207286
207300
207320
207326
207330
207344
207360
207386
207406
207414
207440
207456
207474
207476
207480
207500
207504
207534
207584
207590
207604
207616
207636
207720
207726
207734
207754
207764
207776
207844
207850
207854
207874
207900
207924
207926
207964
207970
207996
208010
208024
208064
208074
208130
208134
208136
208176
208180
208194
208224
208234
208236
208240
208250
208286
208300
208306
208344
208354
208374
208376
208466
208510
208514
208520
208536
208574
208584
208604
208610
208630
208716
208750
208786
208800
208810
208816
208820
208830
208844
208864
208874
208894
208906
208910
208924
208930
208940
208946
208950
208964
208966
208990
209004
209010
209024
209034
209066
209076
209134
209144
209146
209170
209176
209190
209224
209226
209234
209290
209336
209350
209366
209384
209390
209400
209420
209430
209434
209440
209454
209480
209494
209496
209514
209520
209530
209534
209570
209576
209584
209626
209634
209676
209680
209690
209694
209714
209720
209726
209766
209770
209814
209816
209820
209824
209830
209866
209884
209934
209936
209964
209990
210000
210106
210120
210136
210170
210190
210196
210214
210220
210230
210250
210266
210284
210290
210300
210316
210330
210350
210360
210364
210370
210390
210404
210414
210434
210466
210480
210510
210520
210550
210574
210584
210590
210594
210596
210604
210614
210620
210630
210636
210646
210650
210654
210656
210740
210750
210810
210824
210844
210850
210890
210916
210926
210944
210976
210996
211044
211104
211106
211114
211120
211126
211130
211150
211160
211214
211230
211234
211286
211296
211316
211324
211356
211396
211404
211434
211436
211444
211464
211490
211496
211524
211530
211550
211576
211590
211594
211604
211614
211636
211644
211650
211656
211690
211696
211704
211776
211796
211806
211846
211874
211880
211900
211906
211910
211914
211936
211954
211956
211974
211980
211990
212000
212010
212024
212034
212046
212066
212070
212080
212140
212146
212150
212170
212186
212196
212254
212264
212286
212296
212316
212346
212354
212370
212400
212406
212416
212434
212446
212456
212484
212486
212520
212536
212556
212586
212590
212624
212650
212654
212684
212686
212690
212704
212760
212784
212786
212800
212806
212824
212846
212860
212876
212886
212890
212894
212900
212926
212954
212956
212976
212996
213050
213054
213064
213066
213070
213110
213124
213180
213190
213204
213224
213240
213264
213276
213300
213304
213334
213340
213344
213356
213360
213366
213376
213386
213436
213464
213470
213540
213576
213580
213594
213614
213646
213654
213664
213690
213700
213714
213734
213736
213740
213746
213774
213786
213814
213826
213860
213870
213874
213900
213976
213980
214020
214056
214064
214074
214080
214116
214140
214146
214174
214190
214200
214210
214244
214266
214286
214294
214296
214314
214324
214334
214360
214364
214390
214396
214420
214444
214464
214474
214484
214500
214550
214556
214564
214566
214616
214624
214636
214640
214650
214676
214684
214686
214694
214724
214734
214750
214760
214764
214810
214824
214826
214860
214870
214886
214894
214896
214904
214940
214980
215000
215010
215026
215030
215034
215060
215100
215126
215144
215164
215174
215176
215180
215206
215230
215254
215274
215290
215306
215310
215374
215406
215416
215430
215434
215456
215466
215484
215514
215534
215536
215554
215560
215570
215594
215604
215606
215616
215620
215640
215644
215660
215664
215676
215684
215720
215736
215754
215764
215776
215800
215810
215826
215850
215854
215866
215910
215920
215936
215940
215954
215986
215996
216014
216030
216050
216064
216090
216106
216116
216124
216136
216140
216174
216186
216200
216204
216216
216220
216226
216230
216240
216254
216264
216274
216280
216300
216334
216344
216350
216420
216426
216436
216446
216464
216480
216486
216514
216556
216580
216586
216620
216646
216656
216696
216706
216724
216730
216760
216766
216774
216790
216794
216810
216864
216886
216956
216960
217034
217074
217090
217100
217116
217136
217150
217156
217174
217180
217200
217234
217236
217240
217254
217306
217310
217340
217384
217386
217390
217410
217470
217486
217506
217516
217520
217526
217556
217590
217594
217600
217616
217624
217626
217636
217670
217674
217756
217764
217790
217814
217844
217856
217864
217870
217874
217926
217946
217954
217960
217974
217984
217996
218000
218014
218030
218036
218066
218074
218090
218100
218104
218116
218166
218176
218190
218206
218214
218264
218280
218286
218326
218354
218376
218394
218400
218424
218426
218450
218476
218490
218494
218500
218520
218526
218530
218536
218540
218544
218546
218576
218584
218594
218604
218620
218630
218646
218666
218700
218710
218714
218724
218736
218766
218774
218780
218784
218804
218816
218836
218864
218874
218934
218936
218944
218950
218970
219044
219056
219060
219064
219090
219104
219114
219116
219124
219176
219190
219196
219216
219230
219234
219244
219274
219290
219294
219314
219334
219336
219414
219424
219430
219434
219470
219516
219540
219560
219580
219590
219596
219654
219660
219664
219676
219696
219754
219784
219804
219816
219826
219836
219844
219854
219914
219944
219946
219954
219964
219990
220034
220036
220050
220054
220060
220066
220084
220090
220100
220114
220116
220130
220216
220234
220244
220270
220300
220320
220334
220336
220346
220356
220364
220370
220376
220380
220386
220424
220434
220444
220464
220496
220500
220516
220534
220544
220580
220590
220606
220610
220614
220624
220650
220660
220666
220700
220720
220726
220730
220764
220814
220824
220844
220846
220856
220866
220886
220906
220964
220974
220994
221006
221010
221016
221046
221056
221076
221100
221124
221154
221210
221214
221240
221246
221264
221270
221280
221296
221334
221354
221384
221390
221400
221444
221454
221496
221500
221524
221560
221586
221610
221626
221680
221704
221734
221750
221770
221774
221796
221816
221826
221830
221844
221856
221864
221886
221900
221904
221906
221910
221946
221974
221976
222034
222044
222056
222076
222116
222124
222130
222140
222144
222156
222176
222180
222246
222260
222274
222280
222294
222310
222320
222336
222354
222366
222400
222406
222446
222454
222460
222480
222486
222494
222510
222514
222556
222564
222574
222606
222684
222694
222714
222716
222740
222754
222770
222784
222800
222850
222856
222870
222876
222930
222954
222974
223004
223016
223026
223034
223040
223064
223126
223130
223164
223204
223216
223260
223276
223286
223290
223294
223314
223320
223354
223390
223394
223414
223420
223446
223450
223464
223490
223570
223586
223600
223650
223654
223666
223700
223706
223720
223730
223766
223794
223814
223836
223846
223870
223874
223896
223914
223934
223940
223976
223980
223994
224000
224016
224020
224036
224046
224110
224126
224150
224170
224204
224270
224280
224296
224304
224324
224340
224344
224380
224410
224416
224420
224444
224454
224490
224514
224524
224556
224560
224654
224664
224666
224686
224694
224696
224716
224746
224754
224776
224800
224844
224890
224924
224930
224990
225010
225020
225044
225060
225066
225070
225154
225170
225180
225200
225210
225234
225274
225276
225290
225306
225316
225320
225344
225370
225374
225380
225404
225430
225446
225466
225486
225494
225496
225510
225514
225520
225534
225566
225604
225656
225660
225686
225716
225720
225736
225744
225746
225760
225774
225784
225800
225804
225820
225834
225936
225940
225946
225966
225986
225996
226004
226006
226040
226060
226080
226090
226100
226110
226120
226146
226194
226196
226220
226276
226294
226306
226310
226314
226330
226344
226350
226356
226380
226394
226404
226406
226456
226460
226490
226496
226500
226506
226576
226586
226596
226600
226610
226696
226724
226744
226766
226794
226800
226824
226834
226840
226846
226854
226864
226866
226906
226914
226934
226960
226974
226996
227004
227034
227044
227064
227070
227084
227110
227134
227164
227166
227176
227194
227210
227216
227220
227244
227296
227344
227350
227366
227424
227434
227460
227530
227550
227554
227606
227614
227620
227646
227650
227676
227706
227744
227760
227800
227810
227814
227876
227884
227900
227920
227964
227980
227994
228004
228016
228024
228026
228040
228066
228086
228114
228124
228146
228164
228186
228234
228264
228266
228274
228326
228336
228344
228386
228406
228410
228430
228494
228514
228520
228530
228546
228570
228576
228594
228596
228640
228644
228660
228686
228694
228716
228726
228744
228754
228776
228796
228804
228806
228826
228836
228846
228910
228916
228920
228970
229034
229040
229070
229086
229114
229180
229186
229214
229216
229254
229256
229274
229316
229350
229356
229370
229376
229400
229426
229434
229450
229464
229500
229514
229534
229544
229556
229570
229590
229596
229604
229656
229680
229694
229706
229740
229756
229804
229816
229826
229830
229834
229854
229864
229894
229930
229934
229954
229974
229984
229994
230000
230034
230036
230044
230046
230064
230090
230094
230104
230136
230140
230174
230200
230230
230236
230240
230280
230374
230376
230416
230424
230426
230440
230444
230454
230464
230466
230506
230514
230546
230566
230574
230614
230636
230646
230670
230684
230704
230724
230730
230744
230750
230760
230790
230804
230806
230816
230834
230840
230850
230854
230936
230946
230964
230986
230990
231014
231016
231036
231040
231046
231104
231114
231124
231134
231146
231154
231160
231180
231214
231224
231246
231266
231286
231334
231336
231360
231376
231386
231396
231414
231416
231504
231516
231520
231546
231550
231566
231584
231596
231620
231636
231660
231670
231696
231710
231734
231770
231776
231784
231794
231806
231820
231826
231840
231854
231856
231914
231916
231920
231934
231936
231956
231970
231976
232014
232024
232030
232044
232050
232056
232060
232124
232130
232160
232210
232264
232270
232294
232314
232320
232340
232350
232364
232400
232404
232410
232416
232424
232444
232450
232480
232490
232506
232516
232540
232554
232580
232586
232596
232606
232636
232654
232660
232670
232696
232730
232750
232764
232774
232776
232804
232834
232850
232860
232894
232906
232920
232924
232934
232936
232954
232984
233010
233014
233044
233054
233096
233110
233120
233130
233136
233140
233154
233164
233190
233194
233196
233216
233226
233266
233296
233334
233344
233374
233386
233416
233430
233434
233444
233450
233454
233456
233460
233480
233484
233490
233494
233506
233526
233530
233536
233544
233600
233604
233616
233640
233716
233740
233744
233766
233790
233840
233870
233876
233910
233936
233964
234004
234016
234040
234064
234090
234106
234114
234116
234150
234156
234166
234176
234186
234206
234210
234240
234246
234260
234270
234276
234300
234334
234354
234380
234384
234386
234410
234440
234464
234474
234496
234510
234520
234546
234560
234610
234614
234620
234640
234666
234674
234676
234724
234726
234750
234764
234770
234794
234804
234806
234856
234864
234874
234896
234904
234906
234920
234924
234934
234964
234974
234984
234986
235016
235020
235034
235036
235050
235054
235064
235066
235130
235134
235156
235176
235180
235220
235224
235264
235274
235316
235324
235354
235356
235380
235384
235404
235406
235414
235426
235436
235486
235496
235504
235520
235530
235574
235580
235600
235640
235644
235660
235670
235686
235694
235716
235720
235730
235736
235764
235780
235810
235826
235830
235860
235866
235900
235920
235950
235954
235960
235974
235976
236006
236016
236026
236056
236070
236084
236086
236096
236174
236180
236184
236190
236220
236300
236316
236324
236370
236380
236394
236404
236430
236444
236476
236560
236564
236604
236616
236626
236640
236650
236676
236680
236694
236740
236760
236770
236776
236804
236810
236844
236850
236856
236876
236886
236944
236964
236980
237006
237014
237036
237040
237056
237064
237066
237070
237084
237114
237136
237144
237156
237160
237170
237186
237220
237224
237234
237244
237274
237286
237306
237334
237354
237370
237374
237416
237430
237444
237446
237474
237510
237514
237524
237526
237530
237536
237590
237594
237610
237616
237626
237644
237646
237650
237676
237704
237784
237786
237790
237796
237806
237844
237876
237884
237886
237890
237906
237910
237920
238024
238086
238104
238110
238114
238144
238150
238180
238190
238236
238240
238244
238266
238294
238306
238346
238366
238380
238440
238456
238476
238510
238520
238536
238596
238604
238630
238696
238760
238780
238796
238800
238830
238840
238850
238864
238874
238876
238886
238920
238924
238930
238936
238946
238970
238996
239054
239076
239086
239090
239096
239110
239116
239134
239150
239154
239196
239210
239214
239216
239246
239256
239276
239280
239290
239300
239306
239334
239344
239346
239366
239406
239430
239464
239480
239510
239524
239574
239600
239604
239614
239616
239620
239690
239706
239720
239750
239774
239776
239786
239804
239810
239824
239826
239830
239834
239856
239860
239864
239880
239886
239896
239904
239916
239944
239950
239970
239984
240004
240084
240106
240174
240176
240184
240186
240230
240236
240244
240246
240280
240286
240296
240320
240324
240356
240394
240426
240434
240446
240476
240490
240500
240504
240516
240576
240624
240626
240636
240640
240680
240684
240694
240706
240714
240734
240760
240816
240836
240850
240910
240956
240994
241006
241010
241040
241070
241084
241096
241100
241104
241110
241150
241154
241186
241214
241230
241256
241264
241284
241290
241296
241300
241306
241310
241316
241344
241354
241364
241374
241390
241406
241416
241426
241446
241460
241520
241586
241590
241630
241666
241680
241694
241700
241716
241726
241734
241796
241800
241806
241810
241830
241874
241890
241920
241954
241956
241966
241970
242004
242034
242040
242054
242064
242086
242106
242124
242126
242136
242140
242164
242190
242194
242206
242216
242236
242244
242294
242306
242326
242366
242374
242376
242384
242386
242426
242440
242446
242454
242456
242514
242516
242576
242584
242610
242634
242636
242644
242646
242656
242704
242706
242724
242760
242774
242786
242840
242850
242856
242880
242886
242890
242894
242896
242920
242944
242966
243020
243050
243054
243100
243126
243140
243150
243204
243210
243220
243234
243246
243250
243256
243260
243270
243276
243284
243294
243310
243314
243324
243366
243370
243374
243390
243416
243450
243476
243494
243514
243516
243544
243564
243596
243604
243610
243616
243630
243634
243656
243660
243666
243714
243744
243764
243780
243790
243854
243856
243890
243896
243906
243916
243930
243934
243944
243970
243986
243990
243996
244016
244036
244130
244176
244180
244216
244220
244230
244240
244256
244274
244276
244324
244326
244336
244370
244390
244394
244414
244484
244510
244530
244534
244544
244546
244586
244594
244640
244644
244664
244674
244686
244696
244740
244744
244750
244760
244766
244780
244790
244816
244826
244866
244870
244880
244896
244900
244910
244924
244930
244944
244976
245014
245064
245070
245116
245150
245186
245196
245200
245216
245220
245286
245290
245310
245324
245334
245336
245346
245350
245356
245364
245424
245426
245430
245436
245446
245470
245494
245516
245524
245556
245566
245570
245644
245664
245736
245794
245800
245810
245814
245830
245846
245854
245856
245906
245914
245920
245924
245946
245956
245974
245976
245984
246000
246006
246040
246060
246064
246070
246084
246090
246120
246136
246154
246170
246180
246200
246210
246220
246230
246240
246244
246250
246274
246276
246294
246304
246310
246336
246344
246346
246350
246400
246406
246464
246506
246510
246516
246520
246544
246554
246580
246610
246614
246616
246660
246676
246750
246754
246780
246794
246804
246806
246814
246816
246820
246830
246864
246866
246910
246924
246926
246936
246954
246960
246970
246990
247020
247026
247050
247066
247094
247104
247106
247120
247140
247194
247230
247246
247256
247260
247274
247290
247350
247360
247400
247410
247436
247494
247500
247504
247520
247544
247560
247600
247604
247650
247664
247666
247704
247734
247744
247766
247784
247806
247826
247860
247874
247916
247950
247956
247974
247984
247986
247994
248004
248014
248030
248036
248044
248064
248096
248106
248130
248146
248150
248156
248174
248186
248216
248236
248254
248274
248280
248284
248290
248296
248324
248394
248416
248480
248496
248504
248506
248514
248520
248524
248550
248584
248590
248606
248610
248616
248626
248636
248654
248664
248670
248704
248710
248744
248764
248766
248780
248790
248804
248824
248834
248836
248846
248870
248896
248914
248934
248950
248970
248996
249014
249044
249086
249100
249104
249106
249116
249134
249144
249146
249184
249186
249264
249286
249304
249320
249336
249340
249356
249364
249366
249390
249404
249474
249500
249520
249570
249574
249584
249626
249646
249674
249690
249704
249720
249724
249746
249750
249780
249786
249834
249840
249844
249866
249874
249900
249924
249954
249960
249974
249976
249984
249990
250004
250046
250070
250106
250116
250146
250174
250184
250186
250194
250196
250246
250250
250266
250300
250324
250326
250354
250356
250370
250376
250384
250400
250430
250434
250454
250494
250504
250510
250530
250534
250540
250586
250594
250634
250650
250676
250690
250694
250730
250734
250744
250774
250794
250796
250800
250824
250900
250910
250926
250936
251000
251024
251040
251044
251054
251056
251104
251114
251140
251156
251176
251180
251206
251226
251234
251284
251300
251306
251406
251414
251420
251424
251466
251474
251484
251510
251530
251580
251600
251656
251660
251670
251684
251686
251696
251700
251704
251734
251756
251764
251786
251806
251820
251830
251846
251860
251900
251914
251924
251926
251966
251986
251996
252006
252020
252024
252060
252074
252076
252116
252134
252184
252190
252194
252206
252226
252266
252280
252290
252306
252316
252326
252330
252340
252360
252376
252394
252406
252410
252424
252430
252456
252464
252466
252470
252526
252554
252560
252594
252604
252606
252620
252644
252646
252654
252664
252666
252670
252696
252740
252746
252770
252844
252866
252874
252900
252906
252924
252944
252960
252966
252974
252976
252980
252994
253004
253010
253016
253034
253036
253044
253070
253110
253120
253130
253140
253156
253190
253230
253246
253250
253254
253286
253306
253320
253324
253334
253346
253366
253376
253380
253384
253420
253446
253450
253470
253514
253574
253606
253626
253630
253634
253640
253650
253654
253660
253686
253696
253706
253720
253724
253756
253766
253786
253850
253864
253866
253886
253890
253910
253914
253944
253956
253980
253996
254016
254026
254050
254060
254066
254084
254094
254130
254160
254174
254200
254204
254206
254234
254244
254274
254280
254294
254300
254310
254334
254354
254380
254436
254450
254464
254466
254484
254500
254544
254570
254586
254590
254594
254606
254614
254616
254620
254644
254654
254674
254706
254726
254750
254760
254764
254784
254804
254810
254880
254926
254944
254954
255024
255050
255076
255090
255126
255160
255170
255176
255186
255206
255214
255226
255230
255264
255266
255280
255284
255290
255314
255320
255330
255340
255350
255356
255360
255366
255374
255394
255426
255434
255436
255456
255470
255486
255496
255554
255556
255564
255566
255570
255580
255584
255636
255646
255680
255694
255706
255716
255756
255760
255766
255776
255800
255810
255834
255836
255840
255844
255860
255876
255904
255920
255934
255940
255970
255976
255996
256070
256076
256094
256100
256110
256154
256166
256190
256204
256210
256240
256260
256270
256294
256310
256344
256346
256350
256366
256370
256380
256396
256400
256410
256460
256474
256484
256506
256514
256540
256556
256570
256624
256634
256644
256666
256674
256676
256724
256734
256746
256766
256804
256814
256844
256850
256854
256886
256896
256904
256906
256936
256960
256980
256994
257024
257030
257050
257056
257064
257084
257094
257110
257114
257150
257154
257166
257170
257196
257250
257256
257264
257294
257310
257364
257394
257406
257420
257424
257436
257476
257484
257494
257500
257510
257536
257570
257576
257586
257596
257604
257630
257634
257650
257664
257680
257700
257744
257754
257760
257770
257774
257780
257796
257800
257820
257844
257854
257890
257900
257904
257910
257916
257946
257950
257966
257984
258000
258010
258040
258046
258076
258144
258154
258156
258160
258176
258184
258194
258206
258210
258230
258274
258280
258296
258300
258304
258334
258356
258376
258400
258444
258470
258516
258524
258544
258560
258584
258594
258606
258644
258654
258686
258694
258700
258714
258724
258766
258806
258814
258820
258850
258856
258870
258884
258896
258936
258976
258980
258984
258986
258990
259036
259044
259054
259086
259090
259096
259116
259146
259164
259174
259180
259184
259226
259244
259270
259274
259284
259340
259346
259370
259374
259430
259434
259440
259454
259470
259476
259494
259516
259530
259534
259584
259600
259606
259616
259636
259656
259664
259676
259700
259704
259710
259740
259760
259804
259816
259844
259856
259864
259870
259874
259876
259880
259906
259920
259954
259974
259986
260000
260014
260040
260064
260066
260076
260080
260120
260124
260140
260156
260170
260194
260196
260220
260230
260244
260246
260284
260286
260324
260340
260396
260406
260414
260430
260446
260526
260534
260536
260544
260550
260574
260576
260594
260600
260610
260636
260650
260654
260700
260726
260734
260740
260760
260774
260796
260806
260820
260846
260864
260890
260926
260934
260966
261016
261020
261036
261044
261054
261060
261064
261080
261086
261156
261166
261174
261200
261206
261216
261224
261250
261254
261304
261314
261326
261350
261410
261416
261424
261454
261504
261514
261536
261546
261554
261624
261636
261674
261680
261696
261710
261714
261726
261746
261754
261756
261764
261774
261780
261784
261810
261814
261816
261874
261900
261920
261936
261946
262016
262054
262060
262066
262070
262074
262084
262086
262100
262126
262130
262184
262216
262220
262256
262276
262344
262360
262366
262370
262414
262444
262446
262456
262470
262474
262500
262560
262570
262606
262630
262640
262664
262720
262730
262734
262736
262820
262830
262834
262836
262856
262876
262890
262906
262914
262934
262944
262980
263026
263056
263066
263074
263084
263094
263126
263144
263166
263194
263230
263254
263260
263290
263316
263330
263370
263384
263404
263410
263426
263444
263456
263480
263524
263534
263560
263566
263574
263604
263610
263626
263636
263654
263676
263694
263696
263720
263724
263746
263754
263756
263780
263820
263846
263850
263860
263880
263896
263906
263920
263950
264000
264030
264054
264070
264084
264094
264114
264134
264146
264156
264164
264170
264224
264234
264276
264304
264326
264374
264404
264436
264450
264484
264496
264530
264536
264570
264574
264586
264590
264600
264604
264670
264676
264710
264716
264756
264760
264764
264800
264820
264834
264850
264866
264920
264940
264960
264964
264976
265006
265040
265054
265064
265084
265096
265110
265120
265124
265154
265160
265194
265266
265274
265276
265290
265310
265324
265326
265334
265336
265346
265350
265354
265356
265380
265430
265436
265440
265460
265480
265486
265514
265516
265524
265554
265574
265576
265586
265684
265696
265700
265734
265746
265750
265770
265776
265784
265796
265800
265804
265810
265844
265846
265864
265886
265890
265896
265900
265914
265926
265934
265940
265956
265970
265974
265990
266006
266026
266086
266094
266104
266124
266134
266164
266200
266256
266260
266294
266296
266316
266346
266354
266370
266380
266460
266476
266484
266486
266526
266536
266546
266576
266600
266626
266634
266644
266670
266676
266684
266694
266710
266720
266744
266770
266784
266786
266814
266816
266840
266844
266854
266866
266876
266900
266906
266920
266926
266944
266954
266970
266980
266990
267010
267026
267084
267096
267110
267140
267154
267166
267170
267174
267200
267214
267240
267266
267274
267286
267316
267326
267336
267404
267416
267424
267436
267464
267494
267510
267530
267536
267544
267546
267580
267604
267630
267646
267650
267654
267666
267670
267676
267684
267690
267694
267706
267770
267804
267824
267826
267830
267836
267850
267880
267894
267904
267910
267954
267966
267970
267976
268014
268036
268050
268054
268074
268110
268124
268140
268166
268186
268214
268220
268314
268396
268414
268446
268476
268496
268514
268516
268530
268564
268580
268646
268656
268674
268696
268710
268720
268730
268734
268776
268790
268824
268850
268854
268860
268890
268896
268940
268950
268956
268976
268980
268986
268994
269006
269036
269076
269090
269110
269130
269146
269180
269194
269220
269234
269236
269240
269254
269260
269266
269296
269314
269330
269346
269350
269360
269370
269380
269396
269406
269424
269434
269450
269466
269494
269506
269530
269536
269544
269554
269574
269600
269606
269686
269696
269710
269714
269720
269744
269774
269806
269816
269824
269826
269840
269860
269864
269870
269900
269910
269954
269986
269996
270006
270010
270014
270030
270034
270056
270074
270090
270104
270110
270120
270150
270186
270204
270230
270256
270260
270320
270324
270334
270344
270410
270484
270490
270494
270504
270506
270530
270536
270566
270570
270586
270596
270606
270676
270710
270716
270726
270740
270744
270766
270786
270810
270844
270856
270864
270866
270884
270900
270910
270914
270940
270946
270956
270970
271000
271030
271036
271054
271064
271100
271114
271126
271150
271164
271194
271200
271226
271230
271236
271260
271264
271270
271320
271326
271366
271374
271410
271414
271420
271424
271444
271464
271476
271504
271546
271550
271556
271560
271566
271570
271580
271610
271620
271646
271650
271686
271694
271696
271706
271710
271726
271730
271736
271740
271756
271764
271790
271794
271804
271810
271844
271914
271924
271940
271946
271964
271984
271990
272016
272050
272054
272060
272070
272076
272080
272086
272094
272096
272136
272156
272170
272214
272216
272230
272246
272260
272270
272304
272324
272330
272360
272364
272396
272426
272434
272486
272490
272500
272516
272534
272560
272570
272586
272594
272614
272640
272664
272674
272694
272740
272756
272760
272766
272776
272806
272850
272856
272866
272886
272890
272926
272934
272954
272976
273006
273046
273080
273116
273144
273170
273184
273236
273244
273270
273280
273326
273334
273340
273354
273370
273410
273426
273430
273446
273484
273544
273566
273600
273614
273624
273630
273654
273680
273706
273726
273790
273810
273820
273846
273856
273860
273870
273890
273894
273914
273920
273960
273966
273984
273986
273990
274000
274020
274026
274054
274056
274060
274066
274106
274140
274156
274160
274186
274216
274246
274254
274284
274286
274314
274346
274356
274394
274400
274416
274420
274426
274436
274446
274494
274496
274536
274540
274544
274556
274574
274600
274624
274626
274640
274654
274674
274680
274706
274714
274744
274746
274754
274770
274780
274806
274810
274820
274824
274834
274840
274846
274910
274924
274926
274936
274940
274950
274960
274970
275004
275034
275074
275076
275080
275104
275130
275194
275204
275210
275214
275216
275230
275236
275246
275250
275284
275300
275334
275356
275414
275424
275480
275486
275500
275534
275554
275586
275596
275610
275614
275620
275626
275636
275646
275666
275684
275704
275724
275746
275750
275796
275806
275820
275824
275854
275856
275864
275870
275874
275886
275896
275900
275960
275964
275970
275990
275996
276020
276046
276066
276080
276090
276096
276106
276114
276120
276146
276200
276214
276240
276274
276316
276334
276340
276350
276364
276370
276410
276426
276434
276444
276456
276460
276480
276486
276546
276550
276576
276600
276634
276676
276686
276704
276714
276724
276740
276744
276776
276806
276826
276844
276876
276894
276906
276930
276950
276974
277000
277014
277034
277076
277140
277144
277146
277150
277196
277236
277244
277254
277280
277320
277330
277366
277396
277404
277406
277424
277450
277466
277476
277486
277496
277530
277550
277564
277624
277630
277664
277666
277680
277694
277734
277746
277770
277826
277840
277850
277860
277900
277904
277910
277916
277926
277956
277960
277964
277994
278004
278044
278066
278074
278080
278100
278120
278134
278136
278190
278196
278224
278236
278256
278300
278356
278370
278380
278384
278404
278410
278414
278424
278444
278460
278486
278506
278516
278526
278570
278584
278590
278594
278630
278636
278640
278656
278664
278696
278700
278706
278710
278726
278730
278734
278740
278744
278776
278840
278866
278870
278874
278904
278924
278930
279004
279020
279046
279054
279080
279130
279150
279164
279210
279216
279236
279240
279254
279256
279286
279290
279346
279350
279354
279366
279396
279410
279470
279486
279500
279520
279524
279530
279540
279594
279610
279614
279616
279644
279650
279676
279684
279686
279694
279706
279720
279736
279750
279774
279786
279840
279864
279876
279880
279890
279900
279906
280000
280004
280006
280014
280024
280044
280056
280066
280136
280154
280196
280200
280204
280260
280276
280310
280320
280356
280404
280434
280450
280456
280464
280474
280484
280486
280516
280520
280524
280536
280544
280570
280576
280580
280586
280590
280596
280620
280644
280684
280690
280694
280724
280726
280774
280780
280784
280796
280830
280856
280864
280874
280880
280920
280944
280954
280956
280960
280986
281020
281034
281050
281106
281136
281140
281154
281170
281186
281200
281204
281240
281246
281264
281290
281300
281324
281326
281344
281350
281360
281386
281420
281444
281446
281450
281466
281496
281500
281540
281560
281570
281594
281596
281604
281634
281644
281674
281700
281706
281714
281726
281730
281750
281760
281766
281774
281804
281840
281854
281876
281914
281954
281964
281970
281974
281996
282024
282044
282064
282076
282080
282110
282150
282154
282226
282344
282360
282384
282426
282436
282450
282466
282470
282490
282494
282500
282514
282606
282616
282640
282656
282666
282700
282730
282734
282736
282764
282776
282800
282806
282844
282864
282880
282890
282894
282904
282916
282920
282926
282954
282956
282974
282980
282984
283010
283030
283066
283076
283084
283094
283136
283146
283180
283206
283220
283244
283254
283264
283274
283280
283310
283320
283344
283364
283370
283406
283440
283450
283484
283494
283526
283544
283566
283576
283594
283596
283604
283620
283630
283634
283660
283664
283680
283714
283736
283754
283774
283780
283790
283810
283816
283826
283830
283856
283890
283894
283910
283914
283920
283936
283960
283974
284000
284010
284020
284030
284034
284044
284086
284140
284160
284164
284170
284186
284190
284234
284256
284260
284264
284294
284350
284356
284360
284364
284384
284416
284424
284466
284470
284504
284574
284606
284636
284646
284650
284670
284674
284680
284704
284716
284726
284790
284806
284824
284846
284854
284880
284896
284904
284910
284936
284956
284960
284990
285006
285016
285036
285050
285074
285090
285100
285136
285200
285204
285210
285226
285274
285284
285326
285344
285354
285386
285480
285484
285496
285544
285564
285584
285586
285606
285616
285620
285626
285650
285684
285690
285714
285726
285750
285764
285790
285814
285824
285846
285864
285866
285880
285886
285900
285950
285954
285964
285990
285996
286000
286014
286024
286050
286056
286074
286104
286110
286120
286136
286146
286154
286186
286204
286210
286246
286274
286354
286380
286390
286404
286410
286414
286444
286464
286490
286510
286520
286530
286544
286550
286570
286584
286604
286656
286664
286676
286680
286766
286770
286774
286780
286810
286834
286864
286870
286874
286906
286916
286920
286926
286940
286946
287020
287026
287034
287036
287056
287064
287086
287090
287120
287140
287144
287150
287154
287180
287186
287190
287220
287246
287264
287276
287340
287346
287354
287376
287380
287390
287394
287404
287414
287416
287420
287424
287426
287430
287450
287454
287476
287480
287536
287540
287554
287564
287566
287584
287660
287696
287710
287730
287736
287740
287774
287834
287896
287904
287930
287936
287944
287954
287956
288024
288050
288056
288080
288100
288106
288144
288164
288194
288226
288260
288274
288284
288334
288340
288346
288360
288366
288386
288416
288464
288496
288506
288546
288550
288560
288576
288586
288610
288624
288626
288636
288674
288706
288720
288726
288744
288780
288786
288804
288810
288814
288864
288866
288906
288914
288916
288934
288960
288994
289040
289046
289054
289056
289080
289156
289160
289194
289196
289204
289214
289220
289250
289266
289286
289296
289300
289324
289340
289380
289384
289386
289430
289464
289474
289484
289486
289504
289560
289566
289584
289600
289614
289626
289636
289670
289694
289714
289734
289760
289784
289810
289816
289826
289836
289870
289884
289894
289906
289976
290026
290034
290060
290076
290080
290094
290114
290120
290134
290156
290170
290180
290190
290196
290200
290210
290216
290320
290380
290400
290414
290446
290450
290474
290496
290514
290536
290574
290596
290616
290630
290664
290674
290694
290700
290726
290746
290756
290774
290810
290850
290864
290924
290936
290944
290980
290994
291014
291016
291034
291040
291060
291094
291116
291134
291144
291194
291200
291204
291236
291250
291276
291284
291290
291306
291336
291340
291430
291434
291456
291466
291484
291490
291500
291506
291510
291524
291534
291544
291570
291584
291586
291590
291594
291600
291616
291644
291654
291664
291666
291696
291720
291756
291766
291796
291804
291814
291820
291824
291830
291834
291840
291846
291854
291856
291876
291904
291930
291964
291976
291994
292006
292016
292036
292094
292110
292126
292130
292174
292176
292190
292194
292210
292214
292244
292256
292266
292270
292324
292330
292344
292354
292356
292360
292376
292386
292400
292410
292416
292434
292446
292470
292496
292520
292580
292594
292640
292644
292646
292654
292670
292686
292704
292720
292734
292740
292746
292760
292766
292774
292780
292786
292800
292814
292816
292834
292840
292870
292876
292900
292926
292944
292980
292984
293026
293056
293066
293070
293096
293104
293114
293146
293160
293164
293180
293190
293196
293206
293224
293230
293270
293290
293316
293334
293336
293344
293374
293380
293394
293406
293426
293520
293530
293534
293536
293540
293576
293606
293616
293624
293640
293676
293746
293776
293796
293800
293806
293880
293884
293894
293904
293916
293936
293984
294010
294040
294046
294060
294064
294076
294080
294086
294110
294116
294134
294140
294210
294220
294270
294306
294340
294346
294370
294400
294404
294434
294460
294464
294474
294476
294486
294496
294500
294516
294534
294550
294554
294584
294586
294626
294646
294654
294670
294690
294714
294720
294790
294804
294814
294846
294866
294880
294890
294914
294916
294944
294950
294960
294964
294974
294984
294996
295010
295036
295070
295076
295080
295084
295114
295130
295140
295164
295176
295194
295204
295214
295236
295270
295296
295304
295344
295350
295356
295364
295386
295416
295426
295474
295494
295504
295526
295596
295606
295616
295620
295646
295650
295674
295676
295704
295714
295734
295744
295756
295764
295774
295814
295844
295854
295866
295886
295926
295956
296004
296014
296016
296026
296040
296060
296064
296090
296100
296104
296126
296140
296146
296150
296180
296190
296196
296230
296254
296286
296326
296370
296394
296396
296400
296420
296430
296456
296490
296504
296516
296534
296540
296550
296570
296576
296580
296584
296596
296630
296636
296650
296656
296666
296670
296700
296706
296736
296750
296794
296796
296806
296814
296844
296846
296874
296880
296910
296984
297034
297046
297050
297056
297060
297074
297080
297100
297106
297126
297140
297160
297166
297176
297196
297234
297246
297274
297304
297310
297314
297316
297350
297374
297384
297410
297420
297434
297444
297476
297506
297540
297554
297580
297624
297626
297636
297704
297706
297714
297720
297766
297800
297804
297806
297814
297816
297820
297824
297884
297920
297944
297954
297976
297984
297990
298000
298026
298034
298114
298130
298174
298196
298220
298230
298234
298236
298260
298276
298330
298334
298376
298386
298390
298396
298400
298426
298440
298444
298454
298464
298476
298520
298536
298554
298556
298574
298600
298604
298610
298614
298620
298624
298634
298704
298714
298724
298734
298764
298766
298780
298794
298854
298874
298916
298926
298946
298960
298984
298990
299010
299016
299030
299106
299110
299124
299130
299144
299154
299156
299180
299206
299284
299290
299334
299376
299440
299474
299490
299520
299530
299594
299600
299614
299624
299634
299636
299666
299670
299696
299724
299734
299764
299770
299796
299806
299830
299836
299874
299886
299914
299934
299956
299966
299976
300014
300050
300066
300086
300090
300094
300120
300134
300154
300174
300176
300180
300184
300186
300194
300206
300244
300246
300270
300280
300294
300324
300354
300356
300376
300400
300406
300410
300444
300460
300494
300504
300506
300550
300554
300560
300584
300606
300650
300654
300670
300686
300696
300716
300736
300746
300766
300790
300820
300830
300850
300856
300876
300886
300894
300900
300920
300926
300954
300956
300960
301000
301016
301050
301056
301064
301084
301086
301094
301144
301164
301184
301190
301194
301216
301230
301256
301274
301330
301336
301350
301364
301366
301416
301430
301456
301466
301476
301490
301560
301614
301626
301640
301650
301654
301666
301674
301680
301690
301694
301714
301716
301724
301730
301770
301806
301834
301846
301850
301860
301876
301880
301884
301896
301906
301934
301966
301986
302004
302044
302046
302066
302084
302104
302106
302114
302170
302194
302204
302214
302240
302246
302270
302280
302316
302344
302356
302364
302416
302420
302430
302500
302504
302526
302534
302546
302550
302576
302620
302624
302644
302650
302676
302680
302720
302734
302746
302770
302780
302784
302786
302790
302874
302886
302900
302920
302956
302964
303026
303034
303054
303060
303070
303094
303134
303160
303214
303226
303264
303300
303336
303340
303424
303430
303436
303440
303466
303474
303476
303484
303500
303504
303520
303530
303546
303550
303566
303606
303664
303704
303710
303736
303746
303754
303774
303806
303810
303824
303840
303856
303900
303904
303914
303920
303936
303940
303946
303960
303994
304016
304044
304046
304050
304064
304076
304090
304110
304116
304120
304136
304180
304216
304224
304266
304274
304276
304290
304300
304306
304326
304336
304344
304350
304394
304410
304444
304446
304496
304506
304536
304544
304564
304566
304594
304596
304646
304700
304716
304736
304750
304756
304766
304794
304830
304846
304850
304856
304896
304900
304930
304934
304940
304974
304980
304986
304996
305006
305016
305054
305060
305064
305084
305104
305114
305116
305130
305156
305190
305226
305234
305260
305264
305296
305340
305344
305360
305370
305376
305396
305446
305464
305490
305504
305516
305536
305566
305574
305604
305606
305620
305640
305670
305676
305686
305694
305696
305714
305760
305790
305850
305854
305890
305896
305920
305954
305966
305990
305994
306010
306044
306050
306060
306076
306084
306104
306114
306146
306160
306250
306260
306266
306284
306316
306326
306334
306346
306380
306386
306400
306434
306474
306490
306516
306530
306534
306594
306640
306656
306670
306680
306690
306696
306726
306746
306754
306760
306764
306826
306850
306864
306916
306934
306936
306960
306966
306996
307014
307034
307044
307046
307056
307066
307090
307096
307100
307110
307136
307166
307170
307200
307210
307226
307240
307244
307266
307290
307294
307300
307310
307314
307326
307336
307344
307360
307366
307394
307400
307404
307420
307436
307444
307486
307496
307506
307516
307524
307554
307556
307566
307574
307596
307606
307616
307626
307630
307680
307694
307716
307724
307766
307776
307784
307810
307816
307820
307826
307850
307864
307890
307904
307924
307944
307946
307966
307984
307986
308054
308080
308096
308154
308164
308174
308190
308230
308236
308250
308254
308260
308276
308284
308294
308296
308334
308336
308346
308354
308360
308390
308436
308450
308454
308494
308566
308590
308600
308604
308620
308700
308736
308754
308760
308770
308774
308776
308800
308824
308866
308880
308904
308934
308936
308964
308980
308990
309000
309060
309110
309120
309136
309146
309150
309164
309204
309216
309224
309230
309286
309290
309334
309364
309374
309376
309394
309410
309426
309480
309494
309510
309524
309544
309560
309606
309624
309644
309714
309716
309734
309780
309784
309786
309816
309820
309826
309836
309870
309874
309894
309904
309924
309934
309950
309960
309966
310024
310030
310036
310044
310086
310100
310104
310106
310134
310160
310164
310206
310226
310234
310270
310274
310284
310286
310294
310304
310310
310330
310334
310384
310410
310414
310430
310454
310470
310476
310494
310506
310516
310524
310534
310590
310600
310626
310650
310724
310750
310800
310804
310814
310820
310836
310840
310856
310876
310886
310896
310910
310920
310936
310996
311006
311044
311054
311084
311086
311094
311114
311126
311166
311174
311190
311204
311220
311230
311234
311256
311260
311270
311284
311286
311296
311310
311336
311340
311370
311400
311430
311440
311476
311510
311544
311560
311590
311594
311600
311686
311690
311710
311720
311744
311746
311764
311766
311770
311786
311804
311806
311824
311846
311850
311860
311866
311874
311876
311884
311894
311910
311976
311984
311996
312006
312024
312040
312046
312066
312074
312084
312104
312106
312120
312130
312134
312146
312154
312156
312160
312180
312254
312256
312264
312266
312280
312290
312310
312316
312336
312344
312366
312414
312426
312436
312444
312446
312474
312500
312526
312544
312560
312594
312596
312604
312664
312680
312696
312714
312726
312784
312816
312826
312834
312846
312854
312860
312874
312894
312904
312910
312920
312926
312984
312990
312994
313024
313040
313046
313054
313056
313060
313064
313080
313104
313134
313140
313160
313164
313184
313186
313196
313220
313234
313254
313284
313316
313326
313350
313380
313390
313406
313410
313414
313430
313434
313446
313460
313486
313496
313520
313530
313534
313546
313550
313566
313576
313580
313584
313614
313634
313636
313640
313660
313686
313726
313740
313794
313796
313806
313810
313866
313920
313924
313950
313970
313980
314006
314034
314044
314056
314080
314086
314126
314160
314184
314186
314194
314206
314230
314240
314250
314264
314276
314330
314336
314340
314376
314440
314456
314460
314474
314480
314510
314534
314536
314574
314576
314626
314630
314680
314724
314746
314750
314756
314784
314786
314814
314824
314854
314856
314860
314866
314874
314886
314910
314936
314944
314964
315004
315036
315046
315070
315080
315100
315104
315120
315124
315136
315156
315174
315194
315264
315270
315280
315290
315316
315330
315356
315374
315386
315390
315396
315410
315444
315470
315484
315496
315500
315506
315520
315546
315556
315574
315600
315634
315640
315656
315666
315670
315680
315696
315734
315746
315770
315780
315824
315874
315894
315906
315964
316010
316036
316040
316066
316104
316110
316114
316124
316144
316154
316156
316180
316206
316234
316240
316250
316316
316364
316410
316416
316420
316424
316466
316496
316526
316560
316564
316590
316596
316606
316614
316616
316650
316654
316656
316660
316684
316686
316690
316700
316710
316786
316836
316904
316916
316966
316990
317030
317050
317056
317060
317064
317070
317100
317134
317194
317204
317236
317240
317276
317280
317294
317344
317354
317424
317430
317436
317444
317456
317460
317470
317476
317514
317544
317560
317570
317580
317594
317604
317630
317644
317680
317684
317704
317716
317784
317786
317830
317834
317840
317846
317856
317866
317890
317906
317916
317926
317960
317976
317990
317994
318070
318094
318106
318116
318124
318146
318166
318190
318224
318246
318254
318256
318260
318266
318286
318290
318294
318330
318334
318344
318386
318390
318396
318410
318446
318460
318484
318504
318506
318530
318536
318556
318594
318616
318660
318670
318676
318680
318710
318730
318734
318750
318774
318800
318806
318824
318864
318874
318884
318894
318900
318906
318966
318970
318990
318994
319000
319040
319100
319124
319134
319144
319180
319190
319200
319206
319214
319226
319260
319266
319270
319280
319284
319296
319320
319326
319344
319364
319370
319404
319406
319410
319414
319420
319424
319474
319486
319516
319564
319576
319580
319606
319616
319660
319716
319764
319780
319804
319814
319816
319854
319866
319874
319890
319894
319924
319946
319960
319976
320036
320040
320054
320064
320076
320084
320116
320136
320176
320184
320194
320210
320226
320244
320274
320304
320320
320326
320330
320356
320376
320396
320440
320456
320460
320486
320490
320526
320530
320534
320600
320610
320630
320644
320656
320700
320724
320740
320756
320764
320774
320776
320824
320840
320864
320876
320886
320906
320914
320934
320940
320946
320970
320974
320986
320994
321016
321026
321036
321046
321064
321070
321084
321086
321094
321116
321120
321136
321164
321174
321204
321214
321220
321280
321284
321310
321320
321346
321356
321360
321370
321374
321386
321414
321416
321454
321460
321484
321510
321526
321544
321546
321556
321566
321570
321596
321600
321640
321686
321694
321720
321734
321760
321774
321804
321816
321856
321876
321920
321954
321956
321974
321994
321996
322006
322020
322060
322066
322100
322110
322114
322156
322160
322194
322196
322234
322240
322244
322246
322250
322266
322354
322364
322370
322386
322390
322416
322430
322436
322440
322446
322454
322464
322466
322500
322504
322514
322530
322536
322566
322576
322580
322624
322636
322650
322670
322676
322686
322714
322754
322774
322780
322796
322804
322830
322836
322864
322904
322924
322944
322950
322986
323044
323046
323074
323116
323126
323150
323154
323160
323176
323196
323206
323230
323264
323284
323320
323324
323340
323364
323410
323414
323426
323434
323450
323456
323524
323530
323546
323564
323576
323624
323664
323674
323680
323690
323696
323766
323844
323856
323870
323876
323886
323894
323896
323910
323924
323934
323944
323946
323954
323974
323984
324010
324044
324054
324110
324120
324140
324154
324170
324206
324210
324216
324230
324234
324236
324240
324246
324256
324270
324300
324370
324374
324380
324454
324476
324490
324504
324520
324544
324546
324564
324586
324610
324650
324656
324674
324676
324684
324686
324724
324740
324756
324794
324824
324856
324910
324924
324926
324944
324960
324970
324990
324996
325000
325050
325054
325066
325084
325090
325094
325110
325126
325134
325144
325156
325176
325186
325204
325220
325234
325250
325254
325256
325260
325270
325306
325354
325366
325370
325374
325380
325396
325400
325420
325440
325456
325466
325470
325494
325500
325530
325540
325544
325560
325570
325576
325610
325620
325636
325640
325650
325664
325676
325714
325726
325766
325770
325846
325864
325924
325930
325940
325956
326010
326024
326046
326054
326114
326140
326144
326176
326194
326224
326254
326280
326290
326306
326350
326384
326390
326414
326416
326426
326446
326454
326456
326476
326530
326534
326536
326550
326560
326576
326614
326626
326636
326654
326670
326680
326730
326740
326796
326806
326814
326824
326844
326896
326930
326936
326946
326954
326976
327014
327044
327070
327104
327116
327156
327164
327170
327200
327210
327260
327310
327320
327326
327350
327430
327460
327500
327516
327536
327544
327550
327574
327576
327590
327600
327606
327614
327624
327650
327684
327690
327726
327734
327776
327834
327846
327850
327854
327860
327880
327884
327890
327896
327906
327936
327940
327954
327966
327976
327996
328000
328010
328026
328044
328064
328124
328126
328140
328144
328156
328160
328204
328220
328244
328246
328276
328304
328314
328316
328330
328340
328356
328370
328390
328396
328456
328484
328486
328494
328510
328514
328550
328556
328576
328594
328646
328670
328690
328704
328744
328754
328766
328774
328824
328834
328874
328916
329006
329024
329040
329066
329076
329086
329094
329114
329134
329166
329214
329224
329264
329274
329310
329316
329366
329384
329400
329404
329406
329420
329466
329494
329496
329504
329574
329586
329604
329640
329656
329686
329700
329704
329710
329786
329806
329814
329820
329850
329874
329884
329894
329904
329924
329926
329964
329990
329994
330014
330030
330044
330050
330064
330084
330086
330094
330116
330150
330154
330174
330184
330214
330254
330274
330310
330316
330336
330354
330370
330384
330386
330396
330420
330424
330436
330446
330460
330470
330480
330524
330550
330566
330576
330594
330610
330636
330666
330720
330724
330726
330730
330744
330746
330770
330776
330800
330810
330826
330840
330854
330864
330874
330880
330900
330904
330940
330944
330956
330966
331006
331010
331060
331086
331100
331104
331116
331126
331140
331146
331186
331200
331210
331214
331234
331264
331294
331324
331346
331370
331376
331380
331384
331406
331416
331446
331450
331454
331474
331480
331486
331500
331510
331536
331584
331594
331610
331616
331626
331634
331636
331650
331730
331746
331766
331774
331784
331796
331816
331824
331850
331860
331880
331900
331940
331954
331964
331974
332010
332024
332026
332056
332100
332126
332136
332144
332160
332164
332170
332200
332206
332224
332230
332260
332264
332276
332284
332306
332310
332336
332364
332394
332416
332424
332440
332464
332474
332486
332510
332546
332570
332594
332606
332646
332654
332666
332670
332680
332696
332746
332774
332790
332814
332854
332880
332884
332900
332930
332946
332950
332960
333030
333036
333066
333070
333086
333096
333144
333150
333176
333200
333206
333226
333244
333266
333324
333330
333336
333344
333350
333384
333456
333470
333500
333514
333516
333576
333590
333594
333630
333636
333654
333670
333700
333730
333826
333830
333846
333886
333890
333920
333934
333950
333960
333966
333984
333994
334006
334064
334074
334076
334096
334146
334154
334194
334214
334246
334260
334304
334314
334340
334366
334384
334424
334436
334450
334476
334480
334504
334540
334546
334570
334580
334600
334604
334620
334640
334644
334656
334660
334736
334740
334746
334786
334816
334826
334876
334894
334900
334934
334944
334946
334954
334980
334984
334986
335034
335056
335086
335094
335104
335150
335154
335156
335164
335186
335190
335204
335220
335240
335260
335384
335390
335394
335400
335424
335446
335456
335464
335480
335526
335530
335534
335570
335606
335614
335650
335654
335660
335696
335726
335760
335764
335776
335820
335826
335870
335896
335926
335930
335946
335956
335994
336000
336044
336054
336056
336066
336070
336076
336090
336126
336144
336164
336204
336206
336216
336220
336236
336246
336286
336306
336326
336346
336356
336384
336394
336424
336456
336506
336514
336524
336530
336544
336584
336590
336616
336650
336680
336684
336690
336710
336716
336746
336756
336790
336814
336830
336836
336844
336850
336896
336930
336964
336980
337006
337024
337034
337040
337044
337060
337144
337164
337190
337196
337206
337220
337226
337230
337274
337300
337324
337356
337364
337370
337376
337390
337396
337406
337416
337440
337444
337466
337504
337536
337554
337574
337596
337604
337610
337620
337666
337676
337690
337694
337704
337720
337736
337814
337830
337840
337846
337860
337866
337870
337876
337884
337906
337924
337974
337980
338014
338020
338040
338046
338074
338104
338106
338114
338124
338140
338176
338230
338240
338246
338254
338264
338280
338284
338286
338306
338316
338324
338350
338354
338366
338376
338390
338400
338414
338444
338454
338494
338504
338514
338524
338530
338536
338566
338586
338656
338664
338686
338714
338724
338726
338734
338750
338776
338784
338804
338816
338830
338836
338864
338890
338900
338904
338960
338990
339014
339034
339036
339050
339054
339106
339140
339150
339164
339166
339176
339200
339206
339236
339244
339246
339260
339274
339280
339286
339320
339330
339340
339380
339410
339414
339416
339434
339446
339456
339504
339514
339524
339540
339556
339574
339606
339616
339634
339650
339674
339684
339686
339704
339706
339730
339796
339824
339846
339896
339900
339920
339924
339930
339986
339990
340006
340016
340040
340044
340050
340074
340076
340094
340126
340130
340146
340190
340194
340210
340286
340300
340314
340316
340354
340364
340386
340434
340444
340450
340460
340474
340476
340494
340516
340524
340536
340550
340584
340586
340594
340606
340610
340620
340656
340666
340694
340700
340706
340720
340734
340740
340750
340754
340780
340794
340814
340844
340886
340916
340934
340944
340954
340980
340996
341046
341054
341056
341100
341120
341136
341150
341176
341196
341200
341266
341276
341286
341326
341340
341344
341354
341380
341404
341454
341474
341484
341496
341506
341510
341514
341520
341524
341556
341586
341600
341626
341634
341640
341654
341706
341734
341750
341760
341784
341786
341796
341824
341846
341854
341870
341906
341920
341930
341940
341950
341954
341994
342024
342026
342050
342076
342080
342144
342164
342174
342176
342210
342224
342226
342254
342264
342280
342286
342314
342320
342346
342356
342370
342374
342394
342406
342414
342426
342430
342436
342440
342450
342484
342496
342510
342524
342534
342544
342556
342566
342570
342604
342606
342630
342640
342644
342650
342680
342694
342696
342704
342720
342730
342754
342780
342790
342796
342800
342814
342816
342846
342856
342876
342930
342950
343066
343076
343080
343084
343100
343106
343110
343126
343134
343184
343186
343210
343254
343300
343310
343324
343394
343414
343434
343444
343456
343474
343484
343490
343500
343510
343564
343620
343656
343670
343674
343680
343706
343714
343740
343766
343786
343796
343800
343824
343840
343854
343860
343866
343904
343924
343926
343956
343960
343980
344006
344026
344030
344036
344124
344164
344174
344214
344216
344236
344240
344256
344264
344270
344290
344306
344320
344324
344340
344366
344374
344386
344394
344406
344410
344426
344436
344446
344490
344500
344504
344506
344520
344546
344554
344580
344604
344630
344640
344656
344684
344720
344750
344774
344784
344796
344814
344826
344850
344854
344904
344916
344946
344964
345020
345074
345076
345124
345134
345156
345226
345234
345256
345284
345330
345360
345370
345384
345386
345394
345396
345400
345404
345440
345446
345466
345476
345486
345490
345514
345520
345544
345556
345566
345570
345604
345630
345650
345664
345666
345684
345690
345694
345816
345830
345836
345854
345884
345894
345904
345914
345930
345960
345970
345976
345984
345996
346010
346020
346046
346070
346076
346086
346096
346106
346114
346136
346144
346170
346174
346194
346196
346204
346206
346210
346270
346284
346296
346300
346316
346324
346334
346384
346386
346404
346414
346424
346460
346496
346514
346534
346550
346580
346606
346630
346636
346680
346686
346730
346750
346764
346790
346800
346814
346816
346820
346834
346836
346840
346856
346866
346870
346876
346890
346924
346946
346954
346964
346970
346990
347016
347020
347024
347036
347080
347106
347114
347116
347124
347146
347164
347174
347184
347190
347194
347206
347224
347230
347254
347324
347336
347356
347396
347400
347426
347440
347444
347470
347496
347540
347574
347590
347594
347610
347614
347624
347644
347656
347660
347666
347684
347696
347724
347736
347746
347754
347776
347826
347856
347860
347874
347906
347910
347944
347970
347980
348000
348030
348034
348084
348086
348094
348136
348144
348150
348160
348216
348274
348276
348280
348294
348296
348316
348350
348374
348390
348396
348400
348420
348430
348454
348464
348474
348514
348516
348520
348536
348566
348576
348584
348594
348610
348624
348634
348646
348680
348764
348786
348794
348820
348854
348866
348910
348920
348926
348936
348944
348950
348956
348994
348996
349000
349036
349050
349060
349076
349096
349100
349144
349154
349166
349174
349190
349216
349234
349246
349256
349284
349290
349316
349324
349326
349334
349350
349376
349384
349400
349426
349436
349446
349466
349544
349546
349586
349590
349606
349620
349650
349696
349700
349740
349746
349756
349774
349784
349840
349870
349904
349906
349910
349956
349964
349974
350006
350024
350040
350044
350064
350080
350086
350104
350114
350116
350146
350164
350200
350206
350210
350240
350246
350256
350276
350286
350296
350304
350324
350330
350344
350356
350364
350416
350484
350496
350526
350554
350586
350596
350666
350684
350690
350704
350734
350760
350770
350776
350794
350806
350814
350824
350856
350870
350900
350926
350934
350954
350964
350974
350980
350994
351036
351064
351100
351126
351134
351150
351180
351184
351186
351204
351206
351240
351266
351276
351286
351290
351300
351316
351344
351354
351366
351374
351384
351390
351414
351426
351436
351444
351446
351464
351510
351576
351594
351600
351604
351610
351620
351636
351650
351670
351674
351704
351706
351714
351740
351774
351800
351810
351834
351926
352004
352016
352030
352046
352094
352104
352120
352124
352166
352170
352174
352184
352186
352194
352200
352224
352310
352340
352350
352366
352384
352400
352424
352460
352466
352514
352546
352554
352556
352560
352566
352574
352580
352590
352600
352606
352624
352640
352660
352666
352676
352684
352706
352736
352740
352756
352790
352804
352810
352816
352850
352946
352956
352980
353004
353006
353014
353044
353050
353054
353064
353076
353096
353104
353126
353136
353146
353160
353180
353184
353200
353216
353234
353250
353294
353300
353334
353340
353376
353380
353444
353450
353456
353526
353546
353554
353584
353610
353626
353636
353650
353674
353676
353680
353700
353704
353710
353756
353794
353810
353814
353824
353840
353854
353856
353860
353896
353900
353916
353974
353984
354030
354040
354054
354100
354104
354120
354124
354200
354204
354210
354214
354234
354260
354274
354314
354316
354330
354340
354350
354356
354390
354396
354486
354506
354524
354550
354564
354594
354626
354634
354636
354666
354686
354696
354744
354754
354756
354784
354796
354800
354810
354834
354860
354870
354884
354894
354906
354936
354940
354950
354974
354994
355014
355016
355020
355044
355080
355084
355096
355104
355136
355140
355156
355166
355196
355244
355290
355294
355300
355326
355344
355396
355446
355450
355496
355514
355526
355540
355546
355590
355604
355614
355616
355630
355656
355686
355690
355694
355696
355730
355764
355794
355804
355836
355850
355884
355886
355890
355936
355960
355964
355996
356054
356056
356064
356110
356160
356164
356174
356204
356216
356254
356266
356276
356284
356330
356344
356360
356366
356376
356380
356386
356394
356406
356414
356420
356424
356440
356444
356466
356496
356510
356516
356544
356564
356570
356576
356580
356590
356604
356606
356626
356636
356640
356644
356680
356684
356696
356706
356710
356714
356734
356774
356844
356850
356876
356880
356890
356906
356980
356984
356994
357000
357020
357054
357080
357116
357134
357136
357156
357164
357316
357320
357364
357374
357380
357420
357424
357450
357460
357464
357474
357484
357490
357496
357504
357536
357590
357610
357626
357646
357686
357696
357704
357730
357750
357770
357774
357806
357810
357840
357874
357910
357916
357926
357996
358004
358014
358026
358036
358060
358070
358074
358110
358134
358140
358150
358174
358176
358200
358206
358224
358244
358256
358260
358276
358294
358304
358334
358344
358354
358380
358396
358400
358406
358426
358430
358436
358446
358460
358484
358546
358576
358596
358604
358614
358620
358650
358656
358666
358710
358750
358754
358774
358794
358810
358880
358884
358926
359004
359020
359024
359030
359064
359076
359100
359144
359160
359164
359176
359186
359230
359256
359294
359296
359300
359306
359366
359386
359400
359404
359420
359434
359450
359470
359474
359506
359544
359564
359566
359586
359604
359680
359714
359764
359774
359800
359814
359834
359846
359854
359880
359904
359906
359916
359924
359964
359966
359980
359986
360000
360010
360020
360034
360036
360044
360084
360096
360104
360120
360126
360174
360180
360184
360204
360220
360224
360230
360244
360270
360314
360334
360344
360350
360360
360364
360380
360384
360406
360414
360426
360434
360436
360450
360494
360544
360546
360554
360564
360570
360606
360610
360616
360620
360644
360650
360726
360734
360746
360754
360760
360764
360790
360796
360870
360876
360886
360910
360930
360956
361000
361010
361036
361046
361064
361100
361134
361140
361164
361190
361194
361224
361230
361264
361286
361310
361316
361344
361346
361350
361360
361380
361394
361420
361426
361446
361466
361474
361480
361500
361530
361534
361554
361566
361606
361614
361624
361630
361640
361646
361664
361666
361714
361724
361726
361744
361774
361784
361830
361846
361864
361880
361884
361896
361910
361920
361930
361944
361946
361984
362000
362030
362056
362184
362190
362194
362204
362230
362234
362260
362284
362306
362320
362336
362340
362350
362360
362364
362366
362426
362456
362476
362480
362496
362544
362574
362584
362586
362590
362626
362646
362650
362670
362684
362704
362706
362724
362746
362780
362794
362814
362820
362826
362840
362880
362884
362896
362904
362940
362966
362970
363006
363016
363024
363044
363060
363106
363130
363156
363166
363170
363194
363200
363214
363230
363236
363240
363246
363250
363256
363276
363284
363304
363350
363376
363404
363426
363460
363476
363546
363554
363570
363574
363580
363646
363664
363686
363690
363734
363746
363750
363756
363776
363806
363816
363834
363890
363900
363910
363916
363950
363960
363990
364006
364016
364040
364064
364094
364104
364114
364126
364166
364180
364210
364244
364256
364260
364266
364324
364350
364360
364380
364384
364394
364454
364470
364534
364536
364560
364566
364570
364574
364596
364614
364644
364650
364656
364660
364674
364676
364706
364804
364836
364854
364870
364874
364880
364886
364914
364916
364964
365000
365066
365076
365080
365090
365106
365134
365186
365284
365310
365320
365346
365366
365374
365376
365426
365434
365460
365514
365520
365534
365550
365556
365560
365590
365600
365686
365726
365740
365764
365784
365826
365840
365856
365866
365896
365914
365920
365930
365944
365956
365960
365966
365974
365990
366000
366004
366066
366104
366110
366126
366136
366156
366160
366190
366230
366240
366246
366266
366274
366276
366330
366336
366396
366446
366450
366484
366486
366500
366510
366520
366526
366554
366570
366574
366576
366594
366604
366610
366616
366636
366650
366656
366666
366674
366690
366704
366734
366744
366756
366760
366776
366810
366854
366860
366870
366914
366934
366940
366964
366994
367006
367014
367040
367054
367056
367066
367074
367084
367116
367126
367140
367160
367176
367224
367234
367250
367274
367276
367280
367286
367304
367316
367324
367350
367370
367380
367420
367430
367444
367454
367484
367486
367496
367506
367550
367594
367600
367610
367620
367640
367670
367754
367756
367864
367894
367904
367914
367990
368000
368044
368050
368076
368086
368120
368154
368164
368170
368180
368186
368226
368310
368374
368416
368424
368434
368436
368450
368460
368466
368484
368510
368566
368580
368606
368644
368656
368730
368806
368830
368860
368864
368866
368890
368894
368914
368934
368936
368976
368980
368990
368994
369004
369020
369034
369056
369060
369070
369080
369084
369090
369096
369110
369144
369146
369190
369194
369224
369230
369264
369294
369300
369306
369314
369320
369330
369350
369396
369420
369424
369430
369436
369444
369454
369496
369540
369560
369580
369600
369656
369666
369684
369690
369694
369714
369756
369760
369836
369874
369876
369886
369914
369926
369930
369956
369990
370004
370056
370100
370104
370114
370124
370136
370176
370184
370200
370224
370236
370244
370246
370296
370330
370340
370350
370354
370396
370406
370416
370420
370424
370446
370454
370484
370530
370540
370556
370620
370624
370634
370636
370640
370670
370684
370704
370710
370714
370730
370780
370784
370786
370796
370816
370824
370860
370870
370884
370914
370926
370946
370984
370996
371010
371016
371024
371026
371034
371040
371050
371066
371150
371180
371206
371234
371244
371290
371300
371336
371356
371384
371414
371426
371436
371450
371460
371464
371466
371476
371484
371504
371526
371550
371566
371576
371596
371620
371640
371654
371660
371694
371700
371750
371764
371800
371810
371824
371836
371846
371864
371880
371890
371910
371916
371944
371970
371980
371994
371996
372006
372010
372014
372034
372036
372046
372064
372076
372080
372106
372204
372220
372284
372326
372340
372356
372360
372384
372396
372404
372424
372434
372444
372450
372460
372496
372524
372526
372550
372554
372566
372586
372590
372594
372600
372606
372616
372626
372674
372734
372756
372774
372800
372820
372824
372830
372844
372850
372860
372946
372956
372960
372964
372974
372980
372990
372994
373006
373016
373020
373034
373070
373100
373106
373110
373116
373164
373174
373194
373204
373206
373210
373226
373244
373284
373310
373344
373356
373360
373366
373380
373390
373400
373424
373444
373470
373530
373570
373580
373594
373604
373610
373616
373646
373670
373684
373696
373704
373720
373734
373744
373750
373756
373770
373776
373790
373824
373830
373840
373864
373866
373874
373884
373900
373954
373960
373974
373994
374024
374026
374040
374050
374090
374126
374136
374144
374156
374180
374194
374206
374214
374220
374254
374290
374294
374394
374396
374400
374406
374414
374420
374426
374440
374454
374466
374476
374516
374524
374534
374550
374556
374560
374570
374584
374614
374646
374664
374670
374696
374714
374760
374764
374774
374826
374894
374896
374920
374926
374930
374940
374976
375000
375010
375014
375020
375030
375034
375044
375056
375066
375070
375106
375114
375150
375154
375166
375184
375234
375314
375324
375336
375340
375360
375400
375404
375416
375426
375430
375440
375450
375456
375464
375520
375540
375570
375586
375616
375646
375664
375680
375684
375686
375820
375824
375826
375834
375844
375870
375946
375960
375984
375986
375990
376006
376034
376064
376066
376090
376096
376100
376116
376130
376154
376174
376190
376204
376230
376236
376246
376286
376294
376300
376314
376324
376334
376346
376366
376390
376400
376404
376406
376416
376424
376440
376454
376464
376470
376474
376476
376500
376516
376560
376570
376600
376620
376630
376674
376684
376736
376776
376790
376794
376796
376804
376806
376830
376854
376864
376866
376890
376934
376976
376980
376990
376994
377006
377020
377080
377094
377100
377120
377126
377130
377136
377170
377204
377236
377256
377266
377276
377280
377286
377290
377300
377324
377350
377376
377380
377416
377420
377440
377444
377446
377576
377596
377614
377630
377646
377654
377700
377706
377756
377786
377790
377794
377810
377864
377874
377926
377930
377950
377984
377990
378004
378030
378034
378046
378080
378086
378096
378116
378160
378166
378194
378200
378260
378274
378276
378300
378340
378414
378420
378426
378446
378466
378470
378530
378546
378566
378570
378580
378596
378606
378650
378660
378676
378684
378686
378690
378704
378716
378754
378766
378780
378794
378796
378820
378840
378846
378884
378896
378910
378944
378956
378964
378966
378976
378986
379024
379030
379056
379060
379084
379110
379194
379204
379220
379230
379234
379260
379294
379336
379360
379380
379394
379414
379416
379420
379434
379456
379484
379490
379524
379526
379534
379676
379706
379720
379724
379726
379734
379754
379794
379814
379840
379884
379890
379914
379916
379940
379944
379974
379976
379990
380000
380016
380026
380030
380094
380126
380156
380170
380250
380254
380306
380316
380326
380364
380374
380380
380386
380394
380406
380416
380436
380474
380480
380494
380516
380536
380556
380560
380604
380610
380654
380670
380706
380714
380740
380746
380774
380794
380806
380820
380836
380876
380880
380914
380926
380936
380964
381006
381010
381036
381050
381060
381066
381080
381084
381096
381120
381150
381166
381176
381190
381210
381216
381236
381260
381270
381290
381320
381356
381394
381400
381456
381460
381474
381504
381556
381560
381634
381640
381644
381656
381700
381726
381730
381746
381774
381830
381840
381874
381900
381930
381944
381956
381970
381990
382014
382016
382024
382030
382040
382066
382074
382076
382106
382126
382134
382144
382146
382184
382214
382226
382236
382240
382304
382314
382336
382340
382380
382384
382386
382430
382446
382456
382484
382486
382506
382510
382516
382536
382540
382544
382554
382576
382626
382646
382680
382706
382724
382760
382804
382850
382866
382876
382896
382906
382960
382964
382966
382970
382984
382994
383016
383034
383060
383094
383100
383120
383140
383146
383174
383214
383216
383250
383256
383264
383290
383294
383304
383344
383390
383434
383436
383454
383470
383480
383514
383540
383554
383656
383704
383706
383730
383760
383766
383776
383800
383806
383824
383854
383860
383866
383900
383910
383916
383970
383990
384004
384010
384014
384024
384084
384096
384104
384110
384124
384134
384144
384156
384160
384176
384186
384216
384224
384234
384254
384290
384300
384304
384346
384356
384394
384406
384420
384440
384460
384474
384484
384500
384526
384540
384546
384550
384566
384614
384656
384666
384684
384690
384710
384744
384770
384786
384826
384830
384854
384890
384894
384926
384946
385004
385010
385030
385096
385100
385106
385124
385134
385150
385196
385200
385206
385214
385220
385230
385236
385240
385294
385310
385314
385316
385320
385334
385370
385374
385376
385414
385430
385440
385474
385504
385554
385574
385576
385580
385594
385610
385616
385674
385690
385706
385716
385724
385736
385750
385790
385800
385816
385820
385840
385850
385854
385856
385894
385906
385914
385940
385946
385956
385970
385974
385984
385994
386010
386020
386046
386050
386084
386090
386104
386110
386114
386156
386184
386190
386204
386206
386246
386254
386256
386266
386284
386306
386310
386320
386336
386356
386364
386374
386376
386390
386410
386480
386484
386494
386504
386520
386536
386564
386574
386596
386600
386604
386634
386666
386670
386684
386704
386774
386786
386830
386850
386880
386886
386896
386936
386954
386980
386994
387004
387016
387074
387076
387130
387160
387166
387176
387194
387250
387280
387284
387286
387296
387320
387334
387344
387364
387374
387380
387416
387424
387490
387524
387534
387546
387556
387624
387640
387686
387696
387700
387716
387734
387744
387814
387880
387900
387904
387906
387920
387926
387960
387966
387984
387986
388026
388030
388044
388100
388150
388160
388164
388166
388186
388190
388230
388236
388256
388270
388274
388290
388300
388326
388330
388340
388416
388424
388444
388476
388486
388546
388550
388564
388574
388634
388644
388660
388674
388686
388690
388696
388700
388710
388714
388736
388740
388766
388776
388780
388784
388810
388826
388830
388834
388856
388866
388914
388974
389006
389014
389060
389070
389116
389120
389146
389164
389214
389256
389260
389294
389310
389326
389334
389340
389344
389346
389356
389370
389376
389404
389416
389426
389460
389476
389480
389484
389486
389506
389536
389546
389556
389590
389600
389606
389624
389650
389664
389700
389734
389736
389770
389790
389834
389844
389846
389886
389906
389970
390006
390026
390030
390056
390064
390090
390104
390116
390130
390136
390170
390176
390220
390240
390244
390246
390250
390266
390280
390340
390380
390404
390470
390480
390490
390524
390536
390546
390556
390574
390586
390620
390636
390646
390660
390674
390696
390706
390754
390770
390774
390784
390786
390790
390806
390810
390836
390886
390916
390920
390930
390934
390946
390974
391050
391066
391104
391116
391124
391156
391176
391220
391224
391236
391260
391274
391290
391294
391300
391324
391340
391366
391394
391400
391414
391416
391424
391440
391496
391504
391554
391576
391580
391590
391596
391606
391610
391636
391644
391694
391696
391740
391766
391770
391790
391800
391804
391834
391840
391866
391886
391924
391934
391940
391944
391950
391960
391974
391996
392004
392026
392066
392104
392190
392200
392204
392210
392216
392224
392236
392250
392260
392286
392314
392326
392344
392360
392366
392370
392376
392380
392394
392396
392404
392414
392480
392586
392596
392620
392624
392626
392664
392734
392736
392744
392750
392754
392780
392810
392814
392824
392834
392854
392876
392924
392926
392936
392944
392980
393004
393026
393064
393074
393096
393114
393116
393166
393174
393176
393186
393204
393210
393244
393250
393276
393306
393330
393334
393340
393354
393356
393380
393434
393474
393494
393496
393510
393556
393560
393584
393660
393670
393676
393680
393696
393704
393746
393756
393794
393800
393816
393844
393864
393916
393936
393950
393956
393980
394004
394024
394034
394070
394080
394084
394106
394114
394120
394134
394150
394176
394250
394264
394276
394280
394344
394346
394374
394384
394390
394394
394416
394434
394444
394494
394510
394514
394526
394544
394546
394550
394554
394560
394576
394590
394614
394624
394626
394630
394640
394650
394704
394754
394786
394834
394836
394856
394860
394886
394890
394924
394936
394954
394956
395004
395034
395046
395060
395064
395100
395134
395164
395170
395174
395180
395184
395210
395226
395264
395274
395300
395334
395336
395346
395434
395480
395486
395500
395510
395540
395564
395566
395580
395640
395644
395656
395670
395710
395720
395750
395776
395800
395810
395826
395844
395850
395860
395914
395950
395974
395990
395996
396034
396044
396060
396074
396124
396134
396176
396216
396220
396234
396286
396294
396330
396340
396390
396394
396406
396416
396474
396480
396510
396530
396564
396620
396644
396654
396656
396680
396714
396734
396736
396740
396756
396760
396780
396786
396800
396840
396850
396854
396884
396904
396910
396936
396956
396990
397050
397066
397086
397100
397110
397174
397214
397216
397250
397256
397270
397274
397310
397326
397360
397384
397390
397394
397414
397416
397420
397434
397476
397494
397510
397536
397554
397590
397594
397614
397624
397630
397640
397644
397646
397654
397656
397680
397690
397706
397716
397726
397764
397784
397806
397824
397884
397900
397956
397976
397986
398010
398030
398056
398070
398074
398090
398116
398150
398174
398176
398184
398236
398244
398264
398270
398316
398344
398350
398360
398384
398394
398420
398430
398436
398440
398444
398460
398486
398490
398500
398504
398514
398540
398584
398594
398604
398606
398656
398664
398710
398726
398736
398750
398760
398764
398774
398784
398786
398794
398804
398814
398836
398846
398870
398876
398894
398896
398904
398906
398924
398946
398950
398964
398974
398976
398996
399034
399074
399106
399140
399174
399176
399180
399184
399194
399216
399280
399286
399294
399296
399304
399320
399330
399346
399370
399386
399396
399414
399426
399444
399474
399476
399526
399580
399584
399596
399604
399614
399616
399624
399626
399634
399646
399656
399660
399714
399764
399796
399850
399854
399874
399900
399910
399920
399936
399944
399990
400016
400020
400024
400060
400084
400094
400114
400144
400156
400160
400164
400206
400224
400234
400250
400264
400266
400280
400284
400294
400300
400306
400310
400336
400416
400424
400430
400436
400440
400450
400474
400484
400506
400514
400546
400566
400596
400610
400634
400640
400654
400656
400664
400726
400764
400770
400800
400804
400814
400844
400874
400880
400914
400916
400920
400956
400970
400986
400994
401010
401014
401054
401056
401066
401070
401076
401096
401100
401114
401210
401216
401220
401270
401284
401294
401326
401360
401410
401426
401494
401506
401516
401520
401524
401540
401560
401564
401576
401596
401644
401654
401684
401690
401704
401716
401736
401776
401794
401806
401820
401824
401844
401856
401860
401886
401954
401960
401966
402000
402024
402050
402066
402074
402094
402120
402146
402154
402200
402210
402220
402226
402234
402236
402244
402274
402294
402304
402310
402354
402364
402370
402376
402380
402400
402404
402434
402440
402456
402464
402470
402484
402536
402544
402546
402560
402574
402580
402614
402626
402630
402636
402656
402746
402750
402756
402796
402804
402840
402844
402846
402864
402874
402906
402910
402950
402974
402976
402986
402990
403024
403046
403064
403090
403116
403120
403124
403126
403156
403166
403180
403184
403186
403196
403214
403240
403246
403250
403256
403264
403266
403274
403276
403280
403284
403334
403364
403400
403416
403480
403496
403514
403544
403546
403556
403570
403574
403596
403604
403614
403696
403730
403740
403760
403774
403796
403820
403846
403860
403914
403940
403986
404004
404024
404054
404066
404070
404116
404150
404160
404184
404200
404224
404244
404260
404276
404280
404284
404296
404316
404326
404340
404346
404376
404390
404406
404410
404440
404470
404506
404510
404530
404550
404574
404590
404634
404636
404670
404674
404680
404686
404694
404714
404716
404744
404754
404790
404796
404814
404824
404836
404874
404896
404920
404924
404930
404954
404986
405006
405014
405044
405054
405076
405100
405110
405116
405136
405160
405170
405184
405226
405260
405264
405320
405354
405370
405444
405470
405496
405520
405554
405576
405596
405630
405654
405680
405710
405714
405724
405730
405770
405796
405830
405836
405864
405876
405880
405906
405914
405934
406006
406026
406054
406084
406120
406136
406140
406144
406156
406176
406246
406264
406286
406300
406314
406334
406356
406366
406370
406376
406396
406416
406464
406486
406504
406526
406530
406560
406600
406604
406664
406680
406686
406714
406734
406740
406750
406754
406776
406836
406890
406894
406906
406910
406924
406954
406980
407014
407036
407060
407084
407144
407156
407160
407190
407196
407200
407236
407260
407270
407304
407306
407340
407370
407466
407474
407500
407536
407546
407556
407560
407564
407570
407604
407624
407634
407644
407666
407676
407696
407700
407704
407716
407720
407756
407770
407794
407816
407846
407856
407884
407910
407924
407986
408016
408034
408044
408056
408060
408080
408084
408090
408094
408126
408214
408220
408224
408226
408266
408294
408306
408314
408320
408324
408330
408334
408340
408356
408380
408386
408420
408444
408460
408470
408484
408516
408526
408550
408570
408590
408606
408610
408620
408626
408630
408640
408644
408664
408690
408716
408726
408784
408794
408814
408824
408870
408874
408876
408896
408916
408926
408940
408960
408964
409020
409026
409074
409094
409096
409100
409104
409134
409174
409204
409210
409216
409240
409264
409270
409286
409306
409316
409354
409396
409400
409420
409446
409460
409474
409486
409506
409616
409654
409656
409684
409736
409754
409756
409810
409824
409844
409850
409860
409864
409876
409884
409914
409920
409964
409994
409996
410000
410016
410034
410060
410074
410110
410120
410136
410154
410170
410186
410216
410234
410264
410266
410270
410284
410334
410374
410414
410416
410424
410464
410466
410530
410564
410586
410590
410596
410616
410630
410634
410640
410666
410696
410700
410754
410774
410776
410786
410796
410804
410810
410814
410830
410840
410856
410866
410910
410936
410940
410980
410984
411004
411010
411014
411044
411086
411106
411110
411126
411134
411136
411160
411176
411240
411244
411246
411256
411264
411296
411326
411330
411340
411366
411376
411384
411386
411400
411414
411420
411450
411454
411466
411470
411486
411490
411500
411504
411516
411530
411534
411550
411554
411576
411584
411596
411610
411630
411654
411664
411694
411704
411706
411760
411764
411784
411786
411824
411826
411850
411856
411916
411920
411930
411950
411960
411984
411994
412024
412080
412094
412106
412124
412146
412154
412176
412180
412184
412206
412210
412226
412250
412256
412284
412286
412296
412320
412364
412374
412386
412400
412486
412580
412606
412644
412710
412714
412724
412786
412796
412806
412814
412826
412830
412860
412874
412876
412896
412904
412936
412954
412956
412970
412974
412980
413040
413086
413114
413116
413120
413126
413154
413234
413250
413270
413306
413316
413326
413364
413374
413380
413416
413420
413424
413446
413456
413466
413490
413500
413524
413540
413544
413560
413650
413670
413700
413734
413770
413806
413830
413836
413870
413894
413970
414020
414034
414054
414070
414096
414104
414126
414144
414186
414220
414234
414236
414244
414256
414270
414274
414304
414316
414326
414334
414374
414376
414420
414434
414454
414470
414496
414516
414530
414544
414576
414580
414586
414620
414644
414650
414664
414674
414704
414710
414720
414726
414756
414800
414824
414834
414836
414844
414846
414856
414876
414894
414904
414910
414946
414976
415016
415040
415050
415074
415084
415096
415104
415106
415140
415164
415180
415200
415230
415236
415244
415256
415266
415274
415276
415300
415330
415344
415346
415354
415364
415396
415424
415434
415474
415494
415496
415530
415534
415536
415574
415600
415606
415634
415694
415716
415724
415734
415736
415740
415746
415750
415766
415796
415804
415820
415840
415846
415860
415866
415880
415890
415896
415900
415916
415920
415924
415980
415990
416010
416024
416026
416064
416084
416120
416140
416160
416176
416184
416210
416230
416250
416260
416280
416296
416344
416354
416400
416406
416410
416416
416430
416480
416490
416506
416520
416546
416566
416574
416586
416620
416634
416676
416704
416750
416780
416786
416806
416816
416830
416880
416886
416900
416906
416940
416966
416990
417000
417004
417026
417036
417104
417106
417130
417134
417146
417164
417170
417200
417226
417234
417236
417270
417274
417284
417296
417306
417340
417374
417390
417404
417410
417420
417480
417484
417486
417506
417590
417596
417624
417634
417636
417644
417684
417690
417700
417710
417744
417756
417766
417770
417780
417814
417816
417834
417836
417850
417860
417874
417930
417934
417940
417954
417964
417974
417980
418006
418016
418040
418054
418070
418074
418084
418090
418116
418154
418164
418186
418194
418240
418256
418260
418294
418304
418320
418354
418376
418404
418430
418450
418466
418470
418486
418576
418584
418596
418600
418620
418626
418684
418710
418750
418770
418784
418804
418810
418814
418840
418844
418860
418874
418900
418914
418916
418934
418950
418954
418990
419006
419030
419036
419064
419074
419104
419106
419110
419136
419146
419166
419176
419194
419196
419210
419214
419220
419240
419244
419246
419274
419286
419296
419300
419324
419344
419370
419390
419400
419434
419436
419456
419484
419490
419494
419510
419514
419520
419524
419534
419546
419620
419654
419664
419670
419696
419740
419770
419784
419806
419876
419880
419884
419906
419910
419914
419916
419920
419924
419950
420000
420014
420016
420044
420070
420084
420086
420094
420110
420130
420146
420250
420254
420266
420276
420286
420294
420296
420306
420316
420336
420356
420390
420404
420460
420504
420510
420540
420564
420586
420630
420660
420676
420680
420700
420704
420730
420800
420810
420824
420830
420834
420840
420864
420904
420920
420946
420966
420970
420990
421016
421056
421074
421080
421084
421124
421134
421174
421220
421224
421246
421250
421304
421326
421330
421340
421344
421354
421370
421376
421384
421394
421396
421404
421446
421466
421476
421484
421500
421514
421550
421574
421640
421666
421670
421680
421684
421690
421726
421746
421820
421830
421864
421870
421890
421896
421916
421934
421966
421974
421984
422026
422034
422056
422064
422084
422100
422110
422116
422126
422204
422210
422244
422256
422260
422270
422304
422356
422366
422390
422400
422406
422470
422476
422490
422494
422530
422584
422610
422614
422646
422656
422666
422670
422676
422696
422710
422720
422724
422734
422736
422790
422850
422860
422870
422874
422880
422884
422900
422914
422946
422966
422980
423000
423020
423026
423030
423034
423060
423094
423096
423120
423130
423166
423174
423190
423206
423224
423254
423256
423306
423344
423356
423380
423384
423386
423410
423460
423486
423510
423526
423560
423566
423590
423654
423664
423666
423686
423710
423724
423734
423764
423796
423820
423824
423846
423854
423880
423894
423914
423920
423926
423944
423954
423956
423966
423980
423994
424036
424056
424070
424110
424114
424134
424150
424160
424216
424254
424280
424296
424306
424344
424360
424404
424414
424420
424430
424440
424446
424466
424474
424480
424524
424534
424540
424570
424604
424616
424636
424660
424686
424700
424704
424720
424730
424734
424776
424784
424794
424846
424864
424866
424890
424930
424934
424944
424986
425006
425010
425020
425026
425044
425046
425084
425086
425096
425114
425156
425164
425180
425214
425254
425256
425280
425286
425296
425334
425374
425390
425396
425414
425416
425424
425436
425440
425510
425546
425554
425556
425566
425596
425600
425634
425724
425734
425736
425746
425750
425754
425764
425774
425814
425834
425844
425856
425890
425926
425930
425946
425960
425986
425996
426010
426020
426030
426036
426060
426064
426066
426076
426094
426110
426134
426156
426164
426190
426206
426214
426250
426264
426270
426280
426316
426336
426354
426374
426416
426430
426436
426446
426540
426570
426630
426646
426654
426676
426724
426794
426854
426890
426896
426904
426910
426936
426966
426994
427026
427054
427064
427086
427114
427140
427154
427160
427174
427176
427200
427244
427246
427284
427290
427300
427314
427320
427364
427400
427424
427426
427440
427450
427496
427514
427524
427570
427584
427594
427600
427616
427620
427670
427676
427730
427754
427756
427764
427810
427834
427866
427876
427980
427984
428014
428050
428070
428094
428106
428114
428116
428120
428130
428190
428206
428220
428224
428274
428286
428326
428334
428344
428360
428386
428390
428424
428440
428450
428456
428484
428490
428496
428526
428530
428554
428596
428604
428616
428626
428700
428760
428764
428790
428794
428834
428844
428854
428890
428894
428920
428926
428934
428964
428976
429000
429010
429020
429066
429114
429116
429126
429160
429180
429196
429214
429230
429234
429256
429274
429284
429296
429326
429334
429336
429396
429404
429426
429430
429440
429456
429496
429510
429534
429540
429550
429570
429584
429610
429636
429646
429674
429680
429690
429704
429706
429714
429740
429766
429776
429784
429834
429854
429914
429920
429936
429956
429984
430010
430030
430044
430046
430050
430054
430056
430064
430090
430106
430144
430154
430166
430180
430220
430226
430246
430254
430276
430294
430306
430324
430336
430340
430380
430404
430420
430426
430434
430486
430494
430510
430514
430536
430540
430556
430564
430574
430586
430590
430634
430636
430650
430666
430676
430684
430700
430736
430744
430756
430764
430766
430770
430774
430790
430804
430806
430840
430846
430914
430924
430934
430936
430944
430950
430956
430990
430996
431004
431016
431066
431070
431074
431096
431104
431120
431134
431146
431164
431180
431190
431200
431210
431214
431224
431264
431290
431310
431350
431360
431366
431420
431440
431470
431486
431510
431520
431570
431596
431610
431614
431630
431646
431654
431690
431700
431714
431720
431726
431734
431746
431766
431820
431824
431850
431854
431860
431876
431896
431916
431954
431960
431986
432004
432010
432044
432070
432084
432100
432104
432106
432120
432134
432176
432186
432226
432236
432256
432266
432300
432316
432356
432366
432380
432386
432410
432426
432430
432464
432480
432496
432504
432516
432520
432550
432566
432584
432630
432636
432640
432660
432666
432686
432706
432724
432730
432760
432776
432780
432794
432796
432810
432826
432834
432886
432920
432946
432956
432976
433004
433006
433014
433026
433044
433046
433076
433080
433084
433106
433110
433134
433154
433160
433170
433206
433226
433244
433270
433296
433304
433310
433314
433346
433384
433410
433434
433444
433456
433474
433494
433550
433554
433576
433650
433716
433754
433756
433786
433790
433814
433816
433824
433840
433874
433926
433936
433940
433954
433960
433966
433986
434030
434034
434064
434070
434086
434094
434134
434144
434170
434196
434216
434246
434254
434256
434264
434280
434294
434324
434336
434360
434366
434376
434420
434430
434436
434446
434454
434506
434540
434544
434560
434564
434576
434620
434684
434690
434730
434734
434766
434770
434784
434804
434824
434836
434840
434844
434870
434900
434914
434974
434984
435004
435020
435074
435084
435086
435110
435116
435130
435140
435146
435226
435234
435240
435250
435254
435280
435290
435304
435330
435376
435380
435386
435390
435420
435424
435426
435450
435474
435514
435530
435574
435580
435606
435620
435660
435666
435676
435754
435770
435776
435790
435806
435810
435814
435840
435864
435870
435874
435890
435900
435904
435936
435964
435996
436000
436004
436024
436036
436060
436084
436086
436104
436110
436130
436136
436164
436166
436170
436180
436186
436214
436256
436276
436286
436296
436304
436334
436336
436356
436364
436396
436416
436424
436426
436434
436450
436456
436464
436474
436484
436500
436524
436576
436580
436616
436620
436634
436664
436676
436684
436686
436720
436724
436736
436744
436776
436780
436790
436804
436814
436820
436826
436874
436894
436914
436920
436970
437004
437020
437086
437090
437106
437164
437196
437206
437284
437296
437306
437310
437330
437344
437350
437400
437426
437434
437446
437526
437530
437534
437554
437560
437580
437590
437594
437596
437620
437636
437646
437670
437674
437700
437710
437756
437760
437764
437776
437784
437800
437816
437826
437834
437840
437906
437934
437940
437960
437976
437986
437996
438010
438036
438054
438064
438070
438084
438096
438126
438130
438140
438166
438180
438194
438206
438210
438266
438276
438284
438286
438334
438336
438344
438354
438360
438364
438374
438416
438436
438440
438476
438490
438506
438516
438520
438546
438554
438566
438590
438594
438600
438616
438624
438636
438644
438660
438710
438730
438746
438756
438760
438780
438790
438864
438866
438894
438960
439024
439026
439084
439086
439134
439144
439170
439180
439190
439230
439254
439274
439326
439364
439390
439450
439466
439474
439580
439610
439620
439644
439646
439666
439680
439696
439736
439750
439774
439800
439810
439830
439836
439840
439866
439890
439900
439910
439920
439934
439940
439950
439960
440026
440046
440054
440056
440070
440080
440086
440096
440114
440124
440156
440170
440176
440184
440204
440216
440230
440234
440246
440254
440264
440280
440286
440300
440310
440334
440374
440384
440404
440420
440424
440430
440444
440446
440450
440456
440494
440504
440520
440524
440530
440544
440550
440564
440594
440600
440606
440616
440634
440680
440684
440710
440776
440844
440850
440860
440866
440906
440910
440914
440920
440934
441014
441060
441100
441106
441126
441140
441144
441170
441174
441184
441226
441236
441260
441270
441304
441326
441364
441366
441370
441424
441466
441480
441500
441516
441544
441560
441574
441586
441640
441650
441666
441676
441694
441714
441726
441730
441794
441806
441814
441850
441854
441864
441874
441876
441886
441900
441920
441926
441984
442000
442010
442014
442016
442026
442036
442040
442046
442074
442080
442110
442124
442126
442130
442150
442160
442170
442220
442240
442260
442264
442270
442324
442350
442386
442394
442406
442430
442456
442484
442490
442496
442516
442524
442530
442534
442654
442656
442664
442680
442696
442716
442754
442816
442826
442874
442886
442890
442904
442936
442946
442950
442984
442986
443000
443034
443056
443060
443080
443134
443144
443184
443196
443206
443226
443274
443300
443304
443316
443320
443346
443350
443354
443374
443416
443426
443444
443446
443450
443454
443460
443470
443484
443494
443586
443600
443614
443616
443644
443660
443674
443716
443744
443754
443790
443824
443830
443910
443946
444000
444026
444034
444066
444084
444090
444096
444100
444134
444156
444164
444186
444190
444194
444196
444220
444230
444284
444294
444310
444330
444366
444380
444394
444406
444416
444464
444536
444570
444574
444624
444666
444680
444704
444706
444710
444744
444786
444804
444810
444824
444830
444846
444850
444874
444880
444890
444914
444924
444926
444936
444960
444970
444976
445004
445020
445040
445070
445094
445096
445120
445134
445176
445194
445240
445246
445274
445296
445300
445324
445330
445354
445360
445386
445406
445410
445416
445454
445470
445484
445534
445536
445550
445576
445586
445610
445614
445630
445636
445644
445646
445656
445664
445680
445694
445714
445724
445740
445754
445766
445774
445780
445826
445874
445926
445936
445946
445954
445956
445990
446020
446036
446046
446054
446056
446060
446070
446080
446086
446094
446096
446120
446154
446156
446160
446164
446174
446176
446196
446210
446266
446306
446310
446316
446320
446330
446344
446354
446364
446384
446404
446406
446426
446444
446476
446486
446556
446564
446590
446600
446614
446616
446624
446640
446644
446664
446680
446716
446736
446796
446800
446816
446830
446884
446904
446920
446944
446946
446970
446986
446990
447004
447030
447034
447056
447060
447064
447090
447106
447144
447146
447154
447186
447220
447236
447276
447306
447314
447340
447370
447380
447384
447406
447430
447450
447460
447464
447476
447564
447576
447584
447596
447626
447664
447700
447726
447744
447746
447756
447766
447794
447800
447826
447846
447874
447904
447930
447960
447984
448036
448070
448110
448134
448146
448186
448204
448210
448230
448234
448250
448254
448306
448314
448316
448330
448366
448370
448380
448424
448486
448494
448510
448540
448556
448564
448606
448620
448630
448636
448640
448646
448650
448686
448746
448750
448784
448826
448840
448886
448916
448936
448946
448956
448980
448994
449006
449016
449020
449074
449084
449086
449096
449104
449124
449126
449134
449216
449224
449226
449244
449250
449264
449270
449284
449286
449290
449296
449316
449336
449344
449346
449356
449360
449384
449414
449436
449456
449490
449494
449504
449526
449550
449606
449616
449624
449640
449644
449650
449664
449666
449674
449690
449694
449716
449746
449754
449794
449814
449826
449846
449856
449890
449916
449920
449930
449944
449946
449954
450006
450014
450030
450040
450044
450070
450086
450110
450140
450144
450160
450200
450206
450236
450240
450256
450270
450314
450316
450366
450396
450400
450404
450426
450486
450500
450514
450524
450534
450560
450566
450570
450584
450586
450594
450600
450616
450626
450646
450680
450694
450710
450724
450746
450774
450784
450800
450824
450864
450914
450916
450924
450930
450934
450974
450986
451046
451064
451070
451080
451120
451126
451130
451146
451154
451200
451204
451220
451256
451334
451340
451366
451376
451384
451390
451400
451436
451444
451454
451500
451520
451526
451544
451556
451596
451630
451644
451650
451666
451674
451714
451756
451760
451780
451800
451814
451826
451840
451844
451854
451860
451880
451886
451896
451900
451906
451910
451920
451936
451946
451974
451996
452020
452024
452030
452046
452050
452090
452126
452140
452160
452186
452190
452194
452206
452216
452244
452270
452316
452346
452364
452370
452394
452404
452410
452416
452424
452456
452464
452480
452506
452576
452584
452594
452596
452674
452676
452686
452716
452724
452770
452784
452804
452810
452820
452830
452870
452924
452930
452946
452966
452970
453030
453066
453104
453106
453124
453140
453160
453176
453184
453204
453220
453236
453254
453310
453320
453324
453336
453366
453460
453470
453476
453486
453494
453506
453554
453584
453586
453610
453620
453634
453670
453684
453706
453720
453730
453736
453754
453766
453776
453840
453850
453854
453860
453886
453894
453924
453940
453966
454010
454024
454050
454060
454104
454114
454120
454130
454164
454174
454190
454200
454224
454234
454266
454284
454300
454314
454364
454376
454416
454444
454470
454480
454486
454506
454530
454536
454546
454554
454556
454570
454586
454620
454656
454694
454716
454726
454730
454734
454786
454794
454796
454830
454846
454850
454880
454896
454900
454920
454926
454954
455000
455004
455054
455100
455126
455144
455160
455166
455204
455244
455270
455276
455284
455334
455350
455384
455410
455414
455430
455446
455454
455456
455466
455480
455506
455510
455526
455576
455600
455644
455650
455654
455656
455670
455680
455690
455700
455726
455734
455764
455780
455784
455786
455796
455804
455820
455826
455880
455886
455890
455894
455946
455966
456020
456044
456050
456076
456120
456144
456146
456154
456156
456164
456170
456176
456184
456206
456234
456244
456246
456264
456286
456304
456314
456316
456326
456336
456340
456376
456400
456440
456450
456520
456524
456540
456560
456570
456610
456664
456686
456730
456754
456764
456810
456834
456850
456860
456866
456894
456900
456926
456946
456950
456980
457014
457016
457040
457050
457056
457064
457076
457094
457096
457106
457180
457204
457216
457220
457224
457250
457256
457274
457276
457294
457310
457334
457350
457366
457380
457396
457414
457416
457484
457490
457554
457560
457570
457584
457586
457594
457596
457600
457606
457650
457676
457700
457706
457716
457720
457734
457744
457760
457766
457786
457884
457886
457896
457966
457986
457994
458026
458040
458046
458080
458090
458116
458124
458174
458176
458196
458220
458234
458244
458260
458296
458300
458326
458344
458354
458356
458366
458376
458380
458396
458406
458464
458470
458484
458500
458514
458524
458546
458566
458574
458590
458600
458616
458634
458636
458640
458650
458660
458704
458750
458790
458796
458864
458874
458886
458890
458900
458916
458940
458984
458990
458994
459006
459046
459060
459094
459120
459170
459180
459186
459190
459210
459226
459240
459244
459346
459426
459444
459474
459484
459494
459504
459510
459530
459544
459550
459554
459570
459576
459596
459600
459626
459656
459670
459674
459680
459704
459716
459726
459730
459736
459774
459790
459794
459810
459814
459834
459850
459860
459864
459866
459886
459900
459910
459920
459926
459930
459936
459960
459966
459976
460020
460034
460066
460074
460076
460080
460120
460150
460174
460196
460210
460214
460226
460230
460250
460266
460280
460290
460294
460306
460310
460320
460324
460336
460350
460406
460414
460436
460456
460484
460516
460524
460536
460554
460574
460586
460604
460614
460620
460674
460690
460700
460720
460724
460770
460774
460814
460820
460826
460836
460896
460904
460906
460916
460930
460944
461006
461020
461034
461064
461090
461094
461096
461106
461124
461184
461216
461220
461224
461230
461244
461256
461264
461270
461290
461334
461370
461380
461386
461400
461416
461480
461490
461506
461510
461526
461536
461550
461566
461574
461584
461594
461616
461626
461636
461676
461684
461704
461734
461746
461756
461764
461770
461780
461810
461814
461834
461836
461910
461916
461974
461980
462006
462034
462110
462140
462146
462150
462160
462196
462230
462256
462270
462274
462304
462310
462320
462354
462356
462384
462386
462390
462424
462426
462450
462456
462466
462484
462486
462490
462500
462510
462516
462526
462534
462536
462546
462564
462606
462644
462664
462700
462726
462786
462800
462824
462830
462856
462884
462894
462900
462924
462930
462980
462984
463014
463020
463034
463046
463090
463096
463106
463114
463116
463124
463134
463140
463150
463154
463216
463240
463244
463274
463290
463310
463360
463376
463400
463426
463454
463460
463470
463476
463480
463486
463500
463506
463534
463566
463574
463584
463630
463634
463670
463694
463700
463714
463726
463774
463776
463784
463804
463810
463820
463830
463840
463846
463864
463920
463996
464020
464024
464054
464094
464100
464124
464136
464140
464150
464166
464184
464194
464200
464224
464276
464286
464304
464314
464324
464346
464354
464370
464424
464426
464450
464454
464466
464514
464520
464536
464544
464554
464596
464600
464616
464624
464666
464670
464676
464696
464704
464710
464720
464730
464774
464786
464876
464880
464894
464900
464904
464930
464984
464986
465000
465036
465046
465050
465076
465100
465120
465130
465160
465164
465250
465266
465274
465284
465334
465336
465344
465350
465360
465364
465394
465484
465526
465530
465556
465560
465580
465584
465594
465610
465630
465674
465726
465754
465806
465814
465820
465890
465924
465934
465936
465996
466020
466040
466044
466054
466064
466070
466074
466086
466096
466106
466114
466124
466130
466150
466164
466180
466184
466190
466196
466200
466210
466244
466254
466256
466270
466286
466310
466316
466320
466330
466350
466360
466386
466434
466440
466480
466486
466514
466534
466546
466550
466574
466590
466634
466644
466660
466670
466676
466710
466720
466730
466736
466740
466764
466810
466820
466836
466866
466870
466896
466906
466920
466950
466964
466974
466976
466990
467000
467024
467036
467060
467064
467080
467084
467090
467116
467126
467146
467166
467170
467184
467214
467256
467276
467314
467340
467354
467370
467380
467416
467426
467460
467474
467486
467560
467626
467634
467650
467656
467694
467704
467714
467726
467730
467744
467764
467814
467824
467850
467890
467900
467926
467936
467974
468010
468016
468050
468080
468110
468124
468136
468140
468154
468156
468160
468196
468214
468220
468224
468236
468250
468256
468260
468276
468290
468296
468300
468310
468314
468326
468344
468360
468364
468390
468394
468436
468446
468464
468506
468514
468566
468576
468604
468610
468634
468664
468676
468690
468704
468724
468766
468780
468806
468816
468820
468900
468904
468916
468930
468934
468950
468964
468984
469004
469030
469036
469066
469106
469124
469134
469180
469194
469200
469206
469216
469224
469244
469246
469270
469276
469280
469296
469300
469316
469326
469350
469364
469380
469390
469410
469414
469446
469470
469480
469484
469494
469554
469566
469600
469606
469666
469686
469694
469700
469710
469720
469770
469784
469790
469800
469824
469830
469860
469914
469934
469936
469940
469950
469956
469964
469976
469996
470004
470026
470090
470094
470100
470104
470106
470164
470174
470214
470274
470324
470330
470376
470396
470446
470470
470474
470476
470510
470536
470554
470580
470594
470614
470674
470676
470704
470706
470724
470736
470756
470766
470780
470806
470820
470824
470834
470846
470854
470874
470910
470916
470924
470926
470936
470940
470996
471044
471056
471080
471110
471116
471120
471144
471186
471220
471234
471260
471266
471324
471330
471364
471366
471384
471390
471426
471464
471484
471490
471496
471500
471504
471526
471536
471546
471574
471630
471634
471664
471764
471766
471770
471774
471794
471800
471816
471834
471880
471906
471940
471954
471990
472006
472014
472020
472044
472066
472130
472140
472146
472150
472176
472186
472234
472254
472294
472310
472316
472344
472346
472354
472394
472396
472404
472430
472440
472450
472486
472524
472530
472540
472546
472554
472640
472650
472666
472720
472726
472744
472760
472810
472830
472900
472916
472954
472960
472964
472966
472986
472990
472996
473006
473016
473054
473084
473100
473110
473126
473184
473194
473220
473246
473266
473274
473294
473314
473346
473360
473396
473424
473430
473434
473440
473444
473460
473486
473490
473550
473584
473586
473604
473636
473644
473666
473704
473716
473720
473740
473774
473796
473810
473826
473836
473840
473844
473866
473886
473904
473916
473944
473974
473984
473986
474006
474026
474030
474034
474056
474086
474110
474116
474136
474140
474146
474176
474190
474230
474234
474240
474290
474316
474340
474354
474374
474376
474410
474416
474424
474436
474450
474476
474480
474516
474536
474550
474554
474564
474580
474590
474594
474614
474620
474646
474650
474654
474686
474734
474736
474750
474754
474810
474826
474860
474884
474886
474900
474930
474940
474944
474964
474990
475004
475014
475020
475024
475030
475034
475100
475156
475190
475244
475254
475260
475270
475286
475300
475310
475320
475336
475344
475390
475394
475396
475410
475436
475446
475504
475556
475634
475640
475644
475686
475716
475774
475854
475876
475890
475916
475924
475926
475976
476086
476090
476100
476126
476144
476164
476170
476246
476296
476314
476320
476330
476340
476350
476376
476414
476450
476464
476466
476476
476490
476560
476564
476570
476584
476594
476596
476610
476670
476686
476696
476774
476794
476810
476816
476824
476834
476840
476856
476890
476904
476930
476960
476974
477034
477046
477080
477100
477140
477156
477206
477216
477226
477230
477240
477250
477256
477280
477304
477310
477324
477360
477414
477450
477476
477480
477510
477546
477564
477604
477610
477616
477656
477660
477694
477736
477860
477870
477876
477884
477890
477916
477930
477970
477986
478006
478020
478060
478076
478084
478114
478126
478154
478160
478166
478176
478186
478220
478234
478276
478294
478306
478310
478324
478354
478386
478394
478400
478414
478424
478436
478440
478446
478464
478476
478480
478506
478510
478524
478526
478530
478536
478606
478654
478660
478664
478674
478680
478714
478760
478776
478790
478794
478810
478820
478840
478844
478880
478884
478906
478950
478956
478960
478970
479004
479014
479024
479026
479046
479060
479074
479100
479186
479206
479216
479220
479236
479280
479310
479316
479330
479334
479346
479360
479376
479386
479394
479414
479426
479434
479436
479454
479470
479480
479516
479530
479550
479560
479570
479580
479594
479610
479624
479644
479664
479684
479690
479694
479696
479724
479766
479800
479826
479830
479920
479924
479930
479936
479946
479950
479956
479980
479986
480006
480010
480064
480066
480086
480090
480114
480126
480140
480146
480154
480156
480166
480184
480196
480206
480214
480226
480284
480304
480326
480336
480370
480374
480466
480500
480506
480510
480546
480554
480584
480610
480616
480640
480650
480656
480660
480676
480690
480726
480760
480794
480820
480834
480850
480876
480886
480906
480986
481004
481010
481014
481030
481046
481074
481090
481124
481134
481140
481146
481184
481196
481204
481254
481264
481344
481350
481360
481370
481374
481394
481400
481414
481466
481496
481506
481510
481556
481560
481574
481576
481596
481626
481646
481654
481656
481666
481676
481686
481696
481730
481766
481804
481816
481826
481860
481890
481914
481974
481986
481994
482044
482096
482106
482134
482174
482180
482220
482234
482246
482250
482290
482310
482336
482364
482380
482390
482406
482434
482440
482496
482536
482540
482544
482550
482556
482564
482574
482580
482584
482596
482640
482654
482670
482674
482676
482686
482700
482710
482714
482720
482744
482764
482806
482814
482816
482820
482846
482950
482956
482990
483016
483026
483100
483104
483106
483120
483134
483146
483180
483190
483220
483234
483240
483250
483264
483290
483294
483310
483320
483324
483344
483346
483350
483356
483366
483420
483434
483446
483456
483466
483490
483494
483516
483520
483524
483570
483574
483576
483590
483606
483614
483630
483684
483720
483730
483760
483776
483804
483844
483866
483874
483876
483896
483900
483910
483916
483970
483980
484000
484004
484064
484084
484094
484104
484124
484144
484166
484214
484234
484280
484296
484306
484314
484350
484356
484364
484366
484374
484384
484426
484430
484454
484510
484516
484540
484574
484576
484586
484604
484610
484624
484644
484646
484650
484664
484676
484680
484714
484724
484744
484746
484764
484770
484824
484850
484876
484910
484930
484964
484994
485036
485046
485050
485060
485096
485106
485120
485134
485160
485166
485174
485180
485186
485206
485254
485260
485294
485296
485306
485336
485400
485406
485430
485444
485460
485494
485500
485504
485534
485566
485580
485614
485624
485644
485664
485670
485676
485726
485734
485814
485824
485826
485834
485836
485850
485866
485916
485926
485940
485950
485954
485960
485986
486016
486024
486054
486056
486066
486106
486154
486180
486184
486236
486246
486256
486266
486320
486324
486344
486354
486384
486386
486410
486436
486460
486484
486526
486540
486554
486560
486600
486626
486636
486640
486654
486656
486684
486694
486726
486736
486770
486800
486820
486824
486836
486844
486854
486880
486904
486950
486954
486960
486990
487036
487064
487070
487086
487106
487110
487116
487124
487134
487160
487164
487184
487230
487260
487280
487290
487324
487344
487390
487470
487486
487490
487504
487520
487550
487566
487626
487650
487744
487750
487784
487790
487796
487800
487860
487874
487890
487906
487916
487920
487936
487946
487954
487956
488010
488030
488056
488060
488076
488104
488136
488144
488146
488154
488164
488190
488214
488216
488226
488230
488264
488274
488280
488300
488334
488336
488354
488386
488404
488434
488450
488456
488460
488486
488490
488520
488530
488566
488590
488634
488646
488650
488666
488674
488706
488726
488760
488786
488794
488824
488846
488880
488910
488930
488946
488970
488980
489006
489014
489020
489056
489064
489066
489076
489084
489090
489186
489206
489210
489226
489236
489296
489304
489330
489350
489386
489394
489420
489470
489476
489496
489526
489574
489576
489580
489610
489616
489646
489680
489684
489686
489694
489696
489720
489734
489786
489790
489794
489804
489810
489854
489904
489916
489920
489924
489934
489954
489966
489976
489984
489990
490060
490084
490104
490116
490176
490180
490210
490224
490234
490236
490270
490296
490324
490336
490346
490364
490406
490416
490444
490450
490476
490484
490510
490526
490546
490566
490580
490584
490594
490596
490600
490686
490776
490790
490800
490840
490864
490874
490876
490936
490946
490974
490980
490986
491004
491006
491010
491046
491050
491064
491076
491114
491120
491146
491164
491170
491220
491250
491264
491284
491286
491290
491300
491310
491316
491324
491374
491404
491414
491430
491436
491450
491506
491526
491546
491550
491566
491584
491614
491624
491630
491660
491664
491676
491684
491690
491714
491740
491750
491754
491766
491776
491826
491836
491866
491894
491896
491900
491906
491924
491956
491994
491996
492000
492030
492034
492054
492056
492096
492116
492126
492140
492144
492164
492194
492210
492216
492230
492236
492286
492304
492336
492346
492364
492366
492404
492440
492454
492534
492574
492576
492584
492590
492594
492610
492616
492626
492636
492654
492674
492676
492680
492684
492696
492710
492714
492716
492730
492736
492776
492804
492820
492886
492914
492946
492960
492984
492986
493010
493014
493024
493044
493054
493066
493076
493080
493090
493110
493154
493184
493190
493194
493214
493270
493314
493386
493396
493466
493474
493484
493530
493544
493564
493596
493640
493646
493700
493704
493730
493736
493746
493750
493764
493840
493844
493864
493866
493886
493890
493910
493926
493954
493960
493994
494004
494010
494020
494026
494066
494076
494080
494106
494146
494154
494156
494170
494176
494270
494286
494324
494344
494366
494370
494376
494384
494386
494480
494490
494524
494530
494546
494550
494576
494584
494600
494604
494630
494644
494686
494706
494714
494716
494754
494774
494780
494794
494800
494816
494830
494846
494856
494914
494930
494940
495000
495014
495020
495024
495030
495034
495060
495114
495120
495124
495130
495160
495170
495194
495200
495226
495254
495284
495286
495296
495310
495324
495326
495356
495400
495404
495406
495420
495430
495466
495470
495484
495524
495536
495544
495556
495574
495664
495694
495704
495710
495726
495774
495814
495816
495820
495866
495870
495876
495896
495924
495934
495936
495940
495956
495990
496014
496024
496034
496066
496070
496076
496094
496096
496116
496170
496174
496180
496190
496210
496220
496256
496266
496290
496326
496340
496344
496366
496380
496416
496450
496456
496466
496470
496486
496496
496544
496564
496570
496596
496626
496630
496636
496664
496674
496684
496704
496730
496754
496760
496766
496796
496844
496850
496860
496890
496924
496954
496960
496980
496984
496986
497046
497074
497094
497096
497104
497114
497124
497140
497150
497156
497160
497184
497204
497224
497234
497236
497240
497290
497306
497316
497324
497364
497384
497426
497460
497480
497486
497490
497540
497556
497574
497600
497624
497630
497634
497660
497680
497706
497714
497720
497734
497784
497786
497796
497800
497870
497876
497880
497890
497904
497984
497990
498016
498024
498040
498044
498080
498086
498110
498114
498134
498136
498154
498156
498166
498184
498190
498196
498226
498244
498254
498284
498286
498304
498314
498326
498370
498390
498414
498430
498450
498456
498484
498486
498514
498520
498524
498550
498554
498566
498570
498574
498576
498586
498624
498630
498670
498676
498704
498734
498736
498804
498816
498826
498834
498894
498924
498940
498956
498960
498996
499004
499006
499034
499066
499076
499086
499096
499120
499126
499170
499204
499216
499236
499240
499250
499254
499280
499316
499326
499340
499344
499356
499380
499384
499406
499414
499440
499466
499480
499500
499516
499550
499554
499564
499570
499590
499620
499636
499646
499664
499674
499690
499700
499710
499724
499730
499746
499776
499786
499794
499824
499850
499870
499880
499896
499900
499930
499970
499990
499994
500020
500044
500054
500056
500074
500080
500090
500104
500130
500156
500164
500166
500200
500210
500216
500220
500260
500316
500334
500360
500376
500384
500390
500400
500406
500410
500420
500444
500454
500486
500500
500506
500520
500526
500550
500564
500576
500584
500600
500624
500640
500666
500676
500704
500706
500720
500740
500744
500750
500766
500780
500814
500840
500844
500864
500896
500904
500910
500956
500964
500984
500990
501014
501030
501056
501066
501100
501114
501120
501204
501240
501256
501286
501400
501406
501414
501420
501426
501446
501484
501500
501524
501540
501554
501580
501586
501590
501634
501656
501684
501686
501696
501724
501784
501806
501814
501820
501824
501830
501854
501884
501906
501910
501930
501950
502020
502076
502154
502164
502186
502216
502220
502230
502236
502240
502246
502264
502274
502310
502356
502366
502374
502376
502394
502396
502400
502404
502434
502450
502474
502476
502504
502506
502514
502544
502556
502564
502570
502580
502596
502600
502636
502644
502646
502734
502740
502766
502800
502810
502820
502866
502886
502896
502904
502944
502946
502974
502986
502996
503036
503054
503074
503076
503116
503130
503140
503154
503156
503166
503210
503234
503244
503246
503256
503270
503334
503344
503356
503360
503376
503390
503406
503414
503466
503474
503496
503514
503574
503580
503590
503606
503610
503614
503616
503620
503624
503630
503634
503670
503686
503700
503710
503720
503726
503764
503770
503806
503830
503844
503866
503896
503906
503920
503936
503956
504006
504030
504040
504056
504064
504074
504076
504100
504116
504120
504134
504164
504194
504204
504244
504246
504254
504280
504290
504324
504344
504354
504370
504374
504396
504410
504446
504490
504500
504536
504584
504610
504644
504654
504656
504680
504690
504706
504710
504714
504744
504780
504796
504830
504846
504854
504864
504890
504910
504920
504966
504984
504986
505026
505036
505054
505090
505140
505160
505164
505174
505180
505194
505256
505294
505306
505314
505320
505324
505330
505336
505384
505404
505410
505420
505446
505494
505530
505570
505600
505606
505634
505674
505706
505724
505730
505764
505766
505774
505800
505804
505810
505820
505824
505840
505846
505854
505860
505920
505954
505986
506010
506016
506034
506050
506066
506084
506100
506110
506144
506170
506174
506214
506260
506326
506334
506344
506354
506360
506396
506466
506474
506484
506504
506530
506580
506586
506614
506620
506640
506660
506724
506744
506754
506770
506776
506780
506786
506794
506804
506806
506814
506840
506886
506896
506920
506954
506976
506984
507014
507026
507036
507040
507090
507100
507130
507136
507166
507184
507206
507234
507246
507254
507260
507270
507306
507340
507360
507390
507400
507410
507436
507456
507484
507490
507496
507516
507520
507534
507566
507584
507640
507644
507654
507660
507674
507680
507696
507750
507764
507804
507806
507830
507890
507906
507926
507946
507960
507966
507986
508014
508076
508094
508120
508144
508154
508196
508206
508220
508254
508260
508264
508294
508314
508356
508376
508390
508434
508436
508454
508470
508504
508506
508520
508536
508554
508560
508566
508586
508660
508680
508720
508740
508794
508826
508870
508894
508920
508964
508970
508974
508986
508990
509000
509004
509060
509074
509094
509100
509110
509116
509184
509190
509196
509220
509230
509234
509236
509240
509264
509314
509340
509364
509376
509380
509394
509424
509430
509476
509480
509500
509524
509526
509564
509604
509610
509626
509654
509684
509710
509720
509730
509734
509746
509754
509756
509770
509806
509840
509846
509870
509884
509916
509934
509950
509960
509966
509974
509986
509994
510000
510026
510066
510074
510080
510100
510104
510110
510144
510146
510204
510250
510264
510266
510274
510280
510286
510290
510300
510306
510324
510340
510356
510364
510380
510394
510410
510416
510454
510490
510546
510556
510560
510600
510634
510640
510694
510704
510706
510720
510724
510750
510766
510770
510796
510806
510834
510870
510884
510904
510920
510924
510926
510936
511000
511020
511036
511044
511080
511096
511120
511136
511146
511170
511190
511206
511214
511226
511234
511236
511240
511294
511304
511354
511380
511394
511396
511400
511436
511460
511470
511476
511510
511530
511546
511550
511554
511590
511604
511614
511626
511666
511674
511686
511694
511736
511744
511756
511760
511774
511816
511826
511886
511914
511930
511970
511980
511986
512016
512064
512096
512126
512150
512164
512170
512184
512194
512236
512246
512254
512264
512276
512290
512314
512324
512336
512354
512366
512436
512446
512460
512466
512524
512536
512564
512610
512626
512630
512636
512654
512670
512700
512704
512710
512736
512746
512756
512760
512794
512810
512820
512840
512844
512846
512850
512854
512870
512880
512896
512970
512980
512994
513004
513016
513026
513054
513084
513086
513094
513120
513126
513130
513146
513164
513194
513214
513216
513240
513264
513306
513316
513330
513340
513354
513356
513380
513390
513400
513416
513424
513444
513450
513454
513460
513476
513484
513510
513514
513530
513590
513604
513614
513620
513626
513666
513686
513720
513724
513740
513760
513766
513786
513816
513824
513894
513910
513954
513956
513994
514000
514074
514104
514136
514140
514160
514200
514204
514224
514244
514260
514286
514300
514326
514330
514344
514394
514400
514430
514440
514460
514464
514476
514486
514490
514514
514520
514536
514576
514614
514616
514640
514644
514684
514720
514724
514736
514754
514794
514800
514804
514816
514826
514874
514876
514906
514916
514924
514940
514966
514976
514984
514986
514996
515004
515054
515056
515064
515076
515080
515106
515116
515136
515140
515170
515184
515186
515196
515216
515244
515254
515304
515306
515314
515346
515356
515360
515396
515440
515450
515456
515464
515476
515506
515534
515544
515570
515596
515636
515654
515670
515680
515694
515710
515734
515764
515790
515816
515846
515876
515880
515890
515904
515916
515924
515940
515950
515974
515984
515990
516000
516016
516026
516034
516036
516046
516074
516174
516204
516206
516214
516266
516276
516306
516310
516330
516360
516364
516474
516480
516494
516496
516540
516544
516556
516570
516606
516610
516624
516686
516756
516790
516840
516856
516894
516900
516920
516926
516980
516994
517006
517026
517036
517040
517064
517066
517084
517104
517120
517146
517150
517156
517196
517214
517220
517260
517286
517294
517320
517360
517386
517394
517396
517410
517436
517466
517494
517506
517516
517526
517584
517594
517640
517660
517664
517676
517684
517690
517700
517706
517770
517776
517786
517806
517844
517854
517856
517866
517896
517906
517910
517914
517916
517934
517956
517970
517996
518000
518004
518024
518030
518056
518064
518066
518106
518114
518166
518180
518186
518194
518220
518256
518260
518270
518274
518284
518304
518320
518324
518340
518350
518424
518426
518430
518434
518456
518464
518466
518506
518576
518580
518594
518620
518636
518646
518654
518670
518686
518690
518704
518716
518720
518730
518754
518766
518780
518790
518806
518814
518830
518834
518860
518906
518910
518934
518940
518960
519066
519086
519096
519100
519136
519180
519206
519214
519216
519226
519230
519240
519300
519310
519336
519340
519350
519376
519386
519390
519396
519406
519416
519450
519454
519464
519470
519480
519496
519504
519530
519546
519564
519620
519630
519640
519650
519710
519744
519760
519764
519776
519786
519804
519816
519820
519824
519834
519840
519850
519870
519876
519934
519944
519950
519986
520010
520024
520030
520046
520064
520080
520084
520090
520114
520186
520194
520206
520220
520236
520256
520274
520316
520344
520360
520396
520454
520466
520534
520540
520550
520560
520566
520610
520626
520634
520636
520644
520664
520676
520690
520704
520716
520724
520754
520760
520784
520786
520790
520836
520846
520856
520864
520874
520894
520900
520906
520916
520920
520930
520934
520940
520946
520956
520976
521000
521004
521010
521014
521044
521076
521086
521090
521104
521116
521144
521154
521166
521186
521194
521206
521226
521244
521330
521364
521390
521400
521414
521426
521434
521476
521520
521610
521616
521626
521636
521686
521696
521714
521730
521790
521800
521826
521856
521860
521876
521884
521910
521950
522014
522016
522030
522056
522060
522130
522136
522156
522164
522184
522206
522234
522260
522284
522294
522324
522330
522366
522376
522416
522450
522486
522494
522496
522526
522544
522596
522606
522616
522620
522624
522646
522674
522676
522680
522690
522704
522710
522734
522740
522744
522750
522760
522794
522834
522910
522934
522944
522954
522960
522976
522980
522986
523010
523016
523020
523070
523074
523084
523106
523150
523200
523204
523224
523226
523234
523270
523280
523296
523300
523306
523314
523316
523326
523340
523350
523360
523384
523386
523446
523454
523484
523486
523490
523500
523526
523576
523644
523734
523754
523756
523794
523816
523824
523836
523854
523860
523874
523880
523884
523906
523954
523956
523964
523980
523990
523994
524054
524104
524120
524124
524154
524160
524164
524170
524190
524206
524236
524254
524260
524294
524304
524314
524316
524320
524326
524364
524384
524410
524430
524434
524450
524470
524476
524494
524510
524526
524544
524546
524596
524606
524634
524640
524660
524664
524676
524690
524696
524706
524720
524736
524774
524784
524800
524816
524826
524846
524864
524866
524910
524936
524944
524954
524966
524994
525040
525056
525060
525074
525076
525090
525164
525176
525196
525206
525226
525254
525256
525266
525276
525284
525300
525344
525360
525386
525396
525414
525430
525436
525450
525464
525470
525476
525484
525536
525560
525566
525574
525586
525590
525604
525606
525640
525680
525720
525726
525736
525744
525756
525760
525766
525784
525830
525860
525864
525876
525880
525900
525930
525944
525954
525964
525996
526036
526046
526054
526064
526070
526094
526100
526104
526160
526210
526234
526250
526264
526286
526306
526330
526340
526434
526446
526450
526464
526470
526476
526506
526566
526600
526640
526646
526670
526696
526704
526706
526734
526750
526774
526776
526816
526836
526840
526916
526930
526944
526984
527006
527016
527020
527066
527070
527074
527086
527094
527104
527114
527124
527134
527154
527156
527180
527196
527240
527250
527260
527294
527304
527360
527364
527394
527396
527434
527450
527460
527476
527500
527510
527516
527524
527534
527536
527546
527554
527560
527564
527576
527586
527606
527630
527640
527646
527654
527660
527666
527686
527694
527706
527734
527750
527770
527794
527796
527814
527830
527840
527856
527864
527906
527924
527930
527940
527950
527954
527970
527976
527994
528004
528040
528060
528096
528166
528170
528174
528184
528190
528200
528216
528264
528266
528314
528394
528396
528430
528464
528496
528506
528530
528596
528606
528706
528760
528776
528790
528794
528800
528814
528816
528834
528854
528896
528916
528940
528960
528964
528966
528974
528996
529026
529080
529086
529124
529126
529136
529154
529200
529216
529266
529270
529294
529330
529346
529374
529386
529414
529450
529454
529466
529484
529490
529514
529526
529566
529596
529600
529640
529650
529660
529666
529676
529720
529730
529736
529744
529756
529766
529780
529814
529874
529936
529960
529974
529980
530006
530036
530066
530094
530104
530110
530150
530154
530160
530206
530214
530230
530254
530256
530270
530274
530346
530350
530354
530360
530376
530380
530390
530400
530414
530416
530420
530424
530440
530466
530494
530504
530524
530526
530554
530580
530614
530636
530656
530674
530680
530706
530716
530724
530780
530820
530826
530890
530896
530926
530960
530970
530976
531004
531010
531014
531020
531074
531106
531154
531156
531170
531174
531200
531206
531230
531284
531304
531330
531334
531336
531366
531420
531426
531430
531444
531446
531456
531476
531480
531490
531530
531534
531544
531546
531564
531566
531580
531584
531596
531606
531624
531636
531714
531716
531736
531750
531784
531800
531804
531810
531826
531834
531976
532026
532050
532060
532100
532110
532116
532136
532146
532156
532166
532174
532180
532200
532244
532304
532320
532354
532356
532360
532390
532430
532450
532460
532474
532496
532506
532560
532564
532596
532600
532616
532636
532676
532686
532694
532730
532734
532736
532740
532796
532814
532820
532840
532850
532864
532870
532876
532884
532900
532926
532936
532976
532984
533010
533024
533046
533094
533140
533160
533170
533180
533186
533194
533236
533246
533300
533306
533314
533344
533364
533394
533404
533420
533440
533454
533474
533480
533504
533506
533526
533560
533576
533594
533664
533666
533696
533734
533744
533754
533760
533774
533784
533810
533836
533854
533880
533924
533930
533964
533976
533986
534014
534020
534026
534040
534054
534056
534130
534146
534154
534186
534190
534196
534206
534264
534296
534330
534350
534354
534404
534430
534454
534470
534486
534514
534520
534530
534556
534566
534596
534614
534626
534636
534716
534726
534744
534794
534810
534870
534900
534904
534964
534966
534970
535006
535016
535050
535056
535060
535064
535094
535126
535134
535146
535160
535186
535194
535204
535214
535216
535284
535340
535350
535356
535364
535370
535380
535404
535406
535434
535450
535454
535464
535474
535506
535520
535534
535536
535546
535554
535580
535586
535594
535646
535684
535690
535710
535736
535740
535804
535824
535830
535846
535856
535886
535890
535910
535934
536010
536020
536036
536054
536070
536080
536090
536094
536104
536110
536114
536120
536126
536214
536246
536254
536276
536290
536296
536326
536334
536364
536370
536434
536460
536464
536470
536474
536480
536486
536500
536520
536536
536540
536560
536610
536616
536644
536656
536670
536690
536696
536706
536714
536730
536764
536810
536834
536844
536846
536854
536930
536974
536980
536990
537020
537054
537070
537080
537106
537120
537134
537144
537176
537190
537206
537244
537254
537274
537290
537316
537336
537346
537384
537406
537426
537436
537466
537484
537524
537554
537576
537580
537626
537634
537654
537666
537674
537676
537684
537686
537694
537700
537710
537716
537720
537736
537744
537756
537834
537856
537860
537864
537866
537886
537894
537926
537954
537960
537966
538004
538016
538044
538064
538084
538090
538106
538120
538124
538126
538146
538150
538176
538184
538186
538206
538220
538226
538240
538246
538254
538274
538276
538290
538304
538316
538324
538346
538350
538354
538366
538406
538446
538470
538480
538490
538506
538516
538534
538554
538560
538570
538630
538646
538654
538664
538670
538684
538706
538710
538746
538766
538804
538810
538826
538830
538850
538900
538914
538966
538984
538990
539004
539016
539030
539034
539054
539060
539080
539094
539106
539116
539124
539136
539174
539184
539246
539276
539286
539344
539356
539360
539366
539376
539384
539386
539390
539410
539416
539436
539490
539520
539526
539574
539594
539624
539630
539640
539650
539660
539694
539704
539724
539764
539770
539790
539806
539810
539870
539906
539914
539926
539930
539940
539964
540006
540016
540024
540036
540056
540066
540076
540110
540124
540136
540140
540150
540164
540216
540226
540250
540260
540276
540296
540320
540364
540370
540390
540406
540466
540474
540486
540500
540504
540516
540530
540534
540544
540550
540586
540590
540624
540634
540640
540670
540710
540726
540760
540790
540796
540810
540820
540824
540836
540846
540854
540856
540864
540900
540906
540930
540950
540960
541010
541024
541040
541096
541126
541136
541164
541180
541184
541200
541220
541240
541246
541256
541274
541290
541294
541300
541306
541320
541346
541374
541400
541430
541450
541456
541470
541474
541516
541564
541566
541576
541586
541610
541634
541644
541656
541694
541750
541776
541800
541816
541826
541846
541886
541890
541904
541946
541950
541954
541966
541984
541994
542016
542026
542074
542084
542116
542164
542174
542176
542180
542224
542226
542244
542246
542256
542276
542284
542310
542320
542354
542374
542434
542444
542464
542506
542530
542546
542566
542624
542630
542646
542650
542656
542676
542684
542696
542700
542734
542736
542786
542816
542826
542830
542884
542900
542904
542910
542920
542964
542970
542996
543016
543024
543046
543110
543116
543126
543130
543134
543164
543230
543244
543246
543254
543266
543270
543306
543336
543344
543354
543380
543396
543406
543420
543424
543436
543456
543474
543504
543544
543576
543580
543586
543620
543634
543666
543686
543700
543714
543744
543754
543814
543840
543844
543846
543864
543866
543870
543910
543930
543944
543974
544014
544044
544060
544074
544090
544124
544130
544150
544160
544164
544186
544216
544220
544230
544246
544254
544296
544316
544364
544384
544394
544420
544450
544454
544464
544496
544520
544544
544546
544606
544624
544636
544644
544654
544670
544686
544716
544750
544756
544766
544790
544800
544814
544816
544834
544836
544860
544866
544876
544884
544896
544910
544934
544946
544974
544996
545000
545026
545036
545040
545094
545110
545116
545140
545156
545184
545190
545214
545244
545256
545266
545314
545320
545344
545346
545366
545416
545464
545470
545480
545484
545486
545494
545510
545516
545554
545570
545580
545586
545610
545620
545646
545664
545674
545690
545716
545720
545724
545736
545740
545766
545790
545804
545844
545864
545876
545920
545950
545954
545964
545990
546004
546046
546080
546090
546094
546120
546124
546136
546150
546196
546236
546270
546276
546280
546364
546386
546396
546404
546436
546446
546470
546556
546584
546594
546626
546634
546640
546650
546676
546686
546704
546734
546756
546770
546774
546790
546800
546806
546830
546844
546846
546904
546906
546910
546924
546956
546966
546994
547000
547050
547130
547170
547190
547194
547196
547210
547216
547246
547286
547290
547304
547306
547314
547320
547340
547350
547356
547380
547424
547496
547504
547534
547536
547550
547554
547560
547576
547584
547596
547610
547660
547686
547700
547704
547756
547790
547796
547820
547836
547840
547876
547920
547934
547954
547980
548014
548026
548034
548060
548070
548080
548086
548094
548134
548136
548164
548214
548224
548226
548236
548240
548250
548256
548264
548290
548300
548316
548370
548376
548444
548456
548500
548510
548516
548536
548546
548554
548570
548596
548614
548616
548636
548650
548656
548674
548680
548710
548724
548744
548746
548760
548770
548810
548814
548834
548880
548970
548980
548984
548990
549010
549064
549090
549100
549124
549126
549134
549136
549140
549150
549176
549184
549224
549244
549246
549276
549304
549314
549344
549360
549366
549396
549406
549484
549490
549496
549500
549510
549540
549550
549574
549584
549646
549650
549664
549694
549706
549756
549796
549800
549816
549820
549850
549884
549894
549930
549994
550000
550034
550044
550046
550050
550066
550076
550086
550096
550136
550144
550146
550166
550186
550244
550250
550264
550290
550296
550300
550314
550326
550346
550370
550384
550424
550436
550446
550486
550504
550540
550546
550564
550570
550574
550624
550650
550654
550670
550674
550676
550690
550716
550720
550730
550734
550786
550824
550846
550874
550884
550894
550916
550960
550970
550986
550996
551004
551006
551040
551044
551056
551074
551080
551150
551200
551216
551266
551304
551316
551324
551334
551346
551354
551366
551376
551384
551386
551406
551434
551436
551440
551446
551486
551536
551566
551580
551606
551640
551644
551666
551674
551690
551704
551730
551740
551744
551774
551776
551786
551804
551814
551830
551846
551860
551864
551870
551880
551904
551924
551970
551976
551996
552026
552030
552036
552044
552084
552094
552140
552174
552176
552234
552260
552276
552286
552294
552306
552316
552324
552350
552356
552370
552386
552390
552400
552434
552450
552474
552476
552500
552506
552524
552550
552556
552576
552580
552590
552594
552600
552616
552620
552624
552646
552650
552660
552686
552740
552750
552770
552784
552800
552814
552826
552896
552900
552906
552916
552940
552944
552956
552966
552970
552994
553030
553034
553050
553056
553060
553110
553114
553136
553160
553164
553186
553196
553214
553226
553256
553260
553276
553344
553370
553374
553404
553410
553434
553466
553474
553476
553484
553530
553544
553566
553576
553590
553604
553616
553624
553634
553666
553676
553706
553716
553726
553734
553746
553750
553770
553784
553786
553790
553794
553804
553814
553836
553850
553876
553900
553910
553914
553916
553936
553954
553976
553980
554006
554040
554050
554056
554070
554084
554114
554160
554166
554186
554194
554256
554274
554300
554310
554314
554330
554334
554386
554404
554420
554424
554426
554444
554464
554490
554524
554530
554560
554564
554566
554574
554576
554586
554600
554606
554634
554644
554690
554696
554720
554726
554736
554756
554776
554826
554830
554856
554894
554914
554930
554946
554960
554966
554984
555034
555036
555070
555094
555110
555116
555140
555174
555176
555226
555244
555256
555266
555286
555296
555330
555334
555356
555374
555384
555414
555486
555514
555546
555574
555584
555604
555610
555626
555640
555644
555646
555656
555670
555674
555684
555694
555704
555720
555730
555754
555770
555786
555790
555796
555816
555830
555864
555880
555906
555926
555934
555944
555946
555954
555960
555980
555984
556086
556090
556130
556166
556180
556196
556230
556240
556246
556280
556294
556300
556316
556334
556354
556376
556404
556426
556430
556446
556450
556476
556490
556504
556524
556554
556586
556624
556650
556654
556660
556670
556680
556706
556740
556764
556776
556784
556786
556796
556800
556820
556866
556874
556920
556934
556940
556946
556960
556970
557010
557024
557034
557074
557080
557096
557114
557134
557150
557156
557200
557204
557210
557244
557260
557294
557296
557314
557316
557320
557356
557376
557390
557394
557440
557454
557476
557504
557544
557554
557556
557564
557594
557644
557646
557660
557676
557726
557750
557776
557784
557794
557804
557816
557826
557830
557846
557870
557940
557974
557980
557986
558070
558074
558084
558094
558130
558154
558184
558190
558194
558210
558214
558230
558234
558236
558246
558266
558270
558300
558314
558326
558334
558346
558360
558380
558396
558426
558434
558460
558474
558476
558490
558554
558564
558570
558594
558606
558630
558636
558640
558646
558686
558690
558700
558704
558736
558740
558744
558746
558750
558796
558830
558834
558840
558864
558884
558910
558946
558970
558976
558984
558986
558994
559030
559036
559104
559116
559124
559140
559144
559204
559210
559230
559256
559260
559264
559266
559274
559300
559314
559350
559370
559380
559384
559400
559410
559416
559444
559470
559484
559504
559506
559540
559566
559570
559586
559614
559620
559680
559706
559724
559734
559744
559766
559774
559784
559794
559800
559830
559854
559856
559870
559884
559896
559910
559926
559940
559960
560000
560004
560046
560050
560054
560096
560124
560150
560160
560166
560194
560246
560264
560270
560300
560306
560374
560404
560410
560414
560446
560480
560510
560534
560566
560574
560586
560610
560636
560644
560654
560696
560720
560730
560736
560744
560774
560836
560874
560924
560934
560960
560974
560980
560986
561014
561066
561110
561116
561154
561170
561190
561226
561236
561246
561266
561314
561320
561334
561350
561376
561390
561454
561484
561500
561520
561524
561536
561554
561576
561596
561606
561614
561640
561646
561656
561704
561706
561714
561720
561736
561746
561756
561784
561804
561840
561850
561856
561864
561866
561870
561900
561910
561926
561966
561970
561976
562020
562030
562044
562056
562120
562130
562134
562150
562166
562174
562196
562210
562214
562236
562256
562266
562274
562276
562280
562326
562350
562354
562374
562376
562404
562426
562434
562444
562456
562464
562474
562484
562490
562494
562504
562550
562574
562586
562590
562610
562620
562626
562654
562694
562706
562740
562750
562770
562774
562780
562794
562796
562824
562854
562884
562916
562920
562926
562940
562950
562954
563014
563020
563034
563046
563056
563084
563086
563096
563124
563140
563156
563164
563184
563196
563216
563234
563330
563364
563370
563374
563416
563470
563484
563510
563524
563530
563534
563544
563560
563600
563626
563634
563640
563654
563666
563674
563684
563706
563710
563780
563790
563804
563836
563840
563904
563910
563976
564006
564016
564040
564050
564054
564076
564100
564144
564150
564160
564206
564240
564264
564306
564320
564346
564350
564376
564394
564434
564436
564474
564484
564496
564524
564564
564640
564674
564704
564706
564730
564740
564776
564820
564824
564854
564860
564864
564876
564896
564934
564944
564954
564956
564976
565026
565036
565044
565046
565060
565064
565080
565090
565104
565126
565134
565136
565146
565150
565174
565210
565226
565230
565240
565270
565320
565334
565346
565394
565400
565426
565446
565490
565524
565564
565626
565670
565684
565740
565746
565754
565760
565874
565906
565916
565940
565956
565974
565980
566016
566026
566050
566076
566084
566124
566146
566154
566190
566200
566204
566224
566226
566250
566284
566296
566304
566306
566310
566320
566326
566336
566346
566354
566404
566446
566460
566516
566520
566534
566564
566566
566594
566616
566630
566634
566644
566650
566690
566700
566720
566746
566754
566774
566796
566820
566850
566864
566894
566914
566940
566944
566956
566986
567010
567030
567066
567076
567096
567100
567114
567180
567190
567214
567254
567264
567270
567274
567284
567306
567314
567324
567330
567400
567450
567466
567474
567480
567506
567526
567540
567564
567580
567590
567644
567664
567686
567720
567726
567746
567760
567826
567846
567850
567856
567876
567896
567914
567916
567930
567976
567996
568026
568086
568090
568100
568116
568124
568126
568150
568154
568194
568206
568230
568234
568254
568270
568276
568294
568324
568334
568346
568364
568370
568380
568390
568396
568406
568440
568454
568480
568496
568520
568526
568530
568546
568574
568580
568596
568600
568630
568634
568666
568674
568726
568730
568754
568780
568796
568840
568860
568870
568930
568944
568974
569010
569034
569036
569040
569060
569064
569104
569110
569114
569116
569146
569150
569160
569220
569234
569244
569256
569290
569320
569336
569364
569370
569380
569386
569396
569406
569420
569430
569466
569476
569484
569494
569506
569520
569524
569526
569550
569554
569556
569560
569576
569580
569586
569644
569670
569680
569724
569726
569736
569740
569750
569754
569760
569764
569766
569816
569830
569846
569856
569864
569866
569910
569924
569930
569936
569956
569970
569974
569976
569984
570046
570076
570086
570154
570170
570220
570226
570246
570254
570264
570280
570284
570306
570314
570366
570410
570420
570436
570450
570466
570480
570494
570496
570520
570530
570540
570570
570590
570600
570610
570664
570676
570690
570700
570710
570740
570774
570804
570826
570846
570850
570854
570860
570870
570896
570914
570936
570984
570986
571050
571054
571066
571096
571104
571110
571140
571144
571156
571214
571294
571330
571336
571354
571356
571380
571396
571424
571430
571444
571474
571500
571534
571580
571586
571594
571610
571624
571626
571630
571674
571684
571704
571724
571726
571744
571746
571750
571780
571790
571820
571824
571854
571856
571874
571916
571936
571960
571970
571974
571990
572024
572050
572076
572094
572106
572144
572150
572154
572166
572170
572176
572180
572184
572186
572194
572206
572214
572254
572260
572266
572290
572340
572404
572416
572444
572464
572480
572494
572526
572534
572540
572576
572594
572600
572614
572630
572640
572654
572664
572670
572686
572690
572784
572806
572810
572816
572856
572864
572874
572886
572916
572940
572946
572956
572974
572986
572990
573000
573020
573024
573026
573044
573060
573076
573116
573140
573160
573164
573184
573186
573216
573224
573274
573276
573280
573290
573300
573316
573326
573340
573366
573374
573404
573424
573456
573496
573524
573544
573560
573564
573614
573626
573664
573674
573676
573696
573710
573714
573730
573740
573756
573764
573766
573774
573820
573824
573836
573866
573910
573926
573966
573974
573976
573986
574034
574040
574106
574110
574134
574144
574156
574170
574180
574184
574190
574206
574216
574220
574236
574240
574260
574266
574350
574370
574406
574414
574424
574430
574474
574484
574486
574520
574534
574564
574584
574600
574674
574730
574744
574750
574784
574794
574804
574806
574820
574890
574896
574916
574940
574950
574960
574980
575030
575044
575066
575100
575120
575124
575136
575156
575166
575210
575214
575224
575234
575246
575266
575354
575360
575384
575410
575434
575460
575506
575520
575560
575600
575626
575630
575634
575660
575694
575730
575740
575746
575756
575764
575776
575784
575806
575810
575826
575834
575846
575850
575876
575886
575910
575916
575954
576004
576006
576046
576050
576060
576076
576086
576106
576124
576130
576136
576150
576154
576196
576206
576214
576240
576260
576290
576294
576314
576336
576354
576366
576404
576414
576430
576434
576470
576496
576520
576544
576550
576570
576580
576604
576606
576616
576626
576630
576664
576666
576690
576734
576770
576794
576804
576816
576876
576924
576926
576940
576954
576964
576994
577004
577006
577050
577056
577064
577074
577080
577096
577116
577126
577150
577164
577174
577176
577186
577240
577276
577284
577304
577310
577314
577334
577370
577386
577404
577430
577434
577440
577444
577456
577496
577524
577526
577566
577570
577580
577586
577594
577600
577604
577626
577636
577654
577666
577674
577680
577700
577704
577734
577760
577794
577824
577844
577856
577870
577890
577896
577906
577916
577940
577950
577976
578006
578034
578044
578084
578090
578120
578124
578126
578160
578176
578186
578194
578204
578210
578220
578224
578270
578324
578384
578386
578394
578400
578410
578420
578444
578484
578494
578516
578546
578604
578630
578646
578656
578670
578704
578746
578754
578764
578766
578784
578796
578810
578814
578824
578850
578860
578900
578954
578964
578994
579004
579006
579010
579014
579046
579074
579104
579120
579146
579170
579174
579226
579230
579244
579264
579276
579334
579354
579386
579396
579406
579420
579430
579464
579514
579516
579540
579570
579580
579604
579614
579624
579676
579680
579700
579734
579760
579774
579800
579876
579906
579920
579924
580050
580064
580096
580106
580116
580140
580144
580150
580194
580196
580230
580236
580256
580266
580280
580296
580306
580324
580330
580334
580340
580344
580434
580456
580480
580516
580556
580564
580616
580634
580696
580700
580726
580730
580736
580764
580790
580816
580830
580876
580890
580924
580930
580934
580944
580964
580970
580976
580984
580986
581000
581024
581074
581076
581094
581096
581100
581104
581120
581156
581236
581240
581244
581250
581304
581306
581320
581364
581384
581406
581416
581434
581444
581454
581460
581480
581490
581504
581510
581516
581536
581580
581584
581606
581614
581620
581644
581684
581704
581714
581726
581754
581756
581796
581800
581826
581834
581886
581920
581944
581956
581994
582000
582010
582014
582024
582030
582060
582066
582104
582114
582116
582120
582124
582130
582146
582176
582190
582230
582270
582306
582310
582316
582360
582364
582400
582404
582446
582464
582474
582510
582514
582524
582536
582550
582580
582614
582636
582690
582710
582716
582766
582800
582810
582814
582816
582880
582884
582890
582910
582914
582944
582950
582956
582976
582986
583000
583014
583026
583044
583046
583060
583064
583066
583080
583100
583124
583140
583160
583180
583194
583220
583244
583264
583286
583304
583306
583324
583326
583350
583390
583400
583416
583420
583460
583494
583506
583514
583534
583540
583556
583564
583566
583586
583590
583596
583616
583634
583646
583650
583654
583676
583680
583710
583714
583730
583740
583746
583830
583834
583846
583870
583896
583936
583944
583966
583974
584010
584016
584034
584040
584060
584070
584080
584084
584110
584114
584144
584166
584190
584234
584250
584256
584270
584284
584324
584336
584344
584406
584414
584424
584440
584444
584460
584470
584480
584486
584496
584504
584510
584556
584614
584650
584664
584676
584704
584716
584734
584750
584766
584806
584834
584850
584880
584886
584896
584924
584934
584960
584994
584996
585004
585014
585026
585046
585066
585106
585130
585134
585140
585156
585160
585210
585220
585224
585234
585264
585274
585300
585326
585336
585390
585394
585396
585410
585436
585454
585456
585466
585490
585504
585536
585546
585596
585600
585626
585634
585656
585700
585724
585734
585740
585766
585770
585774
585780
585796
585806
585874
585886
585914
585936
585946
585974
585990
586024
586026
586046
586050
586076
586106
586114
586124
586140
586166
586170
586244
586284
586304
586320
586330
586376
586406
586410
586454
586486
586494
586506
586520
586546
586560
586570
586616
586650
586690
586696
586710
586726
586730
586744
586754
586764
586766
586784
586790
586934
586940
587000
587060
587080
587096
587106
587120
587126
587144
587156
587160
587186
587194
587214
587220
587250
587274
587284
587290
587330
587336
587340
587370
587386
587420
587424
587430
587444
587446
587450
587484
587510
587520
587534
587536
587560
587570
587574
587596
587606
587614
587616
587650
587654
587680
587684
587690
587704
587710
587716
587786
587814
587844
587880
587916
587926
587944
587970
587986
587994
587996
588006
588030
588040
588044
588046
588096
588100
588106
588174
588200
588210
588226
588250
588290
588304
588314
588360
588386
588394
588404
588420
588446
588484
588486
588494
588520
588560
588614
588620
588624
588636
588644
588656
588666
588670
588704
588730
588744
588756
588760
588764
588780
588786
588794
588796
588806
588854
588896
588900
588930
588936
588984
588994
589014
589024
589026
589070
589130
589140
589150
589184
589196
589264
589266
589276
589286
589290
589296
589304
589306
589314
589316
589344
589364
589370
589380
589484
589494
589514
589520
589526
589580
589600
589650
589656
589686
589710
589744
589746
589770
589780
589784
589800
589810
589816
589824
589884
589890
589894
589944
589954
589956
589970
589986
589994
590014
590024
590076
590094
590106
590146
590150
590180
590206
590216
590224
590246
590250
590256
590264
590300
590314
590316
590334
590396
590464
590540
590564
590580
590640
590646
590714
590724
590756
590784
590786
590794
590804
590820
590830
590846
590864
590870
590886
590904
590906
590934
590960
591000
591034
591036
591056
591110
591126
591160
591174
591176
591186
591204
591220
591236
591286
591296
591306
591316
591376
591390
591410
591420
591566
591584
591594
591600
591606
591610
591620
591634
591654
591684
591696
591714
591720
591754
591756
591760
591770
591776
591780
591790
591836
591840
591866
591880
591886
591890
591900
592000
592030
592036
592050
592056
592060
592074
592084
592094
592104
592124
592136
592156
592190
592200
592204
592206
592280
592294
592296
592320
592334
592356
592370
592396
592406
592414
592434
592460
592520
592544
592580
592606
592614
592640
592710
592716
592724
592744
592750
592814
592816
592856
592874
592876
592890
592906
592916
592920
592940
592944
592950
592954
593020
593034
593050
593070
593084
593106
593150
593204
593216
593256
593266
593314
593344
593346
593356
593396
593404
593420
593430
593450
593456
593490
593504
593514
593530
593564
593586
593600
593616
593626
593706
593710
593714
593766
593776
593836
593906
593914
593924
593940
593954
593956
593964
594016
594064
594074
594076
594084
594096
594114
594150
594156
594176
594194
594216
594220
594240
594250
594260
594276
594296
594310
594340
594354
594356
594366
594400
594414
594440
594444
594470
594490
594500
594504
594516
594526
594530
594540
594580
594590
594600
594620
594624
594636
594640
594650
594660
594674
594684
594710
594730
594740
594776
594790
594830
594840
594864
594876
594906
594916
594964
594974
595000
595016
595036
595074
595076
595130
595136
595164
595180
595190
595194
595224
595230
595240
595296
595306
595346
595350
595380
595390
595400
595414
595424
595430
595450
595476
595494
595566
595570
595594
595604
595606
595636
595640
595696
595754
595760
595774
595814
595836
595884
595894
595900
595934
595940
595970
595984
595986
595994
596004
596010
596034
596046
596066
596134
596166
596176
596210
596236
596270
596274
596366
596440
596464
596470
596490
596504
596514
596540
596544
596546
596554
596566
596574
596620
596626
596646
596650
596700
596726
596740
596784
596790
596830
596834
596836
596844
596870
596876
596884
596906
596950
596956
596970
597024
597054
597076
597080
597084
597096
597106
597120
597164
597166
597196
597226
597246
597336
597374
597380
597400
597404
597456
597466
597474
597476
597516
597530
597574
597590
597594
597646
597674
597676
597714
597720
597726
597776
597780
597786
597804
597806
597814
597816
597844
597856
597864
597866
597890
597896
597906
597924
597950
597980
597984
597990
598006
598010
598014
598054
598134
598146
598170
598180
598184
598230
598246
598254
598256
598264
598266
598306
598324
598326
598390
598416
598420
598440
598454
598480
598526
598530
598534
598614
598620
598644
598690
598750
598816
598834
598854
598860
598884
598886
598916
598924
598964
598966
598986
598994
599014
599034
599040
599044
599056
599066
599086
599150
599154
599156
599164
599170
599174
599176
599194
599270
599286
599300
599316
599350
599364
599374
599380
599404
599410
599466
599486
599496
599520
599540
599584
599596
599610
599636
599664
599694
599704
599714
599726
599736
599746
599770
599800
599806
599816
599836
599840
599844
599904
599920
599966
599976
599980
600030
600040
600050
600054
600084
600086
600090
600094
600110
600120
600170
600180
600186
600204
600210
600236
600260
600276
600314
600320
600330
600344
600350
600364
600366
600394
600420
600440
600450
600464
600466
600480
600484
600494
600500
600554
600570
600584
600616
600650
600684
600734
600746
600756
600760
600780
600794
600854
600860
600870
600880
600906
600936
600966
600970
600974
600986
600994
601000
601016
601020
601040
601054
601070
601074
601080
601106
601126
601130
601134
601176
601214
601254
601270
601280
601300
601314
601340
601370
601376
601384
601400
601406
601416
601426
601434
601436
601446
601460
601526
601534
601550
601586
601610
601650
601664
601670
601714
601724
601730
601744
601746
601764
601786
601794
601824
601826
601870
601890
601914
601920
601946
601964
601976
601980
602014
602036
602044
602054
602056
602060
602106
602174
602180
602184
602190
602200
602210
602234
602244
602266
602276
602326
602330
602336
602346
602384
602406
602420
602430
602444
602456
602460
602470
602520
602540
602560
602604
602656
602660
602670
602684
602706
602710
602716
602744
602754
602760
602770
602784
602786
602794
602796
602866
602876
602886
602910
602916
603006
603040
603070
603076
603086
603090
603134
603144
603184
603186
603204
603210
603214
603230
603236
603256
603274
603294
603310
603314
603320
603370
603376
603446
603486
603510
603516
603524
603540
603574
603580
603626
603630
603636
603644
603646
603680
603684
603714
603720
603726
603740
603786
603820
603824
603864
603874
603896
603916
603924
603940
603964
603974
603986
604004
604020
604026
604034
604046
604060
604084
604086
604096
604120
604136
604146
604240
604324
604330
604334
604350
604356
604360
604384
604386
604416
604420
604434
604436
604446
604514
604520
604530
604556
604564
604566
604600
604606
604634
604666
604670
604680
604714
604730
604744
604746
604766
604816
604844
604850
604876
604906
604910
604916
604954
605024
605036
605120
605144
605146
605150
605154
605164
605176
605186
605214
605224
605250
605256
605260
605266
605280
605284
605294
605296
605304
605320
605386
605466
605486
605500
605504
605524
605534
605540
605554
605556
605594
605596
605614
605644
605650
605660
605676
605686
605710
605724
605736
605744
605794
605796
605806
605824
605830
605846
605864
605894
605900
605904
605936
605954
605956
605966
605976
605984
605994
606014
606044
606050
606060
606090
606110
606154
606164
606196
606206
606210
606220
606236
606240
606264
606266
606280
606296
606310
606324
606356
606370
606374
606376
606430
606434
606446
606470
606476
606506
606524
606560
606600
606606
606636
606644
606664
606674
606704
606710
606824
606834
606840
606844
606846
606860
606864
606890
606906
606916
606956
606970
606974
606976
606984
607024
607026
607044
607046
607064
607106
607146
607166
607174
607180
607216
607220
607240
607254
607276
607374
607416
607450
607454
607464
607466
607476
607494
607526
607554
607556
607566
607574
607580
607604
607624
607640
607674
607696
607704
607710
607714
607730
607740
607766
607786
607804
607806
607840
607864
607874
607900
608004
608016
608020
608076
608090
608116
608124
608150
608156
608160
608166
608170
608194
608204
608216
608266
608270
608276
608280
608354
608394
608404
608424
608430
608446
608476
608480
608506
608540
608546
608620
608624
608646
608660
608666
608690
608700
608710
608764
608784
608806
608816
608820
608836
608864
608870
608884
608914
608960
608966
608976
608994
609030
609036
609050
609054
609056
609060
609090
609116
609124
609126
609154
609164
609166
609194
609200
609230
609254
609270
609294
609300
609314
609316
609324
609346
609390
609400
609404
609414
609434
609486
609494
609516
609594
609634
609674
609690
609710
609724
609736
609740
609776
609804
609814
609826
609834
609844
609880
609910
609924
609936
609946
609980
609984
610006
610016
610076
610080
610084
610086
610094
610144
610224
610244
610256
610266
610340
610350
610356
610366
610370
610414
610430
610450
610480
610510
610516
610536
610544
610546
610564
610570
610586
610594
610606
610620
610640
610676
610700
610710
610720
610726
610736
610744
610754
610776
610796
610816
610824
610866
610880
610896
610970
610974
610980
610994
610996
611064
611066
611090
611124
611184
611204
611210
611236
611244
611266
611276
611284
611296
611300
611310
611340
611344
611430
611436
611470
611480
611500
611534
611560
611600
611620
611626
611634
611686
611716
611774
611776
611804
611806
611810
611816
611856
611864
611884
611914
611926
611956
611964
611976
611990
612000
612020
612036
612040
612114
612116
612150
612156
612184
612194
612264
612280
612284
612320
612324
612350
612366
612380
612384
612394
612450
612456
612460
612466
612476
612484
612520
612524
612530
612534
612536
612556
612576
612600
612606
612614
612636
612660
612670
612680
612706
612730
612746
612804
612806
612826
612834
612860
612876
612884
612920
612944
612960
612966
612996
613054
613056
613070
613076
613090
613110
613120
613144
613156
613196
613204
613210
613216
613224
613226
613260
613314
613320
613334
613340
613360
613394
613414
613416
613430
613460
613480
613490
613494
613516
613520
613544
613554
613576
613580
613590
613606
613620
613624
613630
613654
613694
613714
613734
613754
613796
613804
613810
613814
613856
613864
613880
613886
613950
613960
613980
613994
613996
614020
614026
614064
614094
614106
614160
614184
614204
614236
614254
614270
614286
614304
614330
614334
614340
614356
614360
614370
614386
614390
614454
614484
614504
614506
614516
614530
614536
614550
614566
614594
614610
614616
614620
614636
614644
614670
614694
614714
614734
614780
614790
614794
614806
614816
614844
614910
614940
614974
614980
614994
615006
615026
615034
615036
615040
615060
615086
615146
615150
615164
615170
615176
615184
615186
615236
615240
615306
615330
615366
615394
615410
615446
615456
615476
615534
615564
615570
615576
615596
615604
615616
615640
615664
615666
615670
615704
615720
615746
615754
615780
615790
615794
615796
615816
615820
615826
615884
615886
615904
615910
615920
615950
615966
615986
615994
616004
616014
616046
616066
616094
616106
616120
616164
616170
616176
616190
616194
616224
616226
616236
616256
616264
616274
616284
616290
616396
616406
616446
616480
616524
616534
616540
616566
616570
616584
616616
616640
616664
616706
616720
616746
616786
616810
616814
616820
616830
616834
616850
616856
616906
616930
616966
616970
617020
617034
617060
617064
617090
617106
617110
617146
617174
617176
617200
617220
617226
617254
617316
617354
617380
617400
617434
617476
617486
617490
617540
617554
617604
617646
617676
617686
617724
617740
617760
617764
617766
617774
617780
617790
617796
617836
617850
617854
617870
617896
617914
617930
617956
617994
618004
618016
618024
618030
618046
618074
618076
618120
618126
618136
618146
618164
618196
618216
618240
618250
618254
618266
618280
618310
618316
618336
618360
618370
618380
618386
618416
618440
618446
618474
618504
618550
618580
618596
618606
618620
618630
618656
618696
618700
618726
618744
618746
618754
618764
618774
618780
618786
618806
618846
618850
618854
618874
618900
618910
618924
618934
618950
618970
618984
618996
619006
619030
619064
619084
619160
619190
619194
619210
619230
619240
619294
619316
619326
619334
619350
619384
619400
619410
619424
619430
619446
619454
619456
619504
619514
619556
619574
619576
619604
619610
619630
619656
619664
619720
619734
619736
619750
619786
619794
619814
619836
619840
619844
619860
619886
619920
619976
619980
619990
620006
620044
620080
620084
620110
620120
620180
620184
620204
620244
620256
620284
620314
620346
620366
620374
620384
620416
620424
620426
620466
620476
620486
620500
620506
620516
620566
620580
620604
620610
620614
620624
620636
620684
620696
620714
620726
620730
620744
620754
620760
620774
620816
620834
620874
620884
620894
620910
620916
620944
620956
620964
620996
621010
621020
621046
621060
621066
621086
621114
621136
621164
621214
621216
621240
621256
621294
621306
621334
621350
621370
621390
621416
621420
621430
621450
621464
621466
621474
621484
621506
621514
621526
621536
621546
621560
621566
621604
621620
621634
621636
621644
621654
621666
621684
621696
621700
621710
621726
621750
621760
621770
621804
621814
621820
621836
621870
621874
621900
621926
621936
621940
621974
621984
622046
622056
622064
622074
622090
622104
622156
622174
622210
622216
622226
622234
622244
622246
622256
622274
622280
622284
622286
622290
622310
622316
622336
622350
622390
622454
622460
622486
622490
622504
622530
622540
622546
622564
622586
622600
622606
622626
622654
622660
622664
622710
622766
622784
622794
622804
622810
622824
622896
622906
622914
622930
622940
622996
623006
623010
623044
623060
623064
623084
623130
623200
623214
623236
623260
623274
623334
623346
623380
623424
623464
623490
623506
623510
623516
623534
623536
623544
623554
623574
623586
623596
623600
623606
623610
623626
623640
623646
623650
623684
623690
623694
623754
623756
623770
623776
623796
623804
623820
623850
623866
623874
623880
623920
623944
623950
623960
623990
623996
624000
624014
624054
624064
624106
624124
624130
624144
624160
624166
624186
624194
624206
624214
624240
624256
624286
624326
624336
624360
624364
624394
624404
624420
624500
624520
624524
624560
624596
624624
624654
624670
624680
624696
624704
624724
624750
624756
624766
624770
624784
624804
624830
624860
624886
624966
625000
625004
625030
625034
625064
625096
625114
625130
625166
625174
625176
625186
625206
625216
625246
625250
625254
625296
625304
625314
625316
625326
625340
625354
625384
625416
625436
625456
625480
625496
625530
625556
625560
625606
625626
625660
625680
625690
625714
625744
625754
625764
625780
625784
625796
625804
625820
625836
625850
625930
625934
625966
625974
625996
626014
626024
626026
626090
626100
626104
626110
626116
626136
626164
626200
626206
626220
626226
626234
626290
626300
626320
626326
626336
626346
626350
626356
626370
626434
626444
626450
626466
626476
626486
626494
626510
626546
626574
626580
626584
626604
626606
626640
626654
626690
626746
626750
626770
626780
626806
626810
626814
626844
626856
626916
626924
626944
626966
626980
626984
626994
627006
627014
627040
627046
627080
627196
627204
627214
627240
627266
627276
627280
627290
627326
627356
627376
627404
627434
627436
627464
627494
627506
627510
627520
627536
627574
627646
627650
627654
627666
627686
627696
627706
627750
627820
627854
627860
627886
627936
627964
627990
628014
628060
628066
628076
628114
628130
628144
628164
628190
628206
628224
628226
628260
628294
628356
628364
628366
628370
628390
628396
628420
628436
628446
628470
628510
628530
628556
628586
628660
628666
628676
628684
628700
628754
628760
628764
628780
628794
628804
628820
628856
628864
628886
628900
628904
628910
628976
628986
629016
629020
629040
629044
629046
629050
629066
629094
629100
629134
629150
629176
629190
629194
629266
629280
629324
629340
629350
629354
629384
629406
629410
629430
629456
629466
629474
629476
629490
629500
629510
629536
629554
629566
629596
629604
629690
629696
629700
629724
629760
629784
629824
629830
629844
629866
629876
629886
629924
629930
629966
629970
629980
630006
630046
630054
630106
630130
630136
630164
630174
630210
630214
630224
630234
630256
630280
630290
630304
630346
630370
630376
630394
630410
630460
630490
630496
630504
630550
630576
630610
630614
630644
630650
630656
630660
630666
630686
630710
630724
630734
630736
630740
630744
630746
630786
630814
630824
630826
630850
630860
630880
630884
630904
630916
630920
630964
630974
631000
631016
631026
631030
631046
631084
631100
631114
631126
631170
631190
631234
631264
631266
631280
631294
631320
631326
631334
631336
631380
631414
631430
631446
631456
631476
631524
631534
631536
631540
631556
631560
631586
631594
631634
631650
631700
631706
631710
631720
631746
631780
631786
631800
631820
631830
631850
631884
631900
631930
631936
631946
631960
631986
632004
632066
632070
632076
632086
632116
632126
632150
632186
632206
632216
632264
632266
632296
632306
632310
632314
632330
632346
632374
632394
632440
632450
632454
632460
632474
632480
632486
632490
632514
632544
632556
632586
632590
632596
632644
632670
632690
632714
632716
632724
632746
632774
632776
632794
632816
632820
632890
632894
632904
632954
632970
632980
633020
633086
633096
633106
633120
633164
633176
633184
633200
633204
633244
633266
633296
633306
633330
633334
633340
633364
633386
633396
633436
633460
633470
633476
633490
633506
633514
633544
633574
633590
633636
633640
633644
633670
633724
633734
633736
633760
633774
633786
633806
633814
633844
633864
633876
633880
633906
633916
633944
633980
633990
634004
634034
634060
634066
634090
634094
634144
634146
634170
634194
634196
634250
634280
634286
634294
634296
634336
634374
634394
634400
634406
634446
634494
634514
634526
634530
634534
634550
634554
634560
634584
634610
634620
634646
634650
634656
634660
634686
634700
634710
634734
634770
634800
634820
634826
634890
634924
634930
634934
634966
634986
635020
635050
635064
635066
635080
635104
635160
635174
635310
635324
635350
635356
635366
635376
635404
635416
635454
635470
635520
635540
635560
635594
635616
635620
635636
635664
635686
635690
635720
635724
635756
635774
635790
635810
635824
635840
635846
635856
635880
635884
635894
635896
635920
635934
635944
635964
635984
635986
636050
636060
636080
636086
636094
636096
636116
636146
636174
636224
636230
636236
636244
636260
636276
636336
636346
636380
636386
636390
636414
636430
636456
636464
636466
636470
636490
636564
636574
636580
636594
636610
636614
636664
636704
636726
636744
636746
636750
636804
636814
636834
636840
636856
636860
636866
636874
636894
636900
636936
636976
636990
637024
637094
637104
637106
637124
637126
637170
637204
637210
637214
637236
637240
637260
637264
637276
637286
637306
637314
637340
637364
637380
637386
637396
637420
637440
637444
637464
637474
637480
637494
637526
637534
637544
637566
637586
637604
637650
637660
637670
637680
637770
637796
637804
637806
637820
637830
637854
637856
637880
637914
637924
637940
637964
637994
638000
638056
638060
638106
638124
638134
638144
638146
638166
638194
638200
638206
638216
638224
638226
638236
638264
638270
638326
638366
638374
638416
638424
638434
638444
638454
638470
638506
638544
638554
638560
638640
638644
638654
638696
638736
638764
638780
638826
638834
638866
638874
638904
638914
638926
638930
638934
638944
638970
638980
639004
639016
639024
639050
639064
639066
639116
639120
639126
639146
639190
639200
639220
639236
639250
639260
639266
639274
639290
639294
639310
639326
639334
639336
639356
639360
639396
639420
639450
639460
639494
639500
639516
639534
639546
639626
639666
639700
639710
639756
639760
639794
639806
639824
639860
639864
639866
639874
639880
639966
639970
639990
639994
640000
640006
640026
640030
640036
640044
640070
640120
640126
640144
640146
640150
640176
640186
640200
640204
640280
640290
640296
640314
640324
640334
640344
640354
640374
640396
640400
640426
640434
640436
640474
640480
640510
640516
640524
640574
640576
640600
640604
640654
640664
640670
640704
640706
640720
640750
640764
640770
640784
640806
640810
640824
640926
640950
640980
641000
641010
641020
641030
641036
641054
641080
641096
641114
641146
641166
641170
641180
641206
641234
641254
641286
641296
641310
641320
641336
641344
641390
641394
641430
641476
641504
641520
641524
641544
641566
641590
641596
641604
641630
641634
641640
641674
641676
641680
641690
641696
641704
641706
641726
641736
641756
641790
641824
641836
641866
641894
641900
641926
641940
641954
642006
642016
642034
642074
642084
642090
642126
642144
642160
642176
642186
642200
642204
642210
642214
642226
642236
642254
642266
642276
642306
642310
642316
642334
642336
642346
642360
642376
642404
642440
642456
642464
642480
642490
642510
642560
642620
642644
642674
642714
642726
642734
642736
642796
642804
642810
642824
642850
642854
642880
642916
642996
643010
643036
643060
643064
643104
643110
643120
643126
643146
643166
643220
643236
643244
643246
643280
643286
643304
643320
643334
643370
643374
643384
643434
643470
643490
643494
643516
643524
643536
643540
643576
643594
643620
643626
643630
643644
643654
643656
643666
643686
643734
643834
643850
643884
643886
643890
643916
643926
643936
643940
644004
644006
644036
644040
644056
644076
644096
644140
644146
644150
644154
644166
644174
644206
644234
644240
644244
644286
644316
644336
644384
644396
644410
644414
644416
644420
644436
644494
644524
644554
644604
644646
644656
644666
644724
644744
644754
644790
644804
644854
644900
644930
644946
644954
644956
644960
644970
645004
645014
645036
645046
645070
645076
645090
645100
645116
645134
645140
645150
645164
645174
645194
645196
645206
645230
645244
645304
645340
645346
645374
645376
645396
645440
645446
645450
645456
645476
645480
645490
645500
645506
645516
645530
645534
645550
645560
645606
645626
645660
645686
645704
645734
645736
645740
645776
645794
645824
645836
645846
645886
645916
645920
645960
645976
645984
646000
646070
646080
646086
646094
646120
646124
646130
646154
646156
646164
646230
646256
646270
646324
646330
646354
646376
646380
646414
646436
646444
646454
646460
646476
646490
646504
646510
646536
646584
646590
646636
646644
646670
646720
646724
646756
646760
646834
646850
646856
646860
646870
646876
646884
646896
646900
646906
646926
646936
646954
646980
647004
647020
647074
647114
647120
647146
647190
647216
647224
647244
647246
647250
647270
647274
647280
647294
647316
647320
647324
647334
647344
647354
647374
647376
647414
647454
647476
647516
647576
647606
647620
647634
647664
647666
647680
647684
647740
647766
647816
647854
647894
647916
647924
647946
647960
647966
647970
648004
648020
648030
648034
648056
648060
648090
648100
648164
648186
648204
648210
648244
648314
648330
648346
648360
648386
648416
648436
648490
648494
648496
648516
648550
648556
648576
648590
648620
648636
648680
648700
648774
648780
648804
648820
648850
648854
648896
648930
648934
648946
648960
648964
648966
648970
648976
648984
649024
649034
649050
649074
649076
649096
649100
649104
649106
649110
649120
649154
649156
649164
649204
649224
649274
649286
649300
649304
649314
649350
649354
649366
649416
649434
649470
649476
649494
649546
649560
649570
649584
649594
649604
649610
649616
649620
649624
649626
649660
649724
649740
649756
649766
649794
649796
649816
649854
649860
649866
649876
649886
649920
649950
649984
650036
650056
650094
650100
650120
650130
650140
650150
650156
650206
650224
650240
650264
650274
650276
650286
650324
650354
650394
650404
650406
650414
650426
650440
650464
650510
650514
650520
650544
650546
650550
650596
650626
650630
650640
650660
650664
650674
650686
650700
650706
650716
650724
650726
650744
650760
650780
650794
650800
650804
650816
650846
650856
650860
650930
650986
651000
651020
651026
651034
651050
651066
651080
651144
651150
651156
651160
651166
651170
651176
651180
651200
651220
651250
651304
651310
651326
651330
651346
651356
651366
651420
651426
651454
651480
651496
651524
651534
651544
651550
651556
651574
651616
651626
651634
651660
651666
651670
651684
651694
651696
651710
651714
651726
651740
651756
651780
651884
651924
651926
651940
651996
652026
652044
652060
652074
652076
652086
652104
652110
652134
652144
652146
652194
652204
652236
652240
652246
652264
652266
652340
652370
652380
652414
652474
652510
652516
652534
652554
652596
652624
652680
652684
652714
652716
652726
652776
652784
652794
652814
652846
652856
652876
652914
652924
652936
652954
652964
652984
653004
653020
653040
653064
653074
653090
653094
653114
653124
653146
653160
653166
653186
653240
653264
653276
653290
653296
653330
653334
653350
653380
653394
653410
653420
653434
653454
653496
653530
653550
653560
653584
653634
653644
653676
653686
653694
653716
653734
653740
653744
653750
653786
653820
653874
653876
653886
653914
653930
653936
653954
653964
654004
654014
654044
654056
654060
654094
654104
654140
654186
654234
654254
654270
654274
654276
654316
654320
654356
654370
654374
654380
654400
654406
654416
654434
654440
654444
654446
654494
654500
654550
654560
654566
654630
654644
654654
654676
654680
654694
654704
654726
654756
654770
654790
654804
654816
654826
654834
654840
654864
654886
654900
654916
654926
654940
654954
654964
654996
655030
655080
655086
655100
655106
655124
655164
655174
655206
655226
655240
655246
655266
655280
655284
655314
655326
655336
655344
655356
655370
655406
655410
655460
655464
655466
655506
655514
655564
655594
655610
655614
655656
655664
655680
655696
655714
655726
655774
655784
655826
655844
655846
655850
655860
655870
655906
655940
655954
655956
655970
655976
655986
655990
655994
656020
656036
656046
656080
656100
656120
656134
656184
656194
656220
656344
656380
656384
656396
656426
656446
656464
656480
656496
656500
656530
656574
656576
656610
656614
656636
656666
656684
656724
656730
656734
656736
656766
656810
656834
656840
656866
656880
656886
656890
656926
656930
656946
657014
657066
657074
657076
657086
657130
657144
657146
657154
657160
657176
657240
657254
657256
657290
657300
657304
657316
657356
657364
657400
657404
657414
657430
657436
657446
657450
657460
657466
657486
657490
657504
657510
657516
657524
657550
657580
657586
657604
657640
657656
657664
657680
657694
657696
657710
657724
657736
657750
657770
657814
657840
657846
657884
657894
657934
657944
657946
658004
658020
658030
658036
658044
658046
658086
658096
658144
658166
658170
658174
658180
658186
658266
658280
658294
658306
658320
658324
658340
658366
658386
658394
658424
658434
658444
658454
658464
658480
658490
658504
658534
658564
658590
658620
658710
658734
658736
658764
658804
658860
658876
658896
658954
658966
658970
658980
659000
659016
659020
659064
659074
659104
659106
659110
659126
659164
659180
659194
659250
659276
659286
659294
659336
659386
659406
659410
659416
659450
659464
659554
659580
659584
659600
659624
659626
659636
659650
659666
659676
659684
659696
659700
659710
659720
659730
659750
659756
659814
659824
659830
659840
659850
659870
659900
659906
659946
659956
659984
660014
660024
660030
660036
660090
660116
660154
660170
660176
660186
660190
660194
660196
660206
660220
660224
660254
660266
660270
660286
660290
660300
660306
660316
660320
660380
660390
660394
660406
660416
660424
660476
660490
660494
660510
660534
660536
660544
660576
660584
660596
660614
660640
660654
660664
660674
660734
660744
660754
660764
660784
660790
660804
660810
660816
660830
660836
660844
660856
660874
660904
660906
660910
660926
660966
660976
660994
661004
661030
661040
661054
661080
661090
661164
661166
661180
661226
661254
661260
661274
661294
661316
661320
661346
661356
661360
661400
661460
661464
661476
661530
661550
661586
661616
661624
661650
661654
661680
661686
661694
661696
661700
661726
661750
661754
661764
661774
661784
661830
661846
661866
661870
661880
661896
661904
661910
661946
661980
661986
661996
662006
662026
662034
662050
662066
662070
662074
662076
662094
662096
662114
662130
662136
662170
662190
662206
662224
662246
662276
662284
662296
662320
662334
662354
662366
662386
662400
662434
662476
662480
662484
662490
662496
662500
662506
662526
662556
662560
662564
662584
662586
662606
662614
662700
662710
662716
662764
662804
662820
662840
662866
662880
662896
662910
662916
663024
663056
663066
663074
663134
663136
663144
663146
663150
663170
663204
663224
663230
663244
663250
663270
663286
663290
663314
663340
663354
663374
663390
663396
663400
663406
663410
663414
663420
663444
663496
663500
663534
663546
663556
663570
663586
663620
663654
663666
663680
663714
663716
663724
663756
663790
663794
663830
663834
663870
663884
663896
663910
663920
663924
663926
663940
663960
663966
664000
664034
664046
664066
664080
664094
664114
664134
664140
664164
664180
664184
664196
664210
664224
664280
664290
664326
664336
664374
664376
664380
664384
664410
664420
664430
664454
664480
664486
664530
664536
664554
664556
664564
664644
664690
664700
664754
664780
664800
664876
664910
664914
664926
664986
665000
665004
665006
665026
665034
665056
665060
665064
665110
665136
665164
665170
665186
665250
665310
665324
665326
665336
665344
665354
665356
665366
665396
665404
665440
665456
665484
665494
665524
665526
665534
665594
665610
665676
665734
665744
665760
665766
665780
665824
665844
665850
665854
665866
665876
665884
665896
665900
665916
665940
665950
665960
665990
666010
666014
666040
666044
666046
666106
666156
666184
666204
666224
666256
666264
666266
666274
666324
666326
666334
666340
666344
666354
666380
666386
666400
666410
666416
666426
666434
666494
666514
666584
666614
666624
666636
666646
666656
666666
666690
666696
666706
666714
666716
666724
666784
666790
666796
666806
666824
666826
666860
666886
666890
666920
666976
666980
666984
667010
667034
667044
667066
667094
667096
667114
667124
667164
667170
667200
667206
667210
667214
667226
667270
667306
667310
667370
667426
667444
667460
667470
667500
667520
667524
667540
667570
667574
667606
667616
667624
667640
667660
667666
667680
667706
667710
667720
667734
667746
667794
667804
667846
667864
667910
667950
667966
667970
667980
668020
668034
668044
668074
668080
668084
668106
668126
668146
668150
668170
668174
668176
668224
668236
668290
668294
668304
668310
668314
668324
668330
668354
668384
668430
668474
668486
668500
668506
668524
668560
668590
668594
668626
668646
668654
668680
668710
668714
668720
668736
668746
668766
668774
668804
668840
668846
668864
668896
668914
668916
668950
668970
668986
668990
668994
669010
669030
669044
669140
669160
669166
669186
669210
669270
669276
669290
669304
669346
669374
669376
669380
669400
669406
669444
669454
669494
669496
669514
669520
669536
669550
669576
669606
669624
669630
669654
669684
669696
669704
669724
669746
669760
669764
669774
669866
669896
669930
669994
670010
670016
670020
670050
670084
670100
670126
670140
670146
670164
670206
670214
670234
670296
670320
670326
670356
670364
670380
670384
670460
670514
670530
670534
670556
670566
670570
670590
670604
670614
670616
670690
670716
670720
670726
670736
670774
670776
670826
670876
670900
670924
670930
670940
670944
671064
671084
671134
671150
671154
671166
671180
671210
671214
671230
671240
671336
671344
671346
671356
671370
671386
671424
671426
671446
671460
671514
671526
671534
671576
671584
671590
671616
671620
671634
671636
671680
671690
671724
671730
671750
671790
671820
671824
671834
671854
671856
671866
671886
671894
671906
671920
671930
671944
671954
671960
671970
671990
672024
672050
672146
672156
672166
672180
672194
672216
672234
672254
672256
672260
672276
672330
672334
672344
672364
672374
672416
672424
672476
672480
672510
672530
672604
672634
672640
672676
672710
672714
672726
672744
672766
672774
672786
672790
672816
672826
672894
672906
672980
673030
673040
673046
673064
673066
673084
673086
673090
673116
673134
673154
673166
673180
673186
673190
673214
673220
673234
673254
673266
673280
673284
673286
673336
673346
673364
673410
673414
673420
673430
673500
673506
673530
673550
673560
673576
673606
673614
673620
673636
673640
673644
673650
673654
673664
673674
673686
673750
673780
673814
673820
673830
673854
673880
673894
673920
673930
673936
673946
673950
673970
673974
673976
674040
674044
674074
674104
674116
674150
674166
674176
674260
674264
674306
674316
674324
674334
674340
674376
674426
674450
674464
674534
674546
674576
674580
674596
674674
674684
674686
674696
674714
674730
674750
674776
674806
674846
674850
674860
674884
674906
674924
674940
674946
674980
674990
675044
675086
675110
675140
675174
675184
675194
675196
675206
675230
675240
675260
675284
675286
675300
675314
675326
675334
675354
675370
675374
675390
675396
675426
675450
675470
675494
675500
675526
675534
675554
675560
675594
675616
675640
675650
675660
675694
675704
675736
675740
675776
675786
675790
675806
675816
675854
675864
675884
675906
675986
676030
676046
676050
676056
676110
676116
676134
676146
676150
676156
676166
676180
676186
676214
676236
676240
676300
676340
676360
676370
676394
676430
676446
676454
676506
676520
676526
676534
676556
676620
676626
676634
676646
676654
676670
676686
676704
676744
676764
676804
676816
676830
676854
676896
676916
676934
676940
676976
676986
676990
677010
677034
677060
677076
677090
677120
677160
677166
677176
677186
677210
677236
677244
677286
677304
677306
677320
677346
677354
677366
677376
677380
677406
677410
677414
677444
677456
677494
677496
677506
677520
677524
677566
677574
677580
677600
677606
677610
677614
677634
677636
677654
677674
677690
677706
677730
677736
677764
677784
677796
677806
677850
677866
677870
677874
677936
677940
677970
677996
678014
678016
678064
678074
678086
678116
678170
678184
678186
678210
678224
678256
678276
678284
678286
678294
678300
678310
678316
678350
678360
678394
678434
678446
678460
678484
678486
678490
678510
678596
678620
678624
678650
678676
678684
678694
678706
678716
678724
678744
678760
678830
678834
678856
678860
678886
678906
678924
678966
678986
679004
679090
679094
679136
679140
679196
679236
679266
679276
679296
679304
679334
679354
679360
679370
679374
679390
679434
679436
679446
679470
679480
679504
679510
679564
679586
679616
679640
679646
679650
679660
679760
679764
679774
679780
679796
679846
679896
679910
679916
679940
679964
679966
679984
679990
680034
680044
680046
680050
680134
680150
680170
680180
680184
680206
680210
680224
680250
680264
680266
680280
680296
680300
680306
680366
680430
680496
680500
680524
680534
680546
680564
680590
680634
680640
680644
680660
680664
680670
680694
680726
680764
680784
680804
680826
680830
680856
680864
680876
680894
680910
680920
680946
680964
681006
681040
681046
681096
681100
681110
681170
681180
681196
681276
681284
681346
681394
681404
681410
681414
681456
681474
681486
681506
681510
681514
681536
681640
681644
681646
681710
681726
681734
681736
681746
681770
681776
681784
681814
681820
681826
681856
681876
681890
681896
681926
681994
682004
682006
682020
682056
682060
682096
682100
682114
682116
682134
682194
682216
682220
682230
682244
682254
682270
682280
682306
682330
682340
682374
682386
682420
682460
682476
682484
682490
682510
682516
682550
682566
682594
682604
682636
682646
682666
682680
682684
682696
682746
682754
682760
682766
682800
682836
682896
682900
682914
682916
682944
682956
682966
682984
682994
683004
683024
683040
683050
683066
683074
683134
683176
683186
683190
683196
683204
683224
683230
683240
683316
683374
683400
683434
683466
683474
683476
683524
683594
683640
683646
683654
683660
683690
683694
683720
683734
683746
683784
683786
683794
683800
683816
683824
683854
683856
683874
683884
683900
683926
683934
683946
683966
683984
683996
684036
684046
684054
684080
684116
684140
684166
684170
684194
684196
684264
684274
684290
684300
684320
684326
684334
684336
684344
684350
684384
684440
684460
684476
684480
684514
684530
684540
684564
684566
684576
684584
684600
684630
684634
684680
684706
684734
684740
684766
684774
684776
684816
684820
684830
684846
684856
684894
684946
684966
684974
684976
685006
685016
685054
685074
685090
685114
685136
685220
685236
685244
685270
685280
685286
685296
685304
685344
685354
685364
685414
685416
685450
685476
685486
685496
685510
685520
685526
685536
685540
685544
685564
685594
685650
685656
685666
685670
685676
685704
685720
685740
685786
685796
685806
685854
685870
685884
685890
685916
685930
685944
685994
686000
686004
686020
686030
686050
686084
686104
686110
686114
686120
686130
686160
686164
686170
686194
686240
686254
686266
686284
686306
686324
686336
686370
686374
686400
686440
686450
686480
686494
686516
686526
686546
686560
686594
686596
686604
686614
686620
686670
686676
686710
686734
686750
686754
686760
686764
686774
686840
686866
686870
686920
686950
686960
686984
686986
686996
687014
687024
687026
687036
687040
687074
687100
687104
687116
687130
687164
687166
687190
687216
687256
687260
687284
687310
687316
687326
687376
687390
687400
687410
687426
687436
687480
687504
687524
687570
687576
687594
687670
687704
687710
687736
687746
687830
687854
687876
687924
687940
687966
687976
687980
687990
687996
688010
688014
688024
688034
688036
688074
688080
688090
688110
688154
688166
688170
688174
688180
688210
688220
688234
688244
688246
688284
688296
688346
688370
688386
688400
688430
688510
688516
688544
688554
688556
688600
688610
688626
688684
688690
688694
688756
688760
688780
688834
688896
688906
688926
688964
689000
689016
689026
689036
689046
689054
689080
689100
689124
689134
689146
689170
689180
689194
689204
689224
689246
689276
689310
689336
689340
689370
689374
689384
689386
689420
689430
689466
689470
689474
689480
689496
689576
689596
689640
689646
689764
689770
689800
689836
689846
689900
689934
689964
689986
690010
690016
690024
690050
690064
690070
690086
690120
690150
690156
690174
690184
690216
690220
690284
690294
690310
690314
690346
690384
690406
690416
690466
690494
690504
690506
690576
690600
690610
690614
690616
690640
690644
690690
690694
690806
690894
690914
690920
690924
690940
690950
690956
690960
690990
691004
691040
691056
691060
691096
691100
691104
691110
691120
691126
691134
691170
691194
691226
691230
691260
691266
691276
691286
691294
691320
691336
691350
691364
691370
691380
691390
691396
691444
691460
691486
691490
691494
691506
691510
691516
691520
691526
691544
691554
691560
691576
691596
691630
691640
691654
691704
691706
691716
691724
691736
691744
691756
691766
691776
691810
691830
691844
691880
691900
691910
691926
691936
691970
691984
692004
692026
692036
692046
692090
692094
692114
692120
692136
692166
692200
692230
692240
692274
692314
692330
692356
692390
692394
692396
692404
692420
692430
692480
692494
692496
692526
692530
692536
692586
692594
692614
692626
692630
692636
692640
692650
692654
692690
692716
692744
692760
692784
692844
692864
692876
692884
692900
692964
692974
692976
692980
693040
693056
693070
693080
693110
693124
693136
693186
693206
693330
693336
693354
693380
693384
693404
693440
693446
693470
693474
693486
693504
693514
693554
693566
693574
693586
693616
693624
693656
693666
693674
693704
693760
693786
693790
693796
693806
693814
693816
693824
693826
693836
693840
693850
693856
693890
693914
693926
693940
693964
693976
693994
694014
694020
694024
694044
694050
694054
694066
694090
694120
694150
694170
694186
694194
694210
694236
694240
694320
694324
694340
694354
694356
694360
694366
694394
694444
694460
694470
694500
694506
694510
694534
694566
694574
694604
694614
694680
694710
694720
694730
694734
694756
694774
694796
694804
694830
694834
694844
694876
694880
694924
694960
694970
694974
694976
694986
694996
695004
695016
695036
695044
695110
695130
695174
695184
695214
695220
695226
695256
695260
695286
695290
695320
695324
695334
695340
695394
695400
695464
695486
695494
695510
695516
695536
695546
695550
695554
695584
695600
695614
695630
695650
695654
695696
695724
695734
695744
695750
695776
695810
695834
695844
695864
695866
695894
695956
695974
695990
696006
696016
696024
696034
696040
696056
696076
696096
696126
696136
696140
696144
696164
696176
696196
696240
696250
696264
696270
696274
696286
696364
696396
696410
696416
696430
696436
696440
696446
696474
696490
696516
696530
696544
696550
696560
696576
696580
696590
696614
696620
696644
696646
696674
696694
696700
696720
696744
696770
696810
696820
696840
696850
696854
696866
696884
696930
696960
696976
697006
697024
697060
697070
697084
697100
697116
697124
697164
697176
697194
697216
697236
697244
697256
697274
697290
697300
697304
697320
697356
697376
697386
697400
697410
697470
697476
697550
697576
697600
697644
697654
697664
697690
697696
697700
697714
697756
697764
697766
697816
697824
697860
697866
697896
697916
697944
697946
697950
697954
697976
698010
698026
698046
698054
698060
698080
698096
698120
698166
698204
698236
698244
698266
698286
698294
698310
698320
698334
698340
698350
698474
698484
698490
698496
698514
698530
698544
698546
698574
698584
698610
698626
698630
698686
698700
698740
698746
698770
698774
698804
698816
698824
698884
698926
698956
698980
699016
699034
699090
699134
699166
699176
699190
699194
699216
699234
699266
699360
699370
699394
699404
699426
699466
699480
699490
699494
699500
699504
699534
699540
699556
699594
699636
699646
699680
699686
699714
699734
699740
699744
699754
699764
699770
699774
699790
699796
699804
699836
699844
699884
699900
699904
699906
699916
699936
699950
700000
700010
700036
700070
700080
700114
700144
700174
700180
700186
700190
700210
700264
700284
700326
700334
700346
700350
700356
700364
700400
700424
700436
700446
700450
700460
700466
700486
700504
700514
700516
700544
700550
700580
700610
700616
700636
700644
700654
700660
700664
700726
700746
700756
700784
700800
700806
700836
700850
700854
700856
700894
700896
700964
700984
700990
701014
701064
701086
701120
701154
701204
701210
701216
701224
701226
701236
701240
701244
701256
701260
701270
701300
701336
701350
701364
701400
701404
701414
701426
701456
701480
701506
701516
701520
701546
701554
701574
701606
701616
701640
701650
701684
701704
701716
701726
701734
701744
701760
701766
701830
701840
701864
701880
701886
701950
701974
701976
701980
701984
701996
702004
702016
702024
702040
702150
702156
702170
702196
702204
702224
702234
702256
702314
702316
702350
702366
702374
702384
702400
702416
702454
702466
702500
702514
702524
702540
702556
702560
702570
702596
702630
702664
702666
702676
702680
702696
702714
702730
702734
702764
702766
702800
702826
702864
702874
702896
702906
702926
702934
702960
702964
702976
703004
703020
703040
703070
703094
703106
703114
703120
703140
703144
703156
703164
703176
703194
703196
703210
703246
703250
703254
703274
703314
703326
703330
703384
703400
703406
703414
703420
703426
703476
703484
703486
703530
703540
703544
703550
703560
703570
703580
703596
703606
703686
703700
703706
703710
703714
703716
703754
703826
703850
703860
703866
703874
703884
703914
703954
703986
704014
704026
704044
704070
704090
704100
704156
704174
704206
704214
704220
704230
704236
704250
704284
704286
704300
704316
704366
704386
704390
704396
704406
704424
704444
704464
704534
704590
704606
704616
704624
704626
704636
704656
704666
704700
704704
704706
704716
704734
704784
704786
704806
704810
704836
704860
704874
704876
704916
704924
704940
704954
705056
705090
705124
705136
705144
705170
705194
705220
705256
705286
705290
705296
705304
705316
705324
705340
705344
705404
705420
705480
705484
705514
705520
705546
705594
705614
705630
705634
705680
705696
705714
705770
705796
705800
705850
705854
705874
705890
705910
705916
705950
705974
705976
706020
706084
706124
706130
706140
706144
706146
706154
706164
706226
706264
706274
706280
706306
706310
706374
706426
706434
706436
706440
706444
706450
706504
706556
706564
706580
706596
706616
706624
706656
706704
706716
706736
706760
706770
706826
706876
706920
706926
706934
706960
706970
707004
707006
707044
707046
707070
707134
707146
707214
707220
707246
707256
707266
707290
707314
707316
707320
707326
707354
707404
707410
707420
707424
707450
707460
707484
707514
707524
707534
707564
707566
707620
707644
707654
707666
707696
707700
707726
707746
707760
707796
707814
707824
707826
707846
707886
707954
707966
707970
707974
707976
707984
708010
708030
708034
708070
708074
708084
708094
708104
708106
708136
708166
708210
708220
708256
708264
708280
708286
708290
708304
708314
708324
708340
708350
708370
708374
708376
708380
708436
708450
708460
708490
708500
708550
708554
708616
708644
708684
708720
708724
708740
708750
708764
708780
708810
708814
708816
708826
708890
708966
708990
709024
709026
709036
709044
709056
709070
709084
709126
709144
709146
709150
709156
709226
709234
709240
709254
709260
709264
709266
709274
709280
709306
709330
709334
709360
709374
709424
709426
709450
709456
709464
709484
709490
709504
709524
709536
709556
709570
709586
709590
709604
709620
709650
709664
709670
709680
709696
709710
709764
709774
709786
709794
709800
709854
709894
709900
709904
709910
709914
709940
709944
709954
709976
709986
710010
710056
710136
710160
710174
710204
710206
710266
710270
710274
710294
710304
710310
710326
710340
710360
710376
710384
710410
710414
710436
710440
710464
710466
710490
710500
710504
710524
710540
710550
710556
710560
710564
710634
710684
710696
710710
710724
710734
710750
710786
710816
710830
710854
710934
710946
710996
711000
711006
711016
711026
711044
711074
711086
711104
711180
711194
711200
711280
711304
711306
711314
711346
711364
711406
711414
711426
711450
711470
711490
711494
711584
711604
711620
711626
711630
711634
711640
711644
711666
711696
711724
711744
711750
711756
711770
711774
711816
711834
711840
711844
711876
711890
711910
711916
711934
711946
711970
711980
712000
712006
712030
712036
712074
712076
712086
712090
712110
712114
712140
712166
712190
712214
712246
712260
712266
712280
712306
712324
712360
712376
712410
712416
712446
712454
712516
712520
712524
712536
712544
712546
712570
712604
712606
712620
712640
712650
712654
712656
712684
712686
712690
712696
712710
712736
712766
712800
712816
712870
712900
712906
712920
712930
712970
713004
713020
713060
713080
713130
713134
713150
713170
713174
713190
713194
713200
713234
713236
713246
713260
713320
713326
713334
713336
713356
713374
713404
713420
713464
713466
713496
713540
713544
713546
713560
713564
713616
713626
713654
713660
713684
713710
713726
713756
713780
713784
713804
713816
713820
713830
713850
713954
713980
714000
714010
714034
714036
714066
714076
714154
714194
714206
714230
714236
714240
714246
714250
714274
714284
714314
714320
714356
714376
714386
714396
714414
714474
714486
714496
714500
714510
714534
714610
714634
714660
714754
714790
714794
714806
714830
714856
714860
714864
714866
714874
714890
714900
714910
714924
714944
714980
714996
715014
715026
715076
715100
715140
715196
715234
715260
715276
715284
715344
715376
715396
715414
715420
715430
715436
715440
715516
715536
715540
715546
715556
715604
715624
715626
715656
715690
715700
715744
715750
715754
715774
715776
715800
715804
715830
715860
715890
715990
716046
716116
716124
716144
716154
716164
716170
716194
716210
716234
716244
716246
716250
716260
716280
716290
716296
716340
716356
716380
716390
716394
716406
716414
716430
716440
716446
716450
716460
716470
716480
716524
716550
716570
716584
716634
716654
716674
716704
716746
716754
716764
716790
716796
716804
716806
716824
716830
716846
716850
716856
716870
716946
716956
716974
717006
717016
717024
717034
717070
717074
717096
717130
717134
717156
717160
717164
717170
717180
717194
717220
717224
717230
717246
717264
717266
717320
717324
717326
717346
717376
717380
717394
717416
717440
717444
717454
717456
717466
717480
717500
717536
717570
717576
717586
717596
717620
717624
717626
717640
717656
717666
717674
717694
717724
717726
717746
717760
717814
717830
717844
717850
717856
717866
717900
717916
717944
717984
717996
718010
718036
718066
718094
718126
718134
718140
718150
718156
718174
718230
718240
718256
718296
718316
718334
718340
718344
718350
718384
718444
718446
718490
718496
718510
718536
718540
718564
718590
718600
718610
718614
718636
718646
718704
718734
718744
718810
718836
718846
718854
718886
718924
718940
718954
718964
719016
719020
719046
719054
719060
719166
719176
719210
719216
719234
719236
719250
719280
719290
719294
719314
719320
719380
719394
719404
719406
719446
719450
719520
719540
719550
719556
719564
719630
719650
719654
719726
719744
719754
719756
719780
719796
719800
719834
719860
719864
719894
719944
719960
719990
720020
720054
720060
720070
720080
720084
720126
720136
720160
720204
720206
720250
720266
720274
720280
720284
720304
720324
720326
720336
720340
720350
720366
720376
720436
720450
720466
720486
720500
720506
720514
720574
720614
720630
720646
720656
720674
720684
720700
720710
720734
720760
720776
720786
720800
720810
720820
720824
720846
720856
720880
720886
720930
720950
720964
720980
720990
721020
721054
721060
721084
721086
721090
721100
721104
721106
721114
721134
721156
721164
721176
721186
721236
721250
721256
721296
721344
721354
721366
721390
721410
721424
721426
721434
721444
721446
721460
721496
721516
721576
721594
721626
721636
721660
721694
721720
721734
721744
721760
721766
721770
721776
721826
721866
721886
721900
721916
721956
721966
722000
722006
722034
722036
722056
722104
722110
722120
722134
722256
722264
722274
722276
722296
722316
722346
722354
722404
722410
722416
722430
722446
722514
722540
722546
722550
722554
722570
722580
722614
722670
722706
722720
722754
722760
722786
722794
722796
722804
722806
722854
722864
722906
722916
722920
723034
723050
723080
723100
723106
723110
723136
723160
723164
723174
723200
723204
723294
723296
723300
723334
723360
723386
723394
723440
723450
723474
723486
723506
723556
723576
723580
723594
723606
723610
723630
723644
723646
723674
723680
723706
723730
723740
723746
723804
723850
723860
723866
723896
723934
723954
723956
723964
723970
723974
723996
724036
724064
724074
724100
724104
724140
724150
724166
724240
724246
724254
724266
724270
724284
724294
724310
724334
724344
724354
724360
724390
724414
724424
724450
724464
724496
724500
724514
724574
724590
724670
724686
724700
724704
724710
724720
724726
724746
724754
724760
724770
724800
724834
724840
724854
724856
724860
724866
724870
724894
725034
725036
725050
725060
725064
725074
725090
725100
725154
725164
725204
725260
725264
725320
725324
725426
725446
725456
725464
725466
725500
725514
725536
725546
725554
725596
725630
725636
725654
725656
725660
725664
725710
725774
725780
725804
725854
725880
725900
725906
725924
725936
725976
726036
726106
726116
726126
726150
726184
726226
726256
726326
726336
726360
726386
726410
726416
726426
726430
726476
726486
726490
726504
726506
726524
726534
726540
726544
726546
726566
726586
726594
726606
726616
726620
726646
726664
726690
726830
726836
726840
726846
726850
726860
726904
726930
726946
726956
726966
727036
727040
727050
727054
727110
727136
727146
727166
727174
727214
727220
727224
727260
727270
727286
727300
727304
727330
727334
727344
727346
727350
727356
727360
727376
727440
727444
727466
727476
727480
727486
727504
727526
727546
727556
727584
727600
727620
727624
727626
727634
727646
727676
727684
727724
727726
727736
727744
727770
727786
727790
727794
727814
727894
727920
727926
727954
727960
727976
727984
727994
728000
728010
728014
728030
728040
728050
728066
728094
728116
728130
728136
728160
728186
728224
728256
728266
728280
728306
728324
728334
728336
728340
728380
728384
728394
728396
728400
728430
728436
728444
728464
728484
728530
728540
728546
728626
728630
728670
728676
728704
728716
728730
728744
728750
728770
728830
728834
728844
728856
728860
728870
728934
728936
728960
728966
728976
728984
729020
729026
729044
729046
729060
729090
729140
729150
729156
729200
729220
729234
729314
729324
729336
729374
729376
729404
729444
729456
729480
729496
729520
729530
729554
729566
729580
729584
729596
729624
729650
729654
729660
729664
729666
729680
729694
729700
729706
729726
729736
729740
729770
729790
729796
729844
729866
729920
729926
729936
729964
729990
730026
730064
730070
730084
730094
730130
730136
730184
730196
730210
730236
730274
730284
730320
730330
730346
730380
730394
730396
730404
730430
730434
730444
730446
730450
730454
730466
730474
730516
730524
730564
730574
730576
730616
730720
730726
730760
730804
730806
730824
730850
730854
730864
730866
730890
730906
730914
730990
731054
731066
731084
731100
731110
731146
731170
731204
731210
731260
731266
731270
731280
731286
731300
731350
731376
731384
731394
731396
731416
731486
731510
731534
731550
731576
731590
731626
731656
731664
731666
731670
731686
731694
731696
731756
731796
731810
731826
731850
731876
731884
731896
731904
731924
731926
731966
731974
731980
732000
732010
732034
732054
732060
732070
732086
732124
732154
732174
732184
732200
732214
732244
732266
732286
732306
732314
732336
732340
732366
732370
732406
732414
732420
732426
732476
732484
732496
732524
732546
732554
732574
732600
732624
732626
732654
732686
732694
732700
732706
732710
732734
732736
732756
732770
732780
732794
732800
732824
732856
732864
732916
732920
732924
732936
732940
732946
732950
732986
733014
733034
733040
733064
733086
733096
733110
733120
733144
733174
733176
733200
733230
733236
733264
733280
733290
733304
733330
733344
733386
733396
733450
733454
733470
733474
733496
733500
733526
733566
733590
733610
733616
733626
733640
733664
733670
733684
733700
733714
733736
733760
733766
733776
733800
733824
733830
733834
733836
733840
733866
733870
733890
733900
733906
733940
733994
734016
734026
734046
734084
734130
734156
734190
734194
734236
734250
734256
734270
734276
734340
734354
734356
734364
734376
734386
734400
734410
734450
734486
734514
734516
734520
734536
734590
734594
734624
734630
734644
734654
734680
734686
734696
734720
734780
734800
734810
734860
734870
734874
734876
734966
734994
735006
735070
735096
735124
735136
735150
735154
735164
735176
735206
735216
735224
735264
735294
735296
735300
735320
735334
735346
735354
735374
735380
735396
735404
735500
735514
735546
735570
735580
735614
735650
735656
735664
735666
735686
735690
735700
735706
735726
735734
735744
735750
735770
735774
735780
735786
735810
735830
735856
735920
735930
735944
735946
735970
735980
736004
736024
736040
736046
736050
736060
736074
736116
736126
736134
736144
736150
736160
736166
736170
736184
736186
736194
736196
736226
736230
736244
736284
736290
736296
736346
736366
736394
736426
736430
736450
736456
736490
736506
736544
736570
736610
736620
736626
736636
736644
736654
736694
736710
736736
736756
736814
736864
736866
736896
736904
736924
736934
736940
736950
736956
736970
736974
736990
737000
737036
737070
737086
737096
737100
737136
737156
737164
737206
737214
737216
737324
737344
737364
737374
737384
737390
737426
737436
737454
737470
737480
737486
737494
737500
737514
737584
737596
737630
737644
737676
737686
737734
737740
737764
737814
737816
737824
737826
737850
737876
737900
737910
737926
737936
737944
737990
737994
738024
738026
738040
738046
738066
738100
738104
738116
738124
738166
738180
738194
738216
738286
738316
738326
738344
738346
738350
738354
738376
738404
738414
738420
738454
738494
738506
738540
738550
738610
738640
738656
738686
738690
738710
738740
738776
738780
738794
738796
738800
738820
738840
738846
738856
738890
738894
738910
738914
738974
738984
739014
739030
739036
739040
739050
739066
739100
739114
739124
739134
739144
739154
739176
739194
739216
739236
739246
739264
739290
739296
739306
739316
739346
739386
739400
739410
739434
739460
739480
739494
739516
739520
739540
739554
739566
739574
739576
739586
739596
739610
739664
739684
739780
739794
739824
739830
739834
739914
739924
739960
739964
739966
739996
740026
740054
740064
740076
740104
740156
740170
740180
740190
740260
740284
740296
740344
740350
740356
740374
740390
740424
740444
740454
740484
740544
740554
740600
740604
740606
740616
740620
740634
740640
740646
740666
740716
740736
740740
740760
740766
740776
740780
740786
740790
740860
740876
740884
740900
740916
740934
740936
740950
740954
740976
740994
741010
741036
741040
741080
741106
741126
741134
741154
741156
741180
741206
741210
741220
741234
741236
741244
741266
741300
741324
741360
741376
741386
741396
741406
741430
741454
741470
741504
741524
741526
741530
741540
741556
741574
741594
741596
741610
741614
741630
741644
741670
741676
741700
741730
741764
741800
741836
741880
741896
741946
741960
741974
741990
742000
742024
742026
742034
742036
742044
742060
742070
742106
742120
742154
742196
742206
742210
742220
742234
742254
742270
742280
742286
742306
742316
742346
742356
742376
742380
742406
742410
742414
742424
742426
742434
742444
742450
742466
742476
742480
742524
742534
742550
742554
742566
742576
742580
742614
742634
742636
742680
742684
742690
742720
742730
742756
742780
742784
742796
742800
742814
742816
742830
742840
742846
742856
742866
742874
742976
743000
743004
743016
743056
743080
743096
743130
743144
743154
743160
743194
743206
743230
743246
743286
743334
743360
743394
743416
743420
743446
743450
743486
743564
743574
743586
743600
743614
743616
743654
743676
743684
743704
743724
743734
743744
743830
743834
743836
743850
743870
743874
743940
743974
743986
743994
743996
744016
744020
744030
744040
744106
744124
744126
744130
744134
744140
744214
744220
744260
744300
744304
744334
744340
744376
744386
744390
744406
744456
744470
744474
744480
744490
744560
744566
744576
744614
744634
744640
744654
744660
744666
744690
744694
744714
744750
744806
744850
744854
744864
744870
744874
744884
744900
744914
744916
744926
744930
744950
745016
745034
745036
745066
745076
745086
745110
745130
745144
745154
745156
745234
745240
745264
745274
745294
745300
745336
745340
745354
745356
745394
745400
745416
745426
745436
745444
745504
745526
745534
745536
745554
745560
745566
745570
745604
745606
745670
745674
745720
745734
745754
745756
745784
745790
745796
745806
745860
745874
745876
745890
745894
745910
745924
745934
745940
745944
746006
746016
746020
746030
746034
746050
746054
746070
746076
746084
746090
746096
746110
746174
746184
746186
746206
746226
746246
746254
746256
746264
746326
746334
746360
746366
746394
746410
746420
746434
746460
746464
746470
746514
746516
746526
746540
746586
746596
746630
746640
746730
746734
746756
746770
746776
746844
746860
746866
746886
746926
746954
747000
747020
747030
747054
747080
747084
747090
747124
747166
747186
747194
747204
747244
747264
747276
747306
747344
747354
747356
747360
747370
747396
747454
747490
747500
747524
747526
747540
747576
747584
747590
747624
747640
747650
747660
747670
747676
747680
747704
747710
747720
747750
747760
747770
747866
747876
747880
747884
747900
747904
747916
747974
747984
747994
748020
748044
748066
748070
748076
748110
748160
748164
748170
748190
748196
748206
748216
748230
748254
748256
748264
748266
748274
748326
748334
748396
748426
748476
748484
748500
748530
748544
748554
748564
748576
748580
748630
748644
748646
748654
748660
748670
748674
748686
748694
748700
748706
748716
748724
748780
748810
748840
748876
748904
748926
748936
748946
748950
748954
748976
748986
748994
749004
749044
749064
749070
749074
749110
749144
749154
749180
749200
749214
749240
749316
749320
749334
749350
749370
749376
749434
749436
749440
749566
749596
749606
749620
749654
749674
749706
749714
749716
749786
749790
749826
749846
749896
749914
749916
749924
749944
749960
749964
749970
749990
750000
750020
750060
750096
750130
750140
750150
750154
750164
750166
750204
750224
750254
750256
750270
750296
750314
750324
750330
750356
750374
750390
750396
750406
750454
750464
750470
750484
750500
750504
750506
750516
750530
750536
750544
750574
750600
750630
750634
750640
750646
750666
750684
750694
750710
750720
750734
750766
750776
750796
750800
750806
750814
750834
750840
750864
750876
750910
750926
750930
750986
751000
751024
751050
751066
751084
751100
751120
751140
751150
751186
751196
751220
751224
751280
751300
751354
751360
751364
751376
751380
751386
751414
751420
751466
751474
751490
751520
751524
751536
751546
751560
751586
751594
751606
751666
751680
751706
751724
751734
751754
751870
751916
751950
751960
751970
751986
751996
752004
752010
752014
752026
752060
752070
752086
752106
752134
752200
752244
752260
752264
752270
752340
752346
752404
752410
752420
752456
752496
752506
752534
752556
752566
752606
752624
752626
752634
752664
752680
752700
752716
752720
752754
752774
752784
752806
752834
752840
752846
752856
752860
752884
752914
752940
752954
752966
752986
752990
753044
753064
753094
753110
753136
753154
753170
753180
753184
753210
753224
753230
753236
753246
753286
753296
753304
753320
753390
753456
753464
753486
753496
753520
753534
753560
753574
753596
753604
753620
753676
753700
753714
753720
753724
753730
753740
753760
753806
753816
753824
753830
753834
753890
753916
753944
753950
753960
753964
753994
753996
754000
754006
754016
754020
754030
754074
754080
754084
754094
754106
754110
754120
754126
754146
754170
754180
754230
754236
754240
754264
754274
754284
754314
754316
754324
754366
754374
754384
754404
754410
754414
754466
754470
754494
754504
754506
754550
754556
754624
754654
754666
754670
754676
754680
754704
754714
754716
754724
754734
754780
754784
754786
754826
754834
754900
754960
754964
754990
755020
755030
755124
755140
755156
755190
755200
755210
755226
755234
755254
755274
755286
755300
755310
755316
755336
755384
755394
755424
755440
755480
755486
755536
755560
755574
755590
755640
755660
755686
755690
755696
755700
755710
755746
755766
755774
755836
755876
755886
755910
755936
755940
755950
755954
755956
755966
755974
755980
756004
756006
756016
756024
756030
756044
756050
756060
756086
756094
756196
756220
756246
756284
756304
756316
756344
756404
756406
756416
756430
756440
756456
756464
756544
756554
756590
756600
756616
756620
756626
756690
756740
756766
756806
756846
756850
756880
756926
756936
756950
756954
756984
756986
756994
756996
757030
757044
757046
757054
757064
757066
757094
757114
757126
757130
757134
757136
757146
757186
757200
757214
757224
757226
757240
757266
757270
757280
757300
757324
757344
757364
757370
757386
757416
757420
757430
757464
757480
757500
757520
757536
757546
757556
757574
757576
757604
757614
757616
757636
757644
757656
757664
757704
757706
757716
757746
757756
757760
757826
757850
757884
757886
757904
757950
757974
758030
758056
758066
758104
758114
758120
758160
758186
758200
758206
758226
758240
758274
758310
758320
758330
758394
758466
758470
758514
758526
758540
758624
758634
758640
758656
758660
758666
758674
758690
758720
758746
758760
758770
758804
758820
758866
758874
758886
758894
758916
758926
758936
758940
758946
758956
758964
759004
759056
759064
759070
759074
759120
759170
759226
759236
759254
759264
759274
759306
759310
759336
759340
759344
759380
759384
759404
759424
759444
759480
759526
759544
759576
759586
759606
759640
759664
759694
759716
759740
759750
759786
759814
759820
759840
759874
759886
759954
759966
759996
760016
760036
760054
760080
760086
760120
760126
760130
760164
760174
760220
760230
760240
760260
760286
760290
760294
760314
760324
760340
760350
760386
760424
760446
760454
760464
760514
760530
760546
760556
760604
760636
760710
760734
760756
760784
760786
760790
760836
760854
760900
760930
760954
760970
760990
760996
761020
761044
761056
761066
761100
761134
761166
761190
761200
761224
761274
761276
761294
761316
761336
761356
761374
761384
761406
761410
761414
761430
761440
761464
761476
761510
761516
761520
761594
761606
761646
761650
761660
761694
761700
761716
761724
761744
761786
761804
761850
761856
761864
761914
761916
761926
761950
762014
762024
762034
762044
762056
762060
762066
762100
762124
762150
762226
762236
762266
762290
762294
762296
762314
762320
762324
762330
762350
762356
762370
762400
762410
762444
762470
762476
762496
762506
762566
762584
762610
762620
762646
762660
762730
762740
762776
762790
762824
762844
762864
762890
762940
762976
762984
762996
763000
763006
763016
763034
763086
763106
763136
763140
763204
763250
763284
763286
763310
763320
763374
763400
763410
763490
763510
763514
763536
763544
763564
763566
763574
763596
763604
763646
763656
763666
763694
763714
763720
763734
763744
763754
763786
763804
763830
763844
763854
763860
763870
763876
763884
763886
763894
763904
764000
764016
764060
764090
764110
764134
764170
764194
764224
764244
764246
764250
764296
764320
764390
764400
764406
764456
764474
764480
764526
764530
764534
764550
764594
764604
764610
764666
764676
764696
764734
764736
764786
764790
764804
764830
764840
764880
764904
764930
764934
764960
764966
765000
765020
765040
765044
765046
765050
765056
765060
765076
765156
765170
765204
765210
765226
765230
765254
765270
765280
765284
765300
765304
765306
765360
765374
765386
765410
765416
765424
765444
765460
765476
765490
765566
765586
765594
765596
765620
765626
765634
765636
765644
765664
765674
765776
765794
765806
765810
765836
765840
765860
765884
765896
765920
765924
765944
765946
765954
765996
766006
766014
766036
766060
766074
766080
766086
766100
766104
766164
766170
766184
766214
766260
766274
766294
766326
766370
766374
766430
766460
766474
766480
766490
766496
766506
766536
766556
766590
766606
766624
766684
766686
766694
766716
766724
766726
766734
766736
766744
766780
766786
766844
766884
766920
766924
766944
766994
767006
767014
767020
767040
767110
767134
767136
767140
767150
767176
767204
767220
767286
767314
767326
767404
767414
767416
767426
767440
767446
767474
767496
767500
767506
767536
767540
767566
767626
767630
767650
767666
767686
767704
767740
767760
767774
767790
767794
767800
767806
767856
767884
767896
767916
767934
767946
767956
767986
768010
768020
768034
768070
768094
768096
768116
768120
768130
768150
768154
768176
768194
768210
768224
768250
768254
768270
768300
768304
768310
768320
768340
768356
768366
768376
768380
768400
768416
768450
768466
768486
768504
768510
768544
768556
768596
768614
768664
768674
768716
768740
768774
768820
768850
768856
768870
768874
768904
768910
768920
768930
768956
768966
768986
769030
769064
769096
769120
769136
769146
769164
769170
769200
769214
769216
769276
769284
769286
769294
769304
769326
769340
769366
769394
769406
769414
769420
769430
769454
769476
769490
769516
769534
769546
769570
769580
769600
769640
769650
769674
769700
769704
769710
769714
769740
769744
769746
769780
769804
769830
769906
769914
769924
769944
769950
769974
769984
769990
770010
770026
770074
770100
770126
770140
770156
770184
770200
770224
770246
770296
770304
770330
770356
770366
770386
770394
770404
770406
770416
770446
770474
770496
770560
770566
770574
770594
770626
770646
770656
770660
770666
770670
770676
770694
770714
770754
770760
770766
770786
770826
770900
770956
771010
771026
771030
771054
771060
771076
771080
771084
771094
771110
771114
771140
771144
771166
771170
771176
771186
771196
771206
771224
771236
771250
771266
771270
771274
771280
771284
771290
771304
771306
771326
771336
771344
771346
771380
771384
771390
771404
771420
771460
771494
771534
771536
771546
771554
771614
771674
771690
771716
771720
771730
771744
771790
771800
771810
771824
771850
771886
771890
771914
771920
771924
771954
771956
771976
772016
772046
772056
772064
772096
772106
772126
772164
772174
772176
772190
772206
772264
772276
772300
772356
772366
772380
772394
772396
772420
772430
772446
772534
772536
772560
772574
772594
772614
772626
772666
772674
772690
772700
772706
772716
772730
772774
772826
772840
772844
772846
772914
772934
772944
772956
772974
772990
772996
773000
773006
773026
773074
773080
773090
773106
773124
773140
773150
773166
773174
773184
773216
773236
773254
773260
773296
773304
773340
773356
773386
773400
773424
773426
773464
773490
773494
773536
773584
773600
773610
773626
773634
773636
773644
773686
773710
773714
773730
773740
773744
773746
773764
773780
773814
773834
773840
773850
773864
773880
773916
773944
773956
773974
773990
773994
774010
774020
774050
774066
774084
774096
774104
774126
774134
774144
774164
774180
774186
774206
774214
774250
774270
774274
774280
774304
774316
774344
774396
774410
774446
774450
774474
774476
774500
774530
774534
774556
774560
774566
774594
774606
774646
774654
774656
774684
774710
774726
774734
774744
774746
774760
774780
774790
774794
774806
774824
774846
774874
774876
774904
774910
774920
774954
774970
775006
775020
775030
775126
775150
775154
775164
775174
775180
775186
775190
775206
775210
775244
775290
775310
775316
775336
775346
775386
775394
775444
775446
775454
775460
775470
775596
775620
775630
775654
775656
775700
775724
775824
775880
775914
775930
775964
776006
776010
776026
776050
776060
776064
776100
776146
776150
776164
776204
776206
776220
776234
776294
776306
776324
776330
776370
776396
776406
776444
776466
776484
776540
776554
776594
776606
776610
776614
776630
776650
776656
776684
776714
776720
776740
776770
776780
776786
776814
776816
776830
776856
776874
776884
776886
776944
776960
776984
777034
777110
777120
777126
777136
777166
777194
777214
777224
777234
777254
777280
777326
777344
777384
777400
777424
777426
777430
777546
777554
777566
777570
777596
777604
777620
777624
777630
777636
777654
777680
777684
777740
777836
777844
777854
777870
777874
777896
777926
777936
777976
777994
778014
778106
778124
778150
778194
778200
778206
778210
778244
778270
778284
778300
778356
778374
778384
778390
778416
778424
778436
778440
778444
778446
778490
778514
778516
778520
778550
778556
778564
778566
778574
778584
778590
778616
778624
778636
778644
778650
778670
778680
778684
778710
778724
778756
778794
778816
778840
778846
778850
778904
778934
778960
778966
778980
779026
779034
779036
779054
779064
779074
779086
779090
779110
779116
779144
779170
779190
779200
779204
779230
779234
779244
779246
779324
779354
779370
779390
779396
779406
779414
779456
779484
779504
779516
779520
779536
779574
779604
779636
779646
779700
779714
779720
779724
779746
779750
779816
779840
779844
779850
779864
779890
779894
779916
779920
779924
779984
780000
780006
780014
780020
780026
780050
780074
780090
780110
780136
780144
780154
780166
780184
780196
780210
780224
780230
780244
780254
780256
780266
780370
780400
780446
780456
780510
780514
780530
780536
780540
780544
780566
780570
780594
780624
780630
780666
780680
780696
780714
780730
780760
780764
780770
780774
780786
780816
780856
780860
780864
780870
780880
780914
780940
780956
780964
781004
781024
781036
781050
781096
781104
781106
781140
781174
781194
781206
781270
781300
781304
781310
781336
781340
781354
781374
781390
781394
781406
781416
781420
781424
781430
781444
781450
781466
781476
781484
781496
781544
781560
781570
781580
781600
781644
781670
781676
781696
781700
781714
781716
781746
781806
781814
781830
781840
781914
781926
781934
781940
781946
781954
781956
781960
781966
781974
781976
781986
782014
782034
782050
782054
782080
782094
782110
782126
782130
782156
782160
782196
782210
782216
782236
782264
782300
782376
782390
782406
782420
782430
782440
782456
782474
782496
782500
782520
782536
782554
782570
782584
782590
782636
782654
782656
782690
782720
782724
782726
782754
782770
782776
782784
782860
782866
782884
782916
782940
782966
783014
783026
783036
783064
783080
783116
783120
783134
783146
783176
783230
783240
783256
783300
783326
783334
783340
783354
783386
783406
783436
783446
783474
783496
783546
783550
783564
783566
783584
783616
783630
783644
783676
783744
783820
783846
783860
783884
783886
783894
783904
783906
783964
784000
784016
784020
784060
784076
784084
784130
784140
784156
784160
784190
784224
784236
784270
784276
784286
784300
784310
784330
784390
784396
784414
784424
784434
784436
784460
784500
784534
784556
784564
784570
784576
784586
784596
784606
784634
784640
784664
784674
784680
784686
784706
784710
784720
784726
784746
784756
784814
784816
784846
784916
784934
784940
784950
784964
784966
784990
785044
785046
785054
785070
785074
785080
785106
785144
785150
785170
785174
785176
785190
785204
785210
785230
785284
785316
785320
785344
785350
785414
785420
785440
785454
785456
785470
785550
785554
785586
785604
785606
785614
785670
785700
785706
785734
785766
785776
785794
785810
785834
785896
785926
785934
785944
785950
786000
786070
786090
786094
786114
786116
786130
786134
786140
786146
786150
786190
786226
786234
786270
786306
786316
786320
786354
786360
786400
786446
786470
786476
786496
786500
786504
786506
786536
786546
786566
786574
786580
786590
786604
786624
786630
786634
786636
786644
786670
786714
786760
786766
786770
786784
786786
786806
786814
786870
786944
786964
787000
787010
787066
787114
787140
787154
787190
787196
787224
787254
787270
787306
787310
787320
787326
787336
787344
787346
787364
787384
787390
787400
787404
787430
787474
787500
787510
787516
787526
787530
787554
787586
787654
787664
787666
787676
787680
787700
787706
787734
787746
787764
787774
787800
787814
787816
787830
787836
787864
787894
787900
787940
787966
787984
787996
788010
788074
788110
788114
788126
788144
788240
788264
788326
788334
788344
788356
788360
788370
788376
788410
788420
788444
788450
788470
788474
788496
788526
788530
788576
788590
788664
788700
788706
788784
788854
788856
788860
788886
788914
788944
788964
789010
789016
789074
789086
789114
789124
789154
789156
789174
789226
789234
789240
789244
789250
789284
789304
789336
789354
789366
789380
789384
789386
789400
789410
789434
789440
789490
789506
789530
789536
789540
789556
789584
789616
789700
789720
789736
789764
789770
789786
789800
789804
789806
789834
789844
789854
789864
789894
789896
789904
789964
789970
789980
790004
790036
790050
790060
790086
790090
790100
790126
790150
790170
790186
790206
790216
790230
790264
790270
790280
790290
790324
790346
790374
790380
790384
790396
790424
790426
790456
790524
790526
790534
790540
790566
790570
790604
790650
790660
790686
790706
790716
790764
790780
790794
790814
790826
790846
790866
790874
790920
790924
790944
790950
790956
790966
790974
790984
791000
791010
791020
791076
791090
791106
791126
791180
791196
791226
791230
791246
791256
791280
791290
791296
791300
791310
791330
791336
791356
791360
791374
791376
791386
791430
791460
791476
791504
791530
791624
791644
791674
791676
791680
791690
791706
791724
791740
791756
791766
791784
791814
791816
791826
791834
791836
791840
791844
791846
791860
791876
791884
791904
791946
791964
792044
792084
792120
792130
792146
792190
792200
792220
792224
792236
792266
792270
792276
792304
792314
792330
792336
792364
792404
792414
792424
792444
792496
792504
792516
792554
792596
792626
792634
792650
792656
792660
792664
792704
792730
792750
792780
792794
792820
792864
792896
792924
792946
792960
792976
792994
793006
793014
793036
793066
793090
793106
793110
793120
793140
793146
793180
793184
793186
793204
793206
793256
793270
793280
793364
793390
793484
793516
793520
793526
793536
793550
793594
793620
793634
793680
793696
793706
793714
793740
793750
793754
793766
793770
793774
793780
793784
793816
793860
793900
793946
793966
794004
794010
794034
794060
794070
794080
794086
794116
794130
794160
794184
794200
794216
794314
794320
794324
794326
794330
794350
794354
794364
794374
794420
794434
794444
794450
794454
794480
794484
794494
794504
794510
794520
794556
794574
794580
794590
794596
794624
794634
794650
794654
794666
794690
794710
794726
794740
794764
794816
794826
794846
794874
794884
794894
794920
794926
794934
794956
794980
794996
795004
795006
795014
795054
795066
795080
795126
795220
795224
795234
795276
795304
795310
795316
795320
795326
795344
795386
795396
795414
795440
795444
795446
795470
795554
795586
795610
795636
795640
795676
795680
795700
795724
795726
795730
795780
795794
795814
795886
795896
795954
795966
795974
795976
796014
796026
796056
796064
796074
796094
796150
796166
796176
796186
796210
796240
796290
796304
796324
796364
796396
796400
796436
796460
796464
796474
796484
796500
796504
796506
796534
796546
796550
796564
796574
796576
796614
796626
796630
796636
796640
796644
796664
796670
796706
796720
796740
796750
796756
796800
796834
796836
796864
796870
796884
796894
796910
796920
796950
797000
797016
797020
797026
797040
797046
797054
797070
797080
797096
797130
797156
797180
797184
797210
797214
797216
797316
797346
797374
797380
797384
797414
797420
797434
797444
797446
797524
797536
797550
797560
797596
797606
797614
797616
797654
797676
797710
797734
797754
797760
797764
797770
797826
797924
797980
797986
797996
798014
798020
798024
798040
798046
798050
798054
798060
798066
798070
798076
798090
798176
798190
798200
798206
798224
798246
798276
798326
798334
798344
798356
798366
798424
798456
798476
798490
798506
798510
798534
798550
798570
798576
798606
798654
798670
798674
798700
798736
798744
798756
798804
798890
798940
798960
799000
799016
799090
799116
799126
799160
799190
799214
799230
799236
799240
799246
799266
799296
799306
799314
799320
799384
799400
799406
799410
799420
799434
799436
799474
799486
799494
799504
799524
799530
799554
799556
799566
799580
799624
799640
799770
799784
799824
799836
799844
799864
799870
799894
799900
799926
799936
799944
799964
799996
800010
800014
800070
800110
800114
800120
800130
800140
800146
800150
800170
800190
800216
800244
800250
800256
800260
800280
800286
800294
800300
800306
800360
800374
800396
800406
800456
800476
800484
800486
800490
800494
800510
800524
800530
800554
800580
800596
800624
800640
800650
800654
800664
800700
800720
800726
800734
800744
800750
800784
800786
800814
800830
800884
800894
800904
800916
800936
800950
800954
800956
800960
800984
800994
800996
801046
801054
801064
801110
801136
801150
801154
801174
801176
801186
801196
801210
801264
801270
801314
801326
801386
801430
801434
801446
801454
801466
801470
801476
801504
801506
801516
801544
801556
801560
801596
801626
801654
801660
801674
801684
801694
801696
801704
801726
801730
801794
801810
801816
801830
801840
801864
801890
801914
801960
802016
802044
802110
802120
802126
802140
802146
802180
802216
802230
802250
802254
802266
802276
802306
802324
802350
802356
802366
802374
802380
802436
802486
802504
802514
802520
802544
802546
802554
802604
802694
802696
802714
802756
802826
802864
802866
802890
802904
802910
802934
802956
803000
803034
803064
803126
803136
803166
803180
803250
803284
803286
803290
803306
803310
803324
803334
803336
803374
803396
803426
803436
803480
803516
803524
803596
803606
803640
803644
803656
803674
803700
803710
803716
803726
803734
803736
803766
803770
803780
803800
803826
803836
803844
803864
803894
803904
803916
803920
803924
803940
803946
803956
803974
804014
804044
804056
804064
804076
804080
804114
804116
804154
804156
804186
804194
804196
804200
804204
804210
804244
804256
804294
804310
804320
804330
804384
804400
804420
804424
804466
804494
804544
804550
804566
804590
804600
804610
804620
804626
804650
804664
804686
804696
804730
804764
804800
804806
804816
804826
804836
804974
805024
805034
805036
805070
805074
805094
805120
805136
805154
805166
805170
805230
805244
805296
805330
805334
805346
805404
805406
805426
805444
805474
805476
805530
805534
805546
805554
805560
805564
805610
805620
805636
805640
805646
805726
805746
805766
805786
805794
805814
805824
805834
805884
805886
805894
805896
805924
805976
805984
806026
806056
806064
806084
806090
806094
806106
806120
806140
806146
806156
806180
806194
806214
806220
806284
806350
806360
806364
806366
806390
806410
806426
806440
806454
806490
806494
806514
806516
806546
806566
806600
806624
806634
806650
806664
806724
806726
806740
806744
806760
806776
806800
806806
806810
806844
806880
806900
806904
806910
806924
806936
806946
806950
806990
807026
807036
807040
807044
807154
807166
807180
807184
807194
807226
807236
807244
807250
807270
807284
807306
807310
807336
807354
807444
807454
807520
807534
807544
807550
807554
807560
807660
807664
807680
807710
807726
807764
807774
807780
807804
807826
807846
807850
807874
807876
807884
807920
807924
807936
807954
807960
807964
807966
807970
807974
808026
808030
808070
808090
808094
808096
808100
808110
808130
808134
808170
808180
808206
808216
808266
808294
808310
808344
808404
808434
808440
808466
808476
808480
808520
808536
808564
808574
808600
808636
808640
808650
808656
808664
808676
808684
808690
808710
808730
808744
808760
808776
808784
808820
808834
808874
808884
808906
808970
808990
809016
809056
809066
809090
809106
809156
809166
809220
809224
809236
809244
809246
809250
809254
809256
809260
809354
809370
809376
809380
809384
809486
809530
809556
809574
809620
809644
809650
809654
809686
809690
809694
809766
809780
809796
809820
809836
809846
809854
809860
809880
809890
809894
809926
809930
809954
810004
810006
810056
810076
810096
810124
810136
810140
810144
810160
810184
810196
810226
810236
810244
810270
810304
810354
810410
810416
810424
810450
810494
810500
810524
810526
810540
810566
810606
810614
810630
810656
810686
810706
810710
810744
810746
810796
810804
810806
810810
810816
810820
810846
810900
810916
810920
810954
810990
810994
811050
811070
811086
811096
811124
811144
811146
811164
811196
811204
811216
811224
811264
811306
811310
811334
811344
811356
811370
811384
811394
811420
811436
811446
811464
811470
811476
811496
811526
811534
811560
811570
811574
811600
811630
811656
811704
811724
811734
811794
811810
811830
811834
811836
811840
811846
811854
811864
811866
811874
811900
811944
811956
811966
812000
812010
812034
812044
812056
812084
812090
812100
812110
812124
812134
812184
812194
812246
812250
812266
812276
812286
812294
812306
812320
812364
812380
812386
812416
812484
812486
812496
812500
812504
812516
812524
812546
812550
812556
812574
812580
812620
812640
812680
812694
812710
812720
812730
812750
812760
812764
812786
812790
812796
812850
812854
812860
812866
812870
812874
812904
812914
812946
812954
812956
812994
812996
813006
813014
813016
813084
813104
813110
813150
813160
813170
813186
813200
813204
813224
813234
813240
813256
813296
813304
813334
813356
813364
813384
813430
813460
813510
813524
813544
813586
813620
813630
813640
813674
813700
813706
813720
813724
813734
813746
813750
813770
813774
813796
813804
813826
813856
813864
813866
813894
813914
813946
813966
813980
814014
814020
814030
814036
814040
814074
814090
814096
814116
814136
814164
814200
814220
814254
814256
814314
814326
814334
814336
814346
814350
814386
814410
814426
814436
814464
814496
814514
814526
814594
814604
814626
814654
814684
814724
814756
814760
814786
814790
814794
814810
814816
814826
814864
814880
814896
814906
814914
814930
814996
815020
815046
815076
815090
815100
815106
815114
815124
815136
815140
815174
815184
815226
815246
815270
815286
815304
815320
815334
815354
815366
815370
815414
815444
815504
815530
815590
815606
815616
815660
815674
815684
815694
815710
815720
815736
815754
815756
815760
815804
815814
815830
815866
815884
815904
815946
815964
816000
816024
816036
816046
816074
816076
816144
816176
816190
816204
816224
816250
816256
816316
816326
816364
816376
816390
816394
816414
816500
816504
816544
816546
816646
816660
816690
816780
816784
816810
816870
816874
816896
816900
816904
816906
816930
816936
816944
816960
816996
817026
817064
817066
817070
817086
817096
817104
817130
817156
817166
817200
817226
817284
817310
817320
817346
817374
817384
817394
817420
817434
817444
817456
817470
817480
817524
817544
817574
817584
817586
817616
817626
817634
817650
817674
817690
817724
817726
817740
817750
817774
817804
817810
817814
817834
817850
817896
817906
817924
817950
817954
818014
818016
818026
818066
818106
818126
818166
818170
818196
818234
818250
818260
818294
818340
818346
818356
818364
818366
818374
818400
818406
818414
818416
818476
818506
818516
818526
818530
818590
818610
818616
818620
818630
818634
818636
818664
818674
818686
818710
818736
818756
818760
818830
818844
818846
818900
818910
818934
818974
819000
819020
819024
819040
819094
819104
819110
819136
819154
819170
819206
819224
819236
819250
819256
819286
819310
819324
819326
819340
819344
819380
819416
819444
819466
819474
819480
819520
819530
819576
819614
819620
819650
819654
819666
819764
819794
819806
819810
819820
819854
819864
819870
819894
819896
819904
819916
819920
819924
819956
819960
819984
820004
820010
820030
820064
820090
820106
820150
820154
820164
820170
820174
820176
820184
820200
820244
820260
820264
820276
820290
820310
820316
820320
820324
820374
820384
820430
820434
820440
820486
820504
820540
820544
820556
820570
820590
820600
820610
820674
820676
820700
820754
820774
820800
820820
820844
820896
820954
820964
820966
820990
820996
821056
821066
821084
821086
821090
821100
821146
821170
821174
821194
821196
821214
821250
821260
821284
821304
821336
821346
821360
821366
821380
821420
821460
821474
821486
821516
821534
821564
821574
821596
821664
821680
821684
821700
821730
821736
821780
821786
821794
821820
821846
821856
821896
821944
821974
822004
822006
822010
822036
822040
822044
822064
822074
822094
822114
822120
822140
822156
822170
822204
822210
822234
822240
822274
822280
822300
822304
822340
822350
822400
822406
822460
822480
822494
822496
822500
822514
822526
822586
822594
822604
822616
822624
822640
822650
822666
822670
822716
822730
822764
822780
822786
822816
822824
822836
822844
822846
822880
822990
823004
823010
823020
823036
823040
823050
823104
823114
823186
823210
823234
823250
823254
823260
823286
823290
823316
823344
823366
823396
823406
823420
823424
823426
823430
823440
823514
823520
823534
823536
823546
823556
823580
823604
823624
823666
823690
823710
823726
823736
823800
823830
823856
823864
823876
823890
823894
823914
823930
823934
823946
823970
823990
824024
824046
824066
824084
824146
824184
824196
824204
824254
824256
824276
824290
824310
824324
824330
824346
824356
824376
824380
824410
824414
824444
824454
824486
824510
824524
824570
824584
824600
824620
824626
824636
824694
824726
824744
824760
824794
824814
824824
824826
824874
824890
824924
824930
824990
825010
825030
825046
825056
825070
825126
825166
825186
825190
825200
825214
825230
825234
825246
825266
825296
825314
825324
825330
825334
825366
825394
825446
825460
825496
825510
825540
825556
825566
825574
825580
825590
825600
825616
825620
825634
825650
825654
825666
825670
825684
825696
825780
825826
825866
825894
825956
825964
825984
825996
826044
826066
826070
826086
826096
826124
826146
826150
826154
826166
826214
826226
826244
826254
826266
826294
826320
826326
826370
826390
826404
826414
826436
826466
826504
826516
826524
826530
826564
826634
826640
826650
826710
826716
826780
826800
826904
826914
826934
827060
827064
827066
827074
827076
827100
827124
827174
827186
827220
827230
827290
827296
827340
827346
827374
827404
827424
827456
827464
827486
827504
827534
827540
827544
827560
827586
827660
827674
827680
827686
827690
827716
827750
827804
827814
827826
827834
827850
827914
827916
827924
827934
827944
827946
827950
827954
827960
827974
827976
828036
828050
828076
828080
828110
828116
828130
828154
828184
828240
828246
828256
828334
828354
828366
828384
828386
828490
828506
828520
828530
828554
828566
828580
828604
828636
828656
828700
828704
828726
828730
828736
828740
828756
828764
828766
828786
828800
828826
828834
828876
828884
828894
828946
828956
828960
828964
828994
829010
829020
829036
829046
829076
829110
829124
829126
829204
829244
829254
829260
829266
829286
829294
829310
829334
829344
829350
829390
829394
829404
829410
829430
829436
829450
829456
829464
829474
829476
829500
829520
829524
829606
829614
829640
829646
829660
829674
829686
829696
829714
829754
829770
829780
829796
829804
829810
829816
829836
829840
829920
829926
829984
829994
830024
830030
830070
830076
830096
830124
830130
830154
830156
830170
830186
830206
830246
830254
830264
830270
830280
830306
830314
830330
830346
830350
830390
830416
830430
830436
830450
830520
830524
830564
830576
830596
830600
830620
830636
830680
830696
830704
830724
830740
830750
830800
830814
830846
830860
830886
830914
830950
830974
830980
831006
831034
831054
831076
831080
831090
831140
831180
831246
831250
831256
831300
831320
831324
831336
831350
831414
831450
831456
831460
831484
831510
831526
831554
831560
831580
831604
831620
831630
831664
831726
831730
831736
831744
831756
831796
831816
831834
831866
831870
831890
831896
831900
831924
831936
831946
831980
831986
831994
832014
832046
832066
832084
832134
832140
832144
832160
832166
832170
832274
832310
832340
832374
832390
832406
832410
832444
832474
832500
832504
832524
832534
832546
832584
832604
832610
832620
832666
832674
832680
832730
832750
832780
832784
832794
832804
832806
832816
832846
832874
832904
832914
832920
832946
832994
833010
833036
833040
833044
833046
833076
833096
833104
833114
833150
833180
833186
833194
833206
833254
833270
833286
833326
833330
833340
833350
833374
833376
833400
833410
833420
833424
833426
833436
833460
833470
833520
833566
833570
833584
833626
833634
833636
833694
833696
833700
833730
833736
833746
833756
833806
833814
833816
833840
833844
833874
833910
833930
833946
833976
833980
834000
834006
834014
834026
834040
834044
834080
834096
834200
834224
834256
834266
834276
834314
834324
834340
834346
834350
834396
834404
834454
834456
834460
834470
834524
834536
834544
834576
834600
834606
834630
834656
834680
834684
834740
834766
834776
834870
834890
834906
834916
834924
834926
834950
834970
834986
835064
835066
835080
835090
835100
835114
835116
835126
835134
835136
835150
835160
835176
835184
835236
835256
835340
835354
835364
835374
835390
835396
835400
835404
835426
835434
835446
835480
835496
835516
835524
835534
835564
835576
835586
835634
835706
835720
835740
835746
835754
835760
835766
835786
835790
835796
835806
835810
835820
835834
835844
835880
835906
835914
835916
835976
836006
836010
836014
836034
836050
836066
836086
836094
836110
836114
836130
836146
836150
836156
836164
836170
836180
836184
836196
836236
836254
836284
836296
836316
836320
836346
836384
836400
836410
836426
836436
836446
836470
836474
836536
836544
836560
836570
836586
836616
836630
836660
836684
836686
836730
836756
836764
836790
836796
836814
836820
836830
836864
836866
836884
836886
836890
836910
836916
836920
836950
836956
836964
836996
837030
837060
837070
837090
837120
837124
837134
837136
837164
837174
837190
837206
837306
837310
837320
837330
837344
837350
837354
837376
837386
837394
837436
837440
837446
837454
837486
837490
837514
837534
837540
837544
837570
837574
837576
837596
837604
837616
837626
837640
837646
837690
837700
837710
837716
837720
837750
837774
837776
837814
837820
837840
837860
837870
837924
837956
837974
838046
838074
838084
838116
838120
838126
838150
838156
838160
838174
838176
838226
838234
838244
838250
838256
838304
838306
838354
838360
838366
838370
838374
838380
838394
838416
838420
838424
838450
838474
838484
838496
838506
838510
838516
838526
838590
838626
838630
838644
838650
838654
838680
838706
838730
838756
838760
838766
838780
838786
838790
838874
838904
838966
839034
839060
839084
839086
839104
839134
839136
839140
839144
839170
839174
839180
839186
839230
839270
839284
839326
839334
839380
839386
839406
839420
839514
839526
839560
839590
839604
839606
839624
839644
839650
839680
839690
839700
839726
839744
839750
839764
839780
839784
839790
839800
839816
839836
839840
839854
839874
839890
839904
839916
839950
839970
839986
840006
840036
840064
840070
840086
840174
840180
840196
840206
840220
840230
840254
840270
840284
840294
840300
840320
840344
840346
840356
840394
840414
840426
840436
840446
840454
840456
840474
840496
840526
840574
840576
840584
840590
840616
840690
840694
840704
840706
840736
840746
840784
840800
840834
840880
840886
840890
840904
841116
841216
841236
841254
841260
841276
841284
841304
841314
841324
841330
841344
841346
841376
841380
841410
841424
841426
841454
841464
841474
841494
841536
841630
841646
841676
841686
841694
841704
841726
841730
841746
841764
841786
841874
841910
841920
841960
841986
841996
842016
842060
842134
842146
842164
842180
842234
842256
842260
842270
842280
842284
842316
842324
842394
842406
842416
842420
842424
842446
842474
842504
842514
842544
842556
842560
842596
842610
842620
842640
842674
842680
842684
842690
842710
842716
842740
842766
842770
842784
842814
842820
842870
842880
842896
842900
842914
842920
842950
842986
842994
842996
843024
843030
843036
843040
843044
843054
843114
843124
843126
843130
843144
843164
843176
843210
843226
843270
843280
843286
843290
843294
843326
843346
843356
843404
843410
843414
843444
843466
843470
843486
843494
843524
843554
843556
843574
843590
843616
843644
843650
843664
843670
843674
843704
843750
843776
843794
843800
843810
843866
843880
843904
843920
843936
843956
844006
844010
844014
844016
844024
844044
844074
844084
844100
844104
844146
844166
844194
844206
844226
844230
844234
844244
844246
844270
844274
844286
844296
844330
844336
844354
844416
844450
844470
844546
844574
844580
844594
844596
844626
844640
844646
844664
844720
844730
844736
844740
844756
844764
844820
844846
844866
844876
844880
844890
844936
844970
844974
844984
844986
844994
844996
845016
845024
845026
845030
845136
845140
845154
845156
845184
845194
845204
845250
845264
845284
845290
845300
845310
845326
845350
845394
845404
845416
845496
845500
845506
845524
845526
845540
845560
845566
845600
845626
845636
845650
845660
845674
845676
845690
845696
845726
845734
845770
845816
845844
845854
845874
845886
845914
845930
846010
846030
846040
846054
846096
846106
846140
846146
846160
846164
846210
846216
846220
846226
846260
846284
846294
846296
846304
846306
846320
846340
846346
846350
846374
846376
846384
846414
846416
846420
846446
846466
846484
846520
846524
846550
846590
846624
846634
846644
846650
846666
846686
846704
846710
846736
846770
846790
846836
846840
846884
846926
846940
846966
846980
846990
847014
847040
847066
847104
847116
847120
847134
847164
847190
847204
847214
847300
847326
847336
847350
847354
847364
847416
847460
847464
847476
847490
847496
847506
847524
847534
847554
847586
847594
847610
847614
847646
847654
847674
847700
847704
847710
847720
847730
847736
847756
847796
847840
847860
847870
847900
847910
847916
847936
847954
847974
847984
848010
848044
848056
848070
848074
848106
848140
848144
848186
848220
848226
848230
848244
848246
848250
848266
848280
848334
848350
848356
848370
848386
848444
848464
848480
848526
848546
848566
848600
848604
848614
848634
848640
848646
848664
848680
848716
848720
848724
848734
848740
848754
848820
848824
848836
848850
848854
848870
848894
848906
848910
848930
849000
849006
849014
849096
849106
849110
849200
849240
849250
849270
849280
849284
849294
849296
849326
849346
849394
849416
849444
849466
849476
849496
849524
849530
849546
849550
849556
849614
849616
849624
849640
849684
849704
849706
849754
849760
849790
849796
849876
849934
849946
849954
849990
850014
850016
850020
850034
850054
850070
850074
850134
850154
850190
850194
850250
850264
850274
850294
850316
850354
850356
850386
850406
850434
850436
850456
850460
850464
850564
850570
850694
850716
850760
850770
850776
850804
850810
850830
850844
850850
850860
850876
850886
850890
850904
850916
850926
850950
850966
850974
850976
850980
851070
851074
851116
851120
851166
851176
851234
851236
851286
851304
851334
851344
851346
851354
851360
851380
851384
851400
851446
851454
851476
851484
851490
851494
851496
851504
851506
851546
851606
851614
851656
851694
851706
851720
851724
851750
851780
851826
851886
851896
851904
851926
851936
851940
851946
851964
851984
851994
852000
852004
852024
852034
852050
852056
852060
852134
852150
852154
852160
852166
852174
852200
852204
852234
852250
852256
852260
852280
852306
852330
852334
852354
852360
852370
852386
852416
852420
852446
852466
852490
852510
852524
852544
852566
852576
852590
852606
852620
852640
852650
852660
852664
852676
852700
852706
852726
852736
852746
852760
852774
852780
852814
852836
852864
852880
852884
852904
852940
852966
852980
852986
853006
853020
853050
853054
853084
853086
853144
853154
853194
853230
853236
853280
853290
853296
853310
853346
853426
853444
853466
853486
853514
853534
853554
853560
853594
853606
853626
853636
853674
853680
853716
853746
853756
853850
853866
853870
853890
853904
853924
853934
853964
853994
854026
854036
854044
854060
854064
854086
854156
854164
854184
854190
854214
854234
854276
854296
854334
854344
854360
854376
854396
854414
854440
854454
854464
854466
854476
854494
854510
854530
854570
854580
854596
854624
854630
854640
854644
854684
854704
854714
854720
854760
854774
854776
854796
854806
854834
854856
854884
854896
854946
854954
854970
854986
855034
855040
855110
855116
855154
855160
855166
855176
855214
855276
855294
855336
855346
855350
855420
855424
855426
855476
855484
855490
855494
855510
855516
855530
855544
855560
855566
855576
855584
855586
855596
855610
855624
855634
855646
855676
855684
855696
855706
855710
855724
855760
855770
855796
855856
855904
855916
855926
855956
855970
855994
856004
856050
856060
856140
856160
856166
856170
856234
856256
856290
856356
856384
856454
856466
856486
856514
856534
856546
856554
856574
856576
856580
856596
856610
856644
856650
856670
856674
856676
856684
856696
856710
856720
856724
856740
856746
856790
856820
856824
856836
856844
856860
856884
856886
856896
856924
856930
856944
856954
856976
857010
857024
857044
857064
857084
857094
857130
857140
857156
857164
857174
857184
857200
857220
857224
857236
857250
857256
857274
857276
857294
857300
857304
857324
857334
857356
857376
857386
857396
857406
857430
857434
857494
857496
857526
857534
857560
857590
857636
857640
857674
857684
857694
857700
857730
857734
857746
857776
857780
857786
857806
857830
857856
857874
857886
857900
857944
857984
858010
858030
858074
858090
858114
858126
858136
858144
858166
858186
858204
858236
858290
858314
858324
858376
858384
858400
858420
858456
858466
858484
858520
858544
858556
858614
858646
858660
858680
858714
858716
858740
858766
858784
858790
858846
858856
858886
858940
858974
858976
859080
859106
859114
859140
859144
859250
859254
859264
859270
859274
859306
859336
859366
859394
859420
859426
859434
859450
859466
859480
859494
859506
859546
859554
859570
859586
859614
859616
859624
859634
859654
859666
859670
859674
859700
859740
859766
859790
859810
859834
859844
859900
859940
859944
859946
859956
859974
860014
860080
860084
860090
860100
860144
860154
860200
860214
860216
860226
860276
860286
860300
860314
860316
860354
860364
860396
860430
860440
860446
860456
860464
860484
860546
860554
860560
860590
860594
860610
860620
860654
860684
860694
860710
860776
860784
860810
860814
860820
860830
860834
860864
860866
860874
860900
860924
860936
860954
860970
860990
861000
861064
861074
861084
861090
861106
861140
861184
861186
861200
861204
861210
861226
861234
861246
861286
861290
861306
861334
861340
861344
861374
861396
861400
861426
861430
861434
861464
861470
861506
861510
861516
861550
861560
861586
861594
861600
861604
861670
861696
861754
861764
861780
861786
861790
861800
861850
861864
861900
861936
861990
862000
862036
862054
862056
862096
862140
862156
862164
862184
862196
862214
862264
862286
862294
862296
862314
862326
862330
862364
862370
862416
862424
862466
862486
862494
862500
862520
862534
862540
862580
862626
862650
862654
862656
862670
862736
862784
862806
862816
862860
862866
862884
862930
862946
863006
863014
863044
863054
863070
863074
863134
863184
863194
863210
863224
863304
863310
863380
863404
863414
863430
863436
863454
863456
863464
863496
863514
863576
863580
863584
863610
863614
863620
863654
863720
863730
863744
863750
863760
863776
863794
863804
863814
863830
863844
863850
863886
863890
863906
863916
863926
863934
863960
863990
864006
864016
864026
864060
864116
864136
864150
864164
864280
864316
864324
864350
864356
864376
864384
864390
864410
864436
864464
864520
864524
864554
864600
864604
864614
864626
864630
864704
864724
864736
864744
864750
864764
864780
864796
864800
864806
864810
864834
864836
864860
864894
864900
864916
864940
864944
864984
864994
865010
865014
865020
865084
865086
865094
865124
865170
865200
865206
865234
865240
865244
865250
865260
865280
865286
865310
865326
865344
865394
865446
865484
865486
865490
865516
865530
865550
865554
865596
865614
865654
865674
865690
865700
865744
865760
865770
865774
865786
865824
865846
865856
865876
865890
865900
865914
865926
865980
866030
866036
866056
866060
866076
866084
866100
866170
866194
866196
866206
866230
866244
866266
866274
866284
866306
866314
866326
866336
866346
866374
866400
866424
866434
866436
866440
866456
866490
866496
866506
866530
866606
866646
866654
866670
866696
866726
866730
866736
866746
866774
866776
866784
866794
866804
866816
866840
866870
866876
866924
866934
866960
866984
866986
867016
867024
867046
867060
867080
867084
867094
867124
867130
867164
867206
867214
867220
867254
867256
867266
867284
867304
867306
867350
867356
867366
867376
867400
867440
867444
867530
867556
867594
867596
867604
867620
867626
867630
867646
867694
867764
867766
867776
867780
867800
867806
867814
867830
867860
867874
867886
867896
867906
867910
867916
867930
867944
867954
867994
868036
868056
868076
868090
868104
868116
868124
868180
868196
868204
868284
868294
868326
868334
868350
868354
868376
868440
868464
868484
868510
868520
868524
868530
868580
868614
868630
868634
868684
868716
868734
868760
868780
868790
868796
868804
868814
868820
868846
868854
868870
868880
868884
868890
868894
868896
868926
868936
868960
868966
869020
869046
869054
869066
869076
869114
869156
869174
869246
869254
869256
869304
869364
869366
869426
869434
869446
869454
869456
869514
869516
869570
869584
869610
869616
869644
869670
869694
869726
869740
869754
869766
869804
869820
869846
869856
869870
869884
869944
869956
869964
869976
869984
870000
870014
870016
870034
870036
870040
870096
870100
870106
870120
870130
870136
870144
870170
870174
870194
870210
870214
870224
870240
870250
870326
870340
870350
870364
870390
870434
870444
870474
870546
870560
870590
870606
870636
870666
870674
870720
870730
870734
870756
870806
870816
870830
870850
870864
870870
870874
870884
870896
870924
870960
870964
870970
870976
870980
871000
871006
871024
871026
871094
871100
871106
871124
871156
871170
871176
871210
871250
871256
871260
871284
871316
871324
871406
871410
871414
871490
871500
871506
871516
871530
871536
871540
871544
871556
871596
871604
871614
871624
871644
871646
871656
871676
871716
871724
871734
871796
871816
871826
871966
871976
872014
872026
872034
872046
872054
872066
872080
872090
872094
872116
872140
872156
872160
872200
872224
872236
872276
872280
872296
872314
872326
872384
872394
872406
872446
872486
872510
872514
872524
872550
872576
872584
872586
872624
872660
872670
872706
872726
872736
872740
872770
872780
872794
872804
872806
872814
872816
872820
872846
872856
872884
872894
872896
872934
872950
872956
872964
872990
872996
873006
873024
873030
873050
873074
873080
873084
873094
873130
873146
873154
873170
873200
873214
873230
873274
873300
873310
873316
873330
873370
873424
873440
873444
873446
873454
873474
873476
873486
873580
873586
873594
873614
873620
873654
873656
873664
873684
873716
873720
873746
873776
873810
873876
873880
873900
873914
873926
873964
873976
873984
873994
873996
874026
874074
874084
874090
874100
874120
874150
874166
874196
874224
874236
874240
874250
874260
874344
874354
874386
874456
874486
874490
874504
874514
874556
874584
874590
874614
874626
874634
874676
874740
874750
874774
874796
874820
874854
874864
874874
874876
874880
874886
874900
874966
875006
875016
875050
875066
875070
875086
875110
875120
875144
875160
875186
875196
875206
875214
875254
875280
875304
875310
875344
875356
875410
875420
875434
875444
875446
875450
875494
875520
875534
875540
875550
875554
875570
875586
875600
875626
875634
875650
875654
875716
875790
875800
875826
875830
875856
875860
875884
875924
875926
875940
875964
875996
876016
876024
876030
876034
876050
876094
876096
876106
876144
876170
876180
876186
876190
876214
876216
876250
876256
876280
876336
876350
876356
876360
876370
876396
876410
876434
876476
876486
876496
876500
876510
876534
876540
876554
876560
876570
876576
876580
876586
876594
876604
876644
876666
876674
876680
876710
876714
876730
876770
876804
876814
876826
876834
876846
876860
876896
876930
876944
876950
876954
876994
876996
877010
877020
877046
877056
877070
877110
877126
877160
877164
877194
877220
877224
877236
877244
877324
877346
877384
877386
877410
877426
877454
877524
877530
877546
877590
877606
877630
877660
877666
877670
877694
877746
877750
877790
877824
877854
877866
877880
877894
877904
877906
877920
877954
878034
878086
878126
878130
878154
878174
878264
878274
878320
878354
878380
878384
878404
878406
878426
878430
878474
878476
878486
878490
878524
878526
878536
878540
878570
878586
878620
878640
878650
878696
878706
878724
878776
878796
878800
878814
878850
878854
878894
878934
878946
878950
878954
878970
878976
878980
878984
879004
879014
879050
879070
879076
879096
879116
879124
879140
879150
879160
879164
879170
879246
879280
879294
879310
879356
879360
879370
879374
879376
879476
879504
879534
879544
879556
879560
879580
879626
879660
879704
879726
879730
879736
879784
879894
879944
879970
880000
880010
880016
880020
880024
880044
880050
880054
880090
880100
880136
880140
880174
880206
880234
880260
880266
880276
880286
880330
880344
880356
880364
880376
880414
880440
880496
880514
880540
880554
880564
880614
880636
880670
880694
880744
880746
880756
880760
880814
880886
880926
880930
880960
880984
880986
880990
880994
881000
881020
881026
881036
881060
881074
881086
881100
881136
881144
881150
881166
881180
881190
881214
881224
881266
881274
881280
881294
881324
881376
881394
881396
881406
881410
881416
881510
881520
881524
881544
881560
881576
881596
881604
881610
881690
881750
881774
881870
881910
881914
881934
881944
881974
881976
881984
882004
882014
882030
882044
882080
882090
882114
882150
882164
882204
882210
882260
882274
882340
882350
882360
882386
882416
882430
882436
882550
882556
882560
882570
882590
882624
882646
882650
882660
882676
882696
882700
882716
882724
882754
882774
882794
882800
882804
882810
882820
882876
882880
882886
882910
882924
882934
882954
883000
883014
883040
883050
883070
883076
883084
883100
883114
883126
883156
883206
883220
883224
883226
883234
883246
883286
883296
883326
883340
883390
883404
883450
883484
883496
883504
883530
883536
883590
883616
883634
883636
883660
883686
883694
883730
883744
883780
883786
883796
883830
883844
883880
883890
883896
883926
883976
883986
884000
884020
884050
884094
884104
884126
884154
884224
884290
884300
884334
884340
884354
884376
884414
884444
884464
884474
884496
884526
884530
884536
884596
884620
884630
884654
884656
884670
884700
884704
884754
884756
884764
884766
884776
884780
884796
884844
884864
884870
884874
884884
884896
884906
884924
884934
884936
884946
884966
884974
885026
885030
885040
885054
885056
885080
885086
885096
885116
885166
885206
885246
885274
885276
885280
885284
885286
885326
885354
885400
885446
885454
885456
885470
885506
885540
885570
885574
885616
885654
885674
885684
885686
885690
885710
885716
885754
885756
885790
885816
885824
885850
885856
885870
885884
885924
885936
885946
885964
885966
885970
886000
886064
886076
886086
886204
886220
886260
886276
886284
886294
886300
886326
886336
886390
886516
886536
886560
886610
886664
886680
886710
886730
886734
886744
886786
886814
886854
886874
886926
886934
886950
886964
886984
887000
887004
887020
887054
887096
887130
887150
887176
887204
887220
887236
887246
887314
887324
887350
887366
887390
887394
887444
887480
887520
887530
887534
887546
887594
887616
887654
887664
887686
887690
887704
887746
887750
887776
887790
887820
887836
887850
887854
887924
887930
887936
887980
887984
888014
888036
888040
888054
888104
888130
888170
888196
888206
888234
888236
888240
888276
888284
888296
888300
888326
888330
888366
888380
888396
888414
888434
888436
888444
888470
888486
888530
888536
888544
888550
888566
888570
888640
888650
888670
888686
888700
888726
888784
888786
888796
888800
888834
888836
888860
888874
888884
888914
888924
888936
888940
888944
888970
888976
888996
889006
889014
889044
889056
889060
889074
889106
889136
889170
889184
889200
889216
889224
889246
889250
889256
889356
889380
889394
889424
889446
889510
889514
889526
889576
889584
889620
889626
889630
889654
889714
889720
889744
889746
889756
889774
889864
889866
889880
889950
889960
889974
889986
890000
890010
890026
890044
890054
890096
890106
890120
890130
890134
890136
890146
890156
890166
890174
890186
890194
890210
890246
890276
890280
890290
890296
890330
890356
890360
890366
890376
890416
890420
890450
890484
890494
890504
890526
890540
890576
890590
890594
890640
890644
890666
890680
890706
890710
890740
890760
890780
890786
890814
890840
890896
890904
890914
890936
890944
890946
890956
890970
891036
891050
891094
891096
891120
891130
891150
891164
891166
891206
891254
891256
891330
891334
891346
891360
891380
891420
891424
891426
891440
891460
891486
891534
891550
891570
891590
891594
891614
891616
891624
891650
891656
891670
891676
891684
891724
891734
891744
891784
891810
891830
891846
891874
891876
891890
891904
891906
891910
891920
891956
892004
892006
892010
892024
892036
892040
892056
892124
892140
892204
892214
892240
892270
892304
892310
892330
892370
892410
892430
892440
892454
892464
892474
892500
892540
892560
892566
892576
892580
892584
892604
892654
892686
892696
892720
892774
892794
892826
892894
892896
892934
892976
892984
892986
893034
893050
893086
893104
893136
893146
893180
893204
893214
893224
893236
893256
893284
893296
893306
893324
893330
893336
893364
893366
893376
893384
893406
893426
893480
893494
893496
893514
893520
893540
893554
893580
893674
893684
893726
893730
893740
893764
893770
893786
893790
893800
893804
893886
893904
893916
893964
893970
893990
894020
894030
894036
894040
894050
894064
894076
894086
894100
894130
894134
894146
894156
894164
894176
894180
894190
894194
894234
894276
894294
894316
894334
894346
894386
894390
894404
894414
894420
894440
894480
894494
894500
894520
894534
894540
894560
894566
894586
894624
894674
894690
894724
894726
894736
894780
894786
894796
894826
894874
894896
894956
894970
894976
894996
895000
895050
895060
895066
895076
895104
895106
895116
895124
895134
895176
895194
895206
895260
895264
895280
895296
895316
895356
895424
895440
895470
895486
895506
895514
895524
895544
895570
895580
895594
895596
895644
895650
895684
895696
895704
895710
895716
895724
895754
895780
895784
895820
895824
895830
895866
895876
895920
895934
895936
895940
895950
895954
895984
896000
896010
896014
896024
896026
896036
896084
896090
896120
896126
896156
896164
896166
896174
896240
896246
896250
896276
896296
896300
896326
896360
896396
896424
896434
896484
896510
896526
896536
896544
896554
896560
896570
896604
896606
896630
896700
896740
896766
896786
896804
896806
896816
896820
896844
896846
896860
896910
896920
896980
897000
897004
897006
897014
897036
897046
897056
897076
897084
897106
897110
897134
897160
897184
897186
897300
897310
897340
897350
897370
897380
897386
897390
897394
897436
897454
897474
897520
897530
897550
897556
897566
897624
897634
897644
897666
897674
897714
897734
897760
897776
897784
897806
897816
897820
897914
897920
897924
897934
897986
898020
898040
898050
898164
898166
898180
898184
898186
898194
898210
898244
898270
898286
898324
898330
898364
898376
898406
898444
898484
898494
898534
898536
898554
898560
898566
898596
898600
898614
898626
898634
898660
898666
898680
898694
898706
898714
898754
898764
898790
898796
898800
898840
898844
898856
898860
898886
898904
898914
898936
898944
898950
899006
899014
899040
899060
899120
899130
899136
899144
899154
899164
899184
899216
899226
899234
899266
899310
899340
899354
899376
899386
899396
899444
899446
899450
899470
899536
899554
899564
899574
899580
899594
899614
899630
899656
899664
899694
899726
899730
899734
899740
899820
899856
899870
899880
899886
899964
900006
900036
900054
900080
900084
900100
900106
900116
900170
900174
900184
900220
900226
900240
900250
900254
900270
900274
900326
900340
900344
900354
900356
900390
900400
900444
900446
900454
900470
900480
900514
900564
900590
900610
900614
900640
900644
900704
900716
900740
900760
900780
900784
900816
900836
900854
900906
900946
900950
900980
900994
901000
901016
901034
901056
901120
901146
901154
901176
901184
901226
901290
901300
901320
901364
901414
901436
901440
901444
901456
901460
901470
901484
901550
901556
901576
901586
901600
901624
901626
901654
901686
901700
901720
901736
901784
901800
901864
901894
901900
901966
901994
902014
902020
902074
902076
902100
902106
902116
902146
902170
902184
902200
902210
902216
902250
902256
902280
902284
902314
902334
902340
902346
902366
902396
902414
902420
902430
902450
902470
902486
902554
902570
902576
902610
902614
902630
902644
902654
902674
902680
902690
902710
902714
902716
902734
902740
902774
902804
902824
902826
902860
902876
902886
902904
902926
902970
902986
903020
903060
903064
903084
903100
903120
903124
903136
903156
903200
903210
903226
903230
903236
903254
903260
903264
903266
903270
903276
903290
903296
903306
903314
903330
903370
903374
903394
903416
903476
903504
903506
903530
903550
903584
903600
903616
903666
903670
903696
903706
903734
903746
903760
903780
903800
903806
903816
903844
903864
903866
903870
903876
903890
903910
903914
903930
903944
903946
903966
904010
904014
904040
904050
904086
904094
904130
904134
904136
904146
904186
904240
904270
904306
904330
904356
904390
904416
904420
904466
904484
904494
904504
904514
904520
904526
904534
904544
904560
904596
904616
904640
904660
904666
904670
904694
904706
904750
904784
904814
904816
904830
904836
904850
904876
904884
904890
904916
904936
904956
904960
904966
905006
905010
905064
905074
905080
905086
905124
905150
905204
905240
905256
905264
905266
905284
905304
905324
905336
905350
905360
905386
905400
905414
905440
905456
905486
905490
905504
905516
905530
905550
905580
905590
905636
905646
905660
905674
905704
905736
905746
905750
905776
905794
905834
905854
905870
905880
905946
905966
905970
905990
905996
906020
906034
906080
906106
906116
906156
906184
906194
906230
906234
906236
906250
906256
906276
906304
906306
906336
906350
906400
906416
906426
906466
906474
906476
906480
906484
906496
906500
906526
906544
906556
906564
906574
906594
906604
906616
906626
906630
906650
906656
906666
906676
906700
906704
906710
906720
906744
906764
906816
906824
906854
906894
906904
906926
906984
906996
907000
907030
907064
907094
907104
907126
907136
907164
907180
907196
907220
907244
907250
907276
907310
907346
907350
907370
907400
907404
907414
907416
907450
907466
907484
907520
907534
907546
907570
907584
907606
907620
907644
907646
907666
907684
907710
907724
907776
907780
907786
907794
907800
907816
907836
907840
907870
907896
907904
907910
907916
907934
908004
908014
908040
908054
908056
908064
908080
908104
908124
908140
908154
908164
908206
908216
908244
908274
908294
908376
908386
908434
908440
908444
908454
908456
908490
908520
908530
908574
908626
908644
908690
908696
908710
908730
908776
908810
908876
908894
908904
908934
908954
908956
908966
908970
908974
909000
909016
909036
909040
909060
909066
909120
909180
909200
909204
909226
909230
909234
909236
909274
909320
909324
909340
909390
909400
909416
909424
909444
909520
909570
909574
909586
909620
909624
909646
909694
909730
909736
909746
909770
909814
909816
909830
909846
909880
909964
909976
910030
910036
910094
910110
910114
910134
910140
910166
910234
910254
910266
910284
910316
910324
910334
910336
910360
910370
910376
910386
910400
910430
910440
910454
910466
910470
910474
910544
910566
910574
910586
910596
910610
910620
910624
910634
910636
910674
910740
910760
910770
910776
910790
910800
910804
910810
910870
910874
910894
910904
910920
910974
910990
911014
911016
911036
911064
911066
911090
911114
911124
911130
911166
911190
911210
911236
911254
911260
911310
911314
911320
911346
911350
911384
911410
911416
911426
911430
911456
911460
911466
911470
911486
911506
911530
911546
911550
911554
911560
911564
911576
911610
911660
911694
911710
911746
911770
911796
911886
911904
911914
911934
911964
911966
911974
911996
912024
912026
912030
912034
912060
912066
912184
912186
912196
912226
912256
912260
912324
912330
912344
912346
912356
912470
912474
912476
912486
912516
912536
912576
912604
912606
912614
912620
912684
912714
912720
912724
912756
912776
912804
912814
912820
912824
912830
912840
912860
912890
912906
912910
912914
912924
912934
912940
912954
912970
913010
913064
913070
913094
913150
913194
913204
913224
913226
913250
913264
913274
913286
913290
913296
913370
913384
913390
913420
913470
913500
913506
913540
913556
913564
913566
913574
913626
913630
913756
913766
913770
913784
913794
913806
913810
913854
913870
913926
913946
913990
913994
914030
914044
914070
914076
914110
914130
914134
914176
914224
914240
914254
914270
914274
914294
914314
914330
914336
914446
914456
914484
914500
914520
914540
914544
914554
914600
914624
914650
914674
914676
914716
914726
914746
914754
914756
914820
914830
914860
914894
914964
914966
914980
915014
915030
915074
915096
915100
915124
915150
915176
915184
915186
915204
915210
915224
915230
915236
915266
915290
915326
915350
915354
915360
915366
915376
915384
915396
915406
915410
915430
915456
915490
915516
915526
915566
915586
915604
915606
915620
915626
915636
915696
915700
915706
915730
915734
915766
915770
915784
915796
915814
915840
915856
915886
915906
915934
915944
915950
915996
916020
916030
916034
916074
916086
916094
916120
916140
916146
916164
916184
916186
916226
916260
916264
916266
916286
916290
916320
916324
916380
916424
916436
916450
916454
916460
916486
916520
916524
916526
916574
916696
916714
916744
916756
916776
916786
916790
916796
916860
916884
916890
916894
916896
916900
916906
916914
916954
916964
916996
917020
917030
917066
917074
917094
917110
917140
917170
917174
917190
917196
917226
917250
917260
917264
917270
917286
917296
917334
917344
917346
917356
917370
917380
917386
917434
917436
917440
917516
917524
917544
917546
917550
917570
917576
917644
917654
917666
917720
917736
917750
917760
917770
917786
917830
917846
917854
917864
917874
917944
917946
917984
917994
918010
918014
918024
918044
918086
918114
918116
918126
918150
918184
918254
918300
918304
918320
918330
918340
918356
918396
918410
918470
918474
918490
918516
918524
918564
918570
918604
918636
918644
918664
918700
918740
918750
918774
918784
918816
918834
918850
918894
918904
918916
918930
918950
918996
919010
919020
919070
919124
919140
919154
919190
919200
919210
919214
919224
919246
919266
919276
919304
919366
919384
919396
919400
919410
919436
919440
919450
919460
919470
919476
919490
919540
919546
919624
919630
919640
919646
919650
919676
919684
919710
919736
919746
919770
919774
919804
919816
919824
919854
919886
919890
919896
919910
919916
919920
919956
919980
919996
920016
920024
920030
920056
920084
920114
920136
920140
920176
920190
920230
920250
920260
920264
920286
920300
920364
920374
920394
920396
920514
920544
920550
920584
920610
920634
920670
920696
920710
920736
920754
920794
920840
920866
920870
920880
920914
920944
920946
920950
920976
920986
921020
921024
921026
921036
921070
921076
921106
921114
921164
921176
921180
921194
921204
921286
921290
921296
921326
921350
921364
921420
921424
921446
921480
921486
921556
921596
921624
921626
921644
921674
921696
921704
921706
921714
921754
921776
921790
921820
921830
921920
921936
921954
921986
921990
921996
922054
922080
922086
922116
922146
922156
922174
922200
922210
922240
922244
922284
922300
922324
922326
922346
922360
922364
922380
922396
922406
922414
922454
922476
922486
922556
922570
922580
922590
922606
922616
922624
922640
922656
922666
922690
922704
922750
922770
922776
922780
922816
922830
922844
922846
922864
922890
922910
922916
922920
922944
922954
922974
923010
923014
923016
923046
923056
923080
923100
923110
923114
923120
923136
923186
923220
923234
923244
923254
923264
923286
923310
923344
923360
923374
923416
923456
923474
923484
923510
923530
923536
923540
923544
923566
923570
923610
923626
923630
923634
923644
923646
923650
923670
923774
923794
923860
923880
923910
923914
923936
923940
923966
923974
924036
924040
924046
924060
924064
924076
924120
924154
924164
924166
924170
924176
924186
924206
924224
924250
924270
924284
924296
924324
924346
924356
924364
924390
924420
924434
924504
924506
924514
924520
924534
924536
924546
924560
924586
924610
924616
924684
924696
924700
924780
924790
924826
924844
924870
924874
924884
924886
924896
924976
924980
924990
925004
925026
925094
925096
925106
925196
925214
925226
925234
925264
925266
925276
925300
925336
925346
925366
925390
925396
925414
925430
925440
925444
925446
925464
925474
925580
925604
925624
925626
925706
925716
925760
925766
925780
925804
925836
925840
925846
925854
925856
925860
925864
925870
925876
925906
925936
925950
925966
925974
925996
926026
926066
926084
926120
926136
926186
926200
926286
926344
926350
926370
926376
926380
926384
926420
926426
926430
926444
926454
926460
926490
926506
926514
926534
926536
926546
926594
926626
926646
926660
926676
926680
926690
926704
926706
926720
926744
926774
926790
926800
926806
926826
926864
926876
926964
926974
926994
927010
927030
927050
927070
927086
927110
927166
927266
927274
927280
927290
927294
927310
927314
927330
927356
927366
927396
927410
927416
927460
927496
927520
927526
927540
927554
927560
927564
927566
927570
927600
927604
927676
927684
927690
927696
927700
927704
927734
927746
927794
927804
927820
927824
927836
927846
927850
927886
927910
927916
927926
927940
927946
927956
927980
927990
928064
928066
928120
928124
928134
928146
928174
928194
928210
928240
928254
928316
928326
928356
928380
928384
928450
928464
928466
928474
928490
928500
928550
928566
928576
928630
928724
928734
928746
928776
928796
928804
928826
928830
928834
928896
928900
928934
928950
928984
929000
929026
929030
929074
929086
929094
929096
929100
929104
929116
929124
929136
929140
929200
929240
929246
929266
929280
929294
929316
929340
929344
929364
929366
929374
929384
929406
929426
929464
929480
929494
929516
929540
929616
929630
929644
929680
929704
929706
929736
929740
929744
929754
929770
929780
929880
929900
929910
929914
929936
929940
929966
929990
929996
930000
930010
930020
930024
930030
930034
930044
930050
930060
930110
930114
930150
930160
930166
930204
930206
930254
930256
930264
930276
930294
930326
930374
930426
930434
930460
930484
930514
930526
930560
930580
930594
930606
930616
930634
930670
930684
930694
930736
930744
930764
930774
930776
930894
930934
930940
930954
930976
930986
930994
931010
931030
931034
931066
931070
931076
931080
931096
931100
931106
931110
931116
931124
931126
931174
931266
931270
931304
931310
931314
931340
931344
931396
931414
931456
931464
931466
931480
931486
931560
931564
931586
931594
931620
931660
931674
931684
931730
931756
931784
931794
931830
931844
931850
931894
931906
931930
931934
931940
931984
932000
932010
932016
932050
932054
932060
932076
932096
932156
932206
932210
932230
932236
932296
932334
932336
932340
932354
932360
932364
932384
932400
932416
932440
932460
932484
932494
932510
932520
932540
932546
932564
932566
932614
932626
932646
932656
932666
932670
932676
932780
932790
932804
932814
932844
932886
932890
932910
932916
932954
932960
933004
933020
933094
933130
933156
933164
933196
933204
933214
933224
933234
933240
933376
933394
933416
933454
933540
933546
933560
933566
933586
933640
933646
933660
933666
933680
933736
933796
933810
933844
933896
933910
933914
933926
933940
933956
933970
934004
934024
934074
934114
934116
934124
934126
934134
934144
934190
934196
934230
934246
934284
934304
934336
934386
934390
934400
934416
934434
934480
934496
934524
934530
934544
934546
934550
934556
934560
934564
934576
934590
934594
934610
934636
934676
934684
934694
934696
934706
934710
934726
934730
934736
934746
934794
934810
934816
934820
934830
934880
934904
934924
934934
934946
934990
935054
935066
935086
935100
935110
935154
935164
935190
935196
935216
935224
935236
935304
935326
935340
935360
935450
935454
935484
935486
935520
935544
935554
935560
935564
935594
935606
935630
935656
935686
935716
935720
935730
935756
935770
935796
935804
935824
935830
935894
935896
935926
935944
935984
935986
935996
936000
936004
936066
936100
936104
936110
936146
936214
936236
936240
936250
936310
936336
936354
936384
936396
936414
936474
936484
936546
936556
936574
936584
936674
936744
936774
936790
936794
936796
936826
936854
936856
936860
936864
936870
936926
936930
936940
936984
936990
937014
937034
937050
937120
937134
937144
937160
937174
937184
937186
937194
937200
937246
937284
937294
937300
937306
937330
937400
937436
937440
937446
937450
937470
937480
937496
937504
937506
937510
937534
937536
937570
937590
937606
937666
937684
937696
937714
937730
937746
937770
937794
937810
937824
937840
937856
937874
937900
937934
937936
937940
937990
938000
938006
938040
938050
938136
938170
938180
938184
938210
938214
938216
938264
938266
938290
938310
938344
938346
938386
938406
938424
938444
938500
938516
938520
938524
938546
938576
938590
938616
938630
938636
938646
938650
938654
938664
938690
938716
938720
938730
938754
938794
938810
938814
938870
938884
938934
938966
938990
938994
938996
939004
939046
939074
939100
939136
939156
939170
939174
939184
939200
939224
939234
939274
939304
939306
939316
939324
939344
939364
939374
939376
939386
939396
939404
939454
939456
939494
939534
939536
939540
939546
939604
939630
939666
939686
939746
939754
939760
939850
939884
939890
939910
939930
939956
939966
939974
939980
940006
940020
940024
940040
940044
940106
940124
940136
940154
940166
940174
940186
940200
940216
940236
940254
940264
940294
940316
940364
940370
940380
940384
940394
940416
940456
940466
940520
940530
940536
940544
940550
940566
940600
940616
940624
940626
940630
940650
940660
940680
940686
940706
940744
940790
940804
940846
940856
940866
940884
940890
940930
940934
940950
940994
940996
941020
941024
941060
941066
941100
941174
941196
941206
941214
941264
941324
941334
941346
941366
941404
941406
941414
941440
941470
941484
941506
941514
941534
941550
941590
941594
941610
941630
941680
941696
941744
941750
941756
941766
941774
941776
941810
941824
941826
941834
941854
941876
941900
941904
941924
941926
941950
941964
941976
941996
942016
942044
942056
942084
942090
942160
942194
942214
942224
942226
942234
942240
942260
942270
942290
942304
942324
942344
942346
942364
942380
942390
942406
942444
942446
942496
942504
942514
942516
942524
942550
942564
942576
942594
942610
942614
942650
942666
942670
942694
942730
942750
942776
942784
942800
942826
942896
942906
942936
942954
942984
942990
943026
943036
943046
943084
943086
943100
943104
943154
943160
943166
943170
943176
943180
943204
943216
943230
943234
943244
943274
943290
943310
943356
943374
943384
943396
943404
943410
943426
943446
943500
943514
943520
943546
943566
943630
943656
943660
943664
943690
943696
943774
943796
943800
943804
943850
943890
943906
943910
943914
943916
943926
943954
943966
943976
944036
944064
944096
944106
944110
944114
944164
944166
944190
944196
944200
944214
944216
944236
944284
944294
944316
944334
944366
944386
944410
944420
944436
944450
944480
944506
944544
944560
944566
944606
944636
944644
944664
944700
944724
944730
944734
944756
944804
944820
944860
944870
944880
944894
944896
944906
944916
944930
944980
944984
944990
944994
945046
945074
945076
945086
945090
945120
945130
945140
945166
945176
945224
945226
945244
945254
945256
945276
945280
945294
945310
945314
945360
945416
945436
945506
945520
945530
945540
945556
945590
945626
945630
945660
945676
945686
945750
945766
945786
945806
945830
945856
945864
945906
945970
945994
946000
946004
946006
946024
946030
946040
946056
946064
946086
946094
946120
946140
946150
946176
946204
946220
946246
946266
946274
946280
946294
946300
946320
946324
946334
946364
946410
946440
946484
946500
946516
946524
946534
946544
946560
946596
946604
946646
946680
946684
946686
946696
946724
946744
946754
946766
946776
946814
946826
946854
946864
946884
946894
946934
946940
946946
946950
946956
946960
947010
947020
947026
947030
947054
947060
947116
947124
947160
947164
947170
947174
947216
947220
947254
947260
947274
947290
947376
947394
947420
947444
947450
947486
947546
947600
947620
947634
947636
947654
947694
947710
947714
947750
947804
947836
947840
947846
947854
947876
947910
947914
947936
948000
948050
948064
948070
948096
948126
948164
948174
948184
948190
948204
948210
948260
948274
948364
948406
948430
948456
948470
948474
948504
948510
948554
948556
948560
948584
948606
948610
948616
948634
948666
948684
948704
948710
948724
948726
948734
948736
948756
948764
948780
948794
948814
948824
948830
948840
948850
948916
948934
948946
949014
949020
949024
949040
949054
949064
949074
949120
949126
949134
949150
949170
949230
949234
949244
949270
949300
949324
949336
949350
949376
949396
949400
949406
949430
949436
949474
949490
949494
949534
949536
949614
949634
949654
949660
949724
949744
949804
949810
949816
949826
949844
949860
949864
949890
949900
949914
949916
949934
949940
950004
950010
950046
950054
950060
950090
950106
950146
950150
950164
950174
950176
950180
950210
950224
950254
950276
950286
950290
950310
950340
950394
950410
950470
950510
950520
950530
950544
950584
950596
950626
950634
950640
950650
950660
950694
950710
950714
950716
950720
950730
950766
950800
950834
950836
950844
950846
950860
950870
950900
950914
950936
950946
950960
950974
951000
951056
951070
951076
951080
951100
951104
951156
951164
951170
951186
951226
951230
951286
951294
951330
951334
951340
951344
951366
951370
951390
951416
951434
951464
951476
951484
951490
951500
951506
951516
951590
951610
951626
951666
951704
951714
951726
951736
951740
951750
951754
951770
951830
951844
951866
951950
951986
951990
952094
952096
952104
952110
952120
952124
952126
952136
952170
952176
952204
952220
952224
952240
952246
952264
952306
952350
952356
952394
952400
952410
952416
952456
952470
952500
952516
952530
952560
952564
952586
952590
952600
952646
952654
952656
952660
952734
952764
952774
952780
952810
952834
952860
952930
953004
953030
953066
953086
953096
953124
953154
953166
953176
953196
953206
953210
953214
953216
953226
953234
953244
953270
953290
953304
953344
953384
953404
953414
953444
953504
953514
953524
953544
953600
953616
953630
953660
953666
953676
953680
953744
953756
953800
953850
953886
953890
953910
953930
953944
953946
953950
953964
953966
953980
954006
954016
954024
954034
954066
954116
954126
954144
954190
954194
954200
954216
954220
954230
954250
954306
954324
954326
954346
954414
954474
954484
954506
954536
954540
954566
954570
954574
954584
954616
954620
954626
954630
954636
954684
954704
954710
954714
954730
954734
954766
954770
954800
954804
954810
954820
954834
954854
954876
954904
954926
954934
954960
954974
954986
954994
955034
955096
955100
955130
955184
955224
955230
955236
955270
955280
955290
955296
955314
955316
955320
955376
955380
955394
955460
955484
955486
955490
955520
955526
955550
955580
955606
955610
955640
955644
955680
955686
955706
955720
955746
955756
955764
955774
955776
955780
955786
955850
955876
955916
955990
955996
956014
956040
956046
956100
956114
956126
956136
956146
956154
956216
956244
956266
956274
956330
956336
956344
956380
956384
956406
956410
956414
956446
956464
956474
956486
956494
956504
956516
956520
956534
956564
956576
956590
956596
956700
956724
956746
956754
956836
956840
956876
956880
956906
956910
956914
956940
956950
956976
957034
957056
957074
957160
957190
957200
957204
957216
957264
957296
957320
957346
957356
957374
957396
957404
957426
957440
957460
957516
957526
957576
957584
957594
957596
957620
957644
957654
957734
957764
957794
957820
957866
957870
957904
957914
957944
957960
957976
957996
958044
958046
958070
958086
958106
958136
958166
958176
958216
958224
958234
958246
958266
958364
958416
958424
958434
958436
958440
958460
958510
958574
958596
958610
958640
958656
958700
958734
958746
958754
958756
958816
958850
958854
958856
958866
958880
958894
958896
958910
958934
958944
958980
958994
958996
959026
959064
959066
959084
959094
959126
959146
959150
959154
959180
959220
959234
959254
959260
959296
959326
959334
959346
959364
959384
959400
959414
959426
959440
959456
959464
959504
959520
959524
959554
959570
959576
959584
959594
959630
959644
959670
959674
959676
959686
959706
959776
959784
959820
959864
959900
959916
959940
959956
959976
959984
960010
960030
960034
960074
960100
960134
960174
960194
960210
960220
960226
960244
960264
960290
960310
960320
960336
960350
960364
960384
960420
960424
960426
960464
960476
960494
960506
960566
960594
960596
960620
960644
960646
960660
960670
960714
960730
960746
960750
960756
960806
960820
960850
960876
960880
960886
960934
960940
960960
960964
960974
960996
961000
961034
961064
961076
961100
961120
961136
961140
961144
961146
961194
961216
961226
961230
961240
961256
961274
961294
961300
961356
961360
961370
961386
961404
961424
961426
961444
961466
961484
961534
961544
961546
961574
961580
961596
961600
961604
961616
961630
961666
961704
961756
961766
961770
961790
961794
961820
961834
961844
961850
961854
961896
961926
961964
961970
961986
961990
962010
962030
962054
962064
962066
962084
962090
962100
962104
962126
962160
962166
962184
962206
962244
962250
962270
962276
962280
962296
962316
962334
962336
962354
962360
962390
962416
962446
962494
962504
962506
962514
962534
962560
962574
962576
962596
962610
962636
962674
962700
962716
962724
962750
962766
962776
962786
962810
962860
962864
962906
962926
962930
962940
962964
962990
963016
963024
963036
963056
963060
963064
963090
963106
963144
963150
963154
963166
963174
963186
963196
963234
963244
963260
963274
963300
963306
963314
963330
963350
963406
963424
963430
963436
963514
963520
963534
963540
963584
963596
963610
963626
963644
963670
963674
963686
963706
963720
963736
963744
963756
963764
963816
963824
963830
963874
963884
963886
963894
963924
963926
963940
963950
963956
963970
963976
963996
964000
964050
964054
964060
964080
964086
964090
964110
964120
964126
964170
964184
964186
964194
964220
964240
964246
964276
964286
964316
964326
964330
964390
964394
964404
964416
964424
964444
964456
964484
964506
964520
964564
964614
964624
964656
964684
964690
964700
964706
964724
964766
964796
964846
964860
964896
964906
964936
964976
964990
965046
965064
965066
965116
965124
965134
965174
965186
965200
965226
965234
965236
965244
965246
965270
965296
965326
965370
965386
965390
965396
965404
965416
965430
965444
965474
965486
965504
965520
965530
965540
965566
965574
965594
965624
965636
965644
965656
965666
965704
965756
965776
965786
965860
965870
965894
965930
965976
966000
966014
966020
966026
966030
966056
966084
966096
966104
966110
966120
966124
966130
966134
966154
966164
966180
966184
966186
966200
966214
966244
966280
966296
966300
966316
966366
966400
966406
966410
966414
966424
966436
966444
966456
966460
966494
966510
966564
966596
966600
966634
966654
966676
966734
966746
966770
966774
966826
966836
966864
966914
966916
967030
967034
967050
967056
967060
967074
967084
967086
967090
967116
967136
967154
967164
967170
967210
967230
967290
967300
967314
967324
967380
967414
967420
967434
967444
967446
967450
967454
967484
967506
967514
967516
967554
967580
967584
967586
967674
967706
967710
967724
967744
967770
967804
967836
967866
967890
967900
967904
967964
967986
968016
968054
968110
968126
968130
968186
968236
968260
968270
968294
968314
968320
968344
968366
968400
968406
968410
968434
968480
968500
968504
968510
968526
968556
968564
968624
968626
968636
968644
968684
968694
968706
968784
968824
968896
968900
968904
968910
968946
968954
968966
969016
969034
969040
969046
969050
969056
969074
969100
969120
969154
969160
969170
969224
969230
969266
969316
969326
969390
969410
969414
969426
969430
969450
969456
969460
969466
969504
969546
969566
969570
969654
969664
969670
969694
969716
969726
969754
969780
969800
969814
969840
969866
969900
969910
969936
969940
969966
969970
970020
970030
970040
970044
970056
970064
970100
970106
970184
970204
970206
970214
970226
970266
970290
970300
970336
970340
970370
970374
970384
970426
970446
970464
970474
970480
970486
970530
970544
970580
970626
970646
970660
970674
970716
970720
970736
970756
970786
970790
970794
970814
970820
970834
970856
970880
970904
970906
970920
970924
970974
970980
970984
971006
971026
971050
971074
971080
971110
971124
971126
971136
971184
971190
971194
971200
971204
971216
971246
971260
971270
971284
971304
971320
971324
971360
971366
971386
971400
971434
971464
971474
971500
971510
971514
971516
971556
971594
971596
971624
971666
971694
971696
971786
971790
971804
971806
971816
971844
971856
971864
971880
971904
971916
971946
971960
971974
971980
972016
972026
972040
972066
972076
972094
972176
972186
972194
972196
972214
972230
972244
972246
972250
972256
972284
972296
972384
972394
972424
972426
972476
972490
972510
972524
972584
972596
972610
972630
972636
972674
972690
972696
972754
972760
972780
972814
972820
972830
972854
972920
972930
972956
973026
973034
973060
973066
973070
973176
973184
973204
973206
973234
973260
973274
973296
973306
973334
973346
973350
973374
973394
973410
973414
973420
973444
973466
973486
973494
973496
973520
973540
973590
973676
973684
973714
973726
973780
973840
973850
973884
973886
973906
973914
973930
973956
973966
973986
974076
974080
974090
974114
974140
974146
974184
974250
974260
974286
974310
974324
974340
974366
974390
974430
974454
974480
974530
974564
974570
974600
974624
974626
974630
974690
974724
974744
974756
974764
974816
974824
974834
974864
974896
974900
974950
974990
975004
975010
975024
975046
975080
975110
975114
975120
975146
975160
975186
975210
975244
975254
975264
975280
975284
975290
975300
975306
975350
975360
975376
975384
975420
975470
975496
975500
975506
975510
975546
975636
975644
975666
975674
975690
975726
975730
975766
975776
975794
975810
975816
975820
975826
975834
975846
975904
975926
975984
976026
976030
976040
976064
976080
976090
976104
976106
976150
976154
976166
976174
976176
976190
976196
976206
976226
976250
976264
976300
976304
976310
976320
976394
976400
976430
976454
976460
976466
976486
976496
976504
976530
976536
976576
976600
976606
976634
976676
976690
976696
976704
976744
976746
976770
976784
976810
976836
976846
976886
976914
976924
976936
976974
976990
977004
977014
977034
977050
977116
977160
977174
977204
977210
977214
977216
977220
977234
977236
977264
977274
977276
977304
977330
977340
977354
977356
977420
977444
977466
977550
977576
977580
977584
977594
977646
977650
977726
977860
977866
977906
977910
977940
977944
977970
977994
977996
978026
978070
978130
978140
978156
978234
978250
978266
978270
978330
978340
978344
978370
978400
978454
978510
978534
978576
978630
978690
978746
978750
978770
978780
978794
978816
978836
978850
978860
978874
978906
978910
978980
978984
978990
979016
979020
979040
979044
979050
979066
979124
979134
979146
979164
979216
979240
979254
979296
979300
979316
979370
979420
979444
979456
979474
979494
979504
979514
979534
979546
979554
979564
979566
979590
979634
979670
979684
979716
979720
979726
979730
979790
979800
979820
979936
979960
979964
979996
980044
980084
980116
980146
980150
980176
980180
980184
980194
980200
980274
980294
980314
980330
980334
980340
980350
980370
980380
980384
980396
980410
980414
980434
980440
980474
980526
980540
980550
980570
980584
980600
980616
980626
980630
980664
980690
980694
980730
980736
980750
980756
980766
980776
980844
980860
980944
980956
980974
980976
980986
980994
981004
981010
981054
981064
981084
981114
981120
981126
981130
981146
981150
981156
981200
981204
981216
981226
981260
981330
981340
981350
981370
981384
981386
981410
981434
981436
981444
981450
981454
981460
981494
981496
981500
981506
981510
981554
981556
981564
981566
981574
981600
981630
981634
981640
981650
981706
981714
981740
981744
981766
981776
981810
981816
981824
981860
981910
981914
981930
981940
981946
981964
981970
981980
981994
982016
982020
982036
982040
982056
982066
982084
982100
982104
982144
982186
982254
982260
982284
982286
982296
982326
982330
982354
982370
982386
982436
982446
982466
982500
982514
982530
982540
982580
982606
982614
982620
982646
982654
982676
982686
982690
982694
982754
982780
982790
982796
982810
982866
982890
982894
982924
982926
982930
982934
982940
982954
982956
982960
982986
982994
983024
983034
983040
983050
983056
983076
983150
983160
983236
983246
983274
983314
983324
983334
983360
983366
983400
983450
983490
983496
983524
983566
983574
983584
983586
983600
983630
983664
983670
983686
983694
983706
983714
983746
983766
983774
983776
983800
983814
983850
983904
983914
983916
983960
983966
983974
984036
984060
984064
984070
984076
984090
984166
984174
984210
984216
984254
984260
984310
984314
984324
984340
984424
984426
984434
984496
984506
984520
984540
984544
984546
984556
984570
984646
984660
984686
984700
984714
984756
984764
984844
984850
984854
984880
984884
984920
984964
984970
984994
985090
985114
985136
985150
985166
985190
985206
985224
985244
985274
985306
985320
985326
985336
985364
985370
985394
985410
985474
985480
985500
985504
985516
985560
985576
985586
985610
985624
985636
985644
985696
985700
985744
985776
985806
985840
985846
985856
985864
985866
985890
985900
985944
985946
985960
985994
986024
986036
986040
986050
986074
986134
986144
986170
986190
986206
986216
986260
986286
986296
986304
986314
986430
986450
986454
986470
986490
986524
986546
986556
986566
986570
986576
986584
986586
986594
986596
986690
986696
986700
986704
986720
986730
986740
986746
986750
986764
986790
986794
986806
986816
986850
986894
986906
986924
986934
986960
986980
987014
987036
987074
987096
987110
987130
987146
987156
987190
987196
987204
987224
987250
987256
987260
987270
987286
987300
987304
987340
987354
987370
987426
987440
987460
987470
987474
987480
987486
987516
987580
987586
987614
987634
987646
987650
987660
987664
987666
987710
987760
987824
987854
987856
987860
987864
987880
987964
987970
988004
988024
988026
988074
988080
988106
988110
988120
988140
988204
988210
988246
988284
988286
988306
988324
988326
988344
988364
988474
988484
988490
988496
988524
988536
988550
988566
988570
988596
988636
988650
988660
988664
988670
988674
988726
988730
988764
988774
988790
988880
988884
988890
988956
988964
988974
988994
989020
989060
989070
989094
989096
989130
989140
989176
989194
989254
989264
989286
989310
989326
989356
989364
989416
989450
989484
989496
989510
989520
989524
989554
989564
989576
989590
989606
989636
989660
989664
989684
989696
989706
989716
989754
989774
989814
989886
989920
989934
989946
989950
990026
990056
990064
990066
990086
990104
990174
990206
990216
990230
990240
990290
990300
990310
990316
990330
990344
990354
990360
990366
990370
990386
990414
990440
990466
990550
990554
990606
990614
990626
990630
990640
990650
990676
990680
990704
990720
990724
990726
990746
990766
990770
990786
990794
990804
990810
990836
990840
990844
990850
990870
990880
990890
990906
990910
990916
990936
990950
990954
990966
990984
991006
991016
991026
991030
991066
991074
991090
991134
991160
991214
991220
991226
991244
991250
991260
991280
991286
991304
991314
991456
991496
991514
991530
991536
991620
991626
991634
991636
991654
991670
991704
991714
991770
991790
991794
991796
991806
991860
991876
991884
991916
991926
991930
991936
991950
991966
992016
992026
992030
992034
992066
992070
992134
992144
992146
992156
992164
992174
992200
992210
992244
992304
992306
992336
992394
992406
992410
992446
992466
992474
992476
992530
992570
992574
992596
992604
992606
992616
992640
992644
992650
992656
992666
992670
992674
992686
992710
992744
992756
992794
992810
992816
992836
992860
992910
992924
992934
992936
992976
992986
992990
993016
993020
993044
993050
993060
993106
993184
993196
993200
993220
993236
993240
993254
993266
993294
993334
993344
993386
993404
993410
993454
993460
993474
993506
993516
993536
993550
993554
993566
993574
993580
993590
993606
993616
993670
993684
993694
993696
993710
993716
993724
993730
993734
993736
993744
993766
993796
993846
993856
993860
993864
993870
993880
993904
994044
994056
994070
994104
994140
994174
994186
994220
994256
994264
994280
994286
994294
994296
994316
994320
994330
994346
994390
994400
994450
994474
994476
994486
994516
994524
994556
994624
994650
994656
994696
994706
994730
994740
994764
994826
994866
994880
994900
994906
994910
994926
994974
994984
995030
995096
995124
995126
995136
995180
995186
995190
995260
995334
995344
995386
995400
995404
995406
995426
995434
995504
995514
995526
995534
995536
995544
995560
995596
995604
995614
995650
995656
995680
995684
995706
995744
995770
995786
995800
995804
995846
995874
995914
995956
995976
995994
996020
996056
996066
996084
996100
996134
996166
996174
996190
996200
996206
996246
996266
996270
996280
996310
996314
996316
996334
996376
996426
996444
996450
996460
996464
996466
996474
996480
996524
996530
996576
996594
996610
996636
996694
996720
996724
996726
996734
996736
996820
996886
996896
996920
996940
996946
996954
996956
996966
996970
997026
997036
997060
997074
997084
997086
997106
997130
997146
997166
997180
997254
997256
997270
997310
997350
997390
997410
997424
997434
997464
997470
997474
997476
997494
997500
997540
997566
997574
997604
997616
997630
997634
997640
997684
997770
997774
997780
997796
997806
997840
997856
997866
997880
997894
997906
997946
997954
997974
997996
998014
998034
998036
998064
998094
998116
998120
998124
998150
998160
998214
998246
998264
998280
998296
998306
998310
998336
998350
998374
998390
998420
998456
998484
998506
998534
998606
998670
998676
998700
998766
998770
998786
998816
998836
998840
998844
998896
998910
998934
998976
999010
999014
999024
999034
999036
999106
999114
999134
999144
999174
999180
999190
999194
999306
999334
999360
999390
999480
999516
999534
999546
999576
999580
999590
999620
999634
999646
999650
999684
999710
999730
999736
999754
999784
999810
999814
999836
999866
999924
999934
999946
999950
999960
