1 1
2 2
3 3
4 4
5 6
6 8
7 11
8 13
9 16
10 18
11 26
12 28
13 36
14 38
15 47
16 48
17 53
18 57
19 62
20 69
21 72
22 77
23 82
24 87
25 97
26 99
27 102
28 106
29 114
30 126
31 131
32 138
33 145
34 148
35 155
36 175
37 177
38 180
39 182
40 189
41 197
42 206
43 209
44 219
45 221
46 236
47 238
48 241
49 243
50 253
51 258
52 260
53 273
54 282
55 309
56 316
57 319
58 324
59 339
60 341
61 356
62 358
63 363
64 370
65 382
66 390
67 400
68 402
69 409
70 412
71 414
72 429
73 431
74 434
75 441
76 451
77 456
78 483
79 485
80 497
81 502
82 522
83 524
84 544
85 546
86 566
87 568
88 585
89 602
90 605
91 607
92 612
93 624
94 627
95 646
96 668
97 673
98 685
99 688
100 690
101 695
102 720
103 722
104 732
105 734
106 739
107 751
108 781
109 783
110 798
111 800
112 820
113 847
114 849
115 861
116 864
117 866
118 891
119 893
120 905
121 927
122 949
123 983
124 986
125 991
126 1018
127 1020
128 1023
129 1025
130 1030
131 1032
132 1035
133 1037
134 1052
135 1079
136 1081
137 1101
138 1103
139 1125
140 1155
141 1157
142 1164
143 1167
144 1169
145 1186
146 1191
147 1208
148 1230
149 1252
150 1257
151 1296
152 1308
153 1311
154 1313
155 1335
156 1338
157 1340
158 1355
159 1360
160 1377
161 1387
162 1389
163 1404
164 1406
165 1428
166 1431
167 1433
168 1462
169 1465
170 1470
171 1472
172 1489
173 1492
174 1509
175 1514
176 1516
177 1531
178 1536
179 1538
180 1550
181 1553
182 1594
183 1602
184 1604
185 1616
186 1641
187 1643
188 1646
189 1648
190 1660
191 1682
192 1707
193 1709
194 1721
195 1724
196 1748
197 1765
198 1770
199 1790
200 1792
201 1812
202 1814
203 1834
204 1836
205 1853
206 1856
207 1858
208 1900
209 1902
210 1919
211 1941
212 1944
213 1946
214 1966
215 1968
216 1985
217 2010
218 2012
219 2032
220 2034
221 2054
222 2056
223 2090
224 2093
225 2095
226 2112
227 2115
228 2117
229 2134
230 2156
231 2178
232 2247
233 2249
234 2252
235 2254
236 2288
237 2327
238 2330
239 2332
240 2354
241 2371
242 2393
243 2418
244 2420
245 2445
246 2447
247 2462
248 2464
249 2481
250 2484
251 2486
252 2511
253 2513
254 2525
255 2550
256 2552
257 2572
258 2574
259 2581
260 2584
261 2589
262 2613
263 2616
264 2618
265 2628
266 2630
267 2633
268 2635
269 2650
270 2660
271 2662
272 2674
273 2696
274 2721
275 2723
276 2748
277 2750
278 2762
279 2787
280 2789
281 2809
282 2811
283 2814
284 2816
285 2831
286 2833
287 2897
288 2899
289 2916
290 2919
291 2921
292 2985
293 2987
294 3029
295 3031
296 3038
297 3041
298 3043
299 3065
300 3068
301 3070
302 3085
303 3090
304 3092
305 3107
306 3109
307 3131
308 3153
309 3205
310 3207
311 3214
312 3217
313 3219
314 3236
315 3239
316 3261
317 3263
318 3288
319 3290
320 3305
321 3368
322 3371
323 3373
324 3390
325 3393
326 3395
327 3415
328 3417
329 3451
330 3454
331 3456
332 3473
333 3476
334 3481
335 3483
336 3495
337 3525
338 3527
339 3544
340 3547
341 3549
342 3591
343 3593
344 3605
345 3608
346 3610
347 3622
348 3625
349 3630
350 3632
351 3649
352 3669
353 3671
354 3691
355 3696
356 3698
357 3723
358 3725
359 3740
360 3742
361 3759
362 3762
363 3764
364 3806
365 3808
366 3825
367 3872
368 3874
369 3886
370 3916
371 3918
372 3930
373 3952
374 3960
375 3962
376 3974
377 3991
378 3994
379 4018
380 4038
381 4040
382 4057
383 4101
384 4118
385 4121
386 4148
387 4150
388 4153
389 4155
390 4165
391 4167
392 4187
393 4211
394 4233
395 4258
396 4260
397 4294
398 4297
399 4324
400 4326
401 4341
402 4343
403 4363
404 4365
405 4368
406 4370
407 4390
408 4392
409 4404
410 4407
411 4409
412 4451
413 4453
414 4470
415 4517
416 4519
417 4531
418 4534
419 4536
420 4578
421 4580
422 4600
423 4602
424 4619
425 4622
426 4624
427 4641
428 4644
429 4646
430 4666
431 4668
432 4707
433 4729
434 4732
435 4734
436 4754
437 4756
438 4798
439 4800
440 4878
441 4881
442 4883
443 4900
444 4903
445 4905
446 4925
447 4927
448 4969
449 4971
450 4996
451 4998
452 5018
453 5020
454 5032
455 5035
456 5037
457 5049
458 5052
459 5057
460 5059
461 5079
462 5081
463 5096
464 5118
465 5159
466 5162
467 5164
468 5181
469 5184
470 5186
471 5206
472 5208
473 5250
474 5252
475 5269
476 5272
477 5274
478 5291
479 5294
480 5296
481 5316
482 5318
483 5335
484 5357
485 5382
486 5384
487 5484
488 5487
489 5489
490 5514
491 5516
492 5531
493 5533
494 5550
495 5597
496 5599
497 5616
498 5663
499 5665
500 5685
501 5687
502 5765
503 5768
504 5770
505 5795
506 5797
507 5812
508 5814
509 5826
510 5829
511 5853
512 5856
513 5858
514 5873
515 5875
516 5878
517 5880
518 5895
519 5900
520 5902
521 5944
522 5946
523 6024
524 6027
525 6029
526 6046
527 6049
528 6051
529 6068
530 6107
531 6110
532 6112
533 6134
534 6154
535 6156
536 6176
537 6178
538 6239
539 6242
540 6244
541 6283
542 6308
543 6310
544 6322
545 6325
546 6327
547 6352
548 6354
549 6366
550 6391
551 6393
552 6410
553 6418
554 6420
555 6435
556 6437
557 6457
558 6459
559 6479
560 6481
561 6520
562 6523
563 6525
564 6550
565 6552
566 6567
567 6569
568 6586
569 6633
570 6635
571 6652
572 6721
573 6723
574 6735
575 6738
576 6740
577 6782
578 6784
579 6804
580 6806
581 6831
582 6833
583 6862
584 6865
585 6870
586 6872
587 6889
588 6892
589 6894
590 6909
591 6911
592 6914
593 6916
594 6931
595 6936
596 6938
597 6980
598 6982
599 7038
600 7041
601 7043
602 7060
603 7063
604 7065
605 7082
606 7104
607 7156
608 7158
609 7170
610 7192
611 7195
612 7197
613 7217
614 7219
615 7258
616 7275
617 7278
618 7280
619 7297
620 7300
621 7302
622 7322
623 7324
624 7366
625 7368
626 7424
627 7427
628 7432
629 7434
630 7459
631 7461
632 7471
633 7473
634 7476
635 7478
636 7490
637 7498
638 7500
639 7520
640 7522
641 7537
642 7539
643 7559
644 7578
645 7581
646 7583
647 7600
648 7603
649 7605
650 7622
651 7691
652 7693
653 7727
654 7730
655 7735
656 7737
657 7749
658 7752
659 7754
660 7774
661 7776
662 7779
663 7781
664 7798
665 7818
666 7820
667 7881
668 7884
669 7886
670 7928
671 7930
672 7950
673 7952
674 7977
675 7979
676 8008
677 8011
678 8016
679 8018
680 8055
681 8057
682 8060
683 8062
684 8077
685 8096
686 8099
687 8101
688 8126
689 8128
690 8143
691 8145
692 8165
693 8167
694 8192
695 8194
696 8236
697 8238
698 8250
699 8253
700 8255
701 8272
702 8275
703 8277
704 8294
705 8316
706 8338
707 8368
708 8370
709 8404
710 8421
711 8424
712 8426
713 8451
714 8453
715 8468
716 8487
717 8509
718 8512
719 8514
720 8531
721 8539
722 8541
723 8553
724 8570
725 8573
726 8617
727 8619
728 8639
729 8666
730 8668
731 8702
732 8705
733 8749
734 8751
735 8754
736 8756
737 8771
738 8773
739 8812
740 8815
741 8817
742 8842
743 8844
744 8856
745 8873
746 8876
747 8917
748 8942
749 8947
750 8949
751 8964
752 8966
753 8969
754 8971
755 8983
756 9013
757 9015
758 9027
759 9052
760 9054
761 9071
762 9093
763 9118
764 9120
765 9132
766 9135
767 9137
768 9162
769 9164
770 9179
771 9184
772 9186
773 9193
774 9196
775 9240
776 9250
777 9252
778 9262
779 9308
780 9311
781 9313
782 9355
783 9357
784 9377
785 9379
786 9399
787 9401
788 9443
789 9445
790 9509
791 9511
792 9553
793 9555
794 9575
795 9577
796 9619
797 9621
798 9641
799 9643
800 9663
801 9665
802 9699
803 9702
804 9704
805 9721
806 9724
807 9726
808 9743
809 9765
810 9804
811 9807
812 9809
813 9834
814 9836
815 9851
816 9853
817 9870
818 9917
819 9919
820 9939
821 9941
822 9958
823 9961
824 9963
825 9980
826 9983
827 9985
828 10002
829 10085
830 10088
831 10090
832 10107
833 10110
834 10112
835 10132
836 10134
837 10173
838 10220
839 10222
840 10242
841 10244
842 10247
843 10249
844 10269
845 10271
846 10283
847 10286
848 10288
849 10305
850 10349
851 10366
852 10369
853 10388
854 10391
855 10393
856 10413
857 10415
858 10457
859 10459
860 10501
861 10503
862 10520
863 10523
864 10525
865 10537
866 10540
867 10545
868 10547
869 10567
870 10569
871 10584
872 10606
873 10655
874 10657
875 10677
876 10679
877 10691
878 10694
879 10696
880 10713
881 10716
882 10718
883 10738
884 10740
885 10757
886 10779
887 10804
888 10806
889 10831
890 10833
891 10848
892 10850
893 10862
894 10865
895 10870
896 10872
897 10909
898 10911
899 10931
900 10972
901 10975
902 10977
903 10994
904 10997
905 10999
906 11016
907 11085
908 11087
909 11099
910 11102
911 11107
912 11109
913 11146
914 11148
915 11168
916 11195
917 11197
918 11217
919 11219
920 11226
921 11229
922 11234
923 11236
924 11253
925 11256
926 11258
927 11273
928 11275
929 11278
930 11280
931 11295
932 11300
933 11302
934 11319
935 11344
936 11346
937 11366
938 11368
939 11388
940 11390
941 11432
942 11434
943 11454
944 11456
945 11498
946 11500
947 11586
948 11588
949 11600
950 11603
951 11605
952 11622
953 11625
954 11627
955 11647
956 11649
957 11688
958 11713
959 11715
960 11735
961 11737
962 11757
963 11759
964 11774
965 11776
966 11779
967 11781
968 11881
969 11884
970 11886
971 11925
972 11950
973 11952
974 11964
975 11967
976 11969
977 11994
978 11996
979 12008
980 12033
981 12035
982 12055
983 12057
984 12060
985 12062
986 12074
987 12118
988 12143
989 12145
990 12162
991 12187
992 12189
993 12245
994 12248
995 12250
996 12267
997 12270
998 12272
999 12292
1000 12294
1001 12336
1002 12338
1003 12363
1004 12365
1005 12438
1006 12441
1007 12443
1008 12465
1009 12468
1010 12470
1011 12482
1012 12504
1013 12526
1014 12570
1015 12578
1016 12580
1017 12595
1018 12597
1019 12600
1020 12602
1021 12614
1022 12622
1023 12624
1024 12639
1025 12641
1026 12658
1027 12680
1028 12705
1029 12707
1030 12724
1031 12749
1032 12751
1033 12763
1034 12766
1035 12768
1036 12785
1037 12788
1038 12790
1039 12810
1040 12812
1041 12854
1042 12856
1043 12873
1044 12876
1045 12878
1046 12895
1047 12898
1048 12900
1049 12917
1050 12939
1051 12961
1052 13030
1053 13032
1054 13044
1055 13047
1056 13049
1057 13066
1058 13069
1059 13071
1060 13088
1061 13132
1062 13157
1063 13159
1064 13162
1065 13164
1066 13179
1067 13181
1068 13198
1069 13237
1070 13240
1071 13242
1072 13264
1073 13281
1074 13303
1075 13328
1076 13330
1077 13369
1078 13399
1079 13401
1080 13408
1081 13411
1082 13413
1083 13438
1084 13440
1085 13455
1086 13457
1087 13477
1088 13479
1089 13504
1090 13506
1091 13531
1092 13533
1093 13548
1094 13550
1095 13562
1096 13565
1097 13570
1098 13572
1099 13609
1100 13611
1101 13628
1102 13633
1103 13650
1104 13653
1105 13655
1106 13675
1107 13677
1108 13689
1109 13692
1110 13694
1111 13719
1112 13721
1113 13733
1114 13738
1115 13758
1116 13760
1117 13780
1118 13782
1119 13799
1120 13804
1121 13846
1122 13848
1123 13868
1124 13873
1125 13875
1126 13917
1127 13919
1128 13931
1129 13934
1130 13936
1131 13953
1132 13956
1133 13958
1134 13975
1135 14019
1136 14044
1137 14046
1138 14066
1139 14068
1140 14080
1141 14083
1142 14085
1143 14102
1144 14105
1145 14107
1146 14127
1147 14129
1148 14168
1149 14190
1150 14193
1151 14195
1152 14212
1153 14251
1154 14254
1155 14281
1156 14283
1157 14298
1158 14300
1159 14303
1160 14305
1161 14320
1162 14322
1163 14325
1164 14327
1165 14347
1166 14349
1167 14361
1168 14364
1169 14366
1170 14408
1171 14410
1172 14427
1173 14449
1174 14452
1175 14454
1176 14474
1177 14476
1178 14488
1179 14491
1180 14493
1181 14518
1182 14520
1183 14532
1184 14557
1185 14559
1186 14579
1187 14581
1188 14584
1189 14586
1190 14598
1191 14642
1192 14664
1193 14689
1194 14691
1195 14733
1196 14735
1197 14760
1198 14762
1199 14769
1200 14772
1201 14774
1202 14796
1203 14799
1204 14801
1205 14816
1206 14818
1207 14838
1208 14840
1209 14862
1210 14892
1211 14894
1212 14901
1213 14904
1214 14906
1215 14923
1216 14926
1217 14945
1218 14989
1219 14994
1220 15014
1221 15016
1222 15033
1223 15050
1224 15053
1225 15055
1226 15080
1227 15082
1228 15097
1229 15119
1230 15121
1231 15138
1232 15141
1233 15143
1234 15160
1235 15163
1236 15182
1237 15212
1238 15214
1239 15231
1240 15251
1241 15253
1242 15278
1243 15280
1244 15292
1245 15295
1246 15297
1247 15322
1248 15324
1249 15339
1250 15341
1251 15358
1252 15380
1253 15383
1254 15385
1255 15397
1256 15400
1257 15402
1258 15424
1259 15441
1260 15466
1261 15468
1262 15488
1263 15490
1264 15510
1265 15512
1266 15595
1267 15598
1268 15600
1269 15617
1270 15620
1271 15622
1272 15642
1273 15644
1274 15661
1275 15686
1276 15688
1277 15700
1278 15703
1279 15705
1280 15730
1281 15732
1282 15744
1283 15766
1284 15788
1285 15818
1286 15820
1287 15832
1288 15854
1289 15879
1290 15881
1291 15893
1292 15896
1293 15898
1294 15920
1295 15937
1296 15962
1297 15964
1298 15984
1299 15986
1300 16003
1301 16025
1302 16028
1303 16030
1304 16047
1305 16069
1306 16091
1307 16121
1308 16123
1309 16152
1310 16155
1311 16199
1312 16201
1313 16204
1314 16206
1315 16221
1316 16240
1317 16243
1318 16245
1319 16287
1320 16289
1321 16306
1322 16336
1323 16338
1324 16353
1325 16355
1326 16372
1327 16394
1328 16397
1329 16399
1330 16419
1331 16421
1332 16438
1333 16460
1334 16485
1335 16487
1336 16499
1337 16502
1338 16504
1339 16529
1340 16531
1341 16543
1342 16565
1343 16587
1344 16595
1345 16597
1346 16609
1347 16648
1348 16651
1349 16653
1350 16670
1351 16673
1352 16695
1353 16700
1354 16702
1355 16722
1356 16724
1357 16739
1358 16741
1359 16744
1360 16746
1361 16780
1362 16783
1363 16785
1364 16810
1365 16812
1366 16827
1367 16829
1368 16849
1369 16851
1370 16912
1371 16915
1372 16917
1373 16934
1374 16937
1375 16939
1376 16959
1377 16961
1378 17003
1379 17005
1380 17069
1381 17071
1382 17113
1383 17115
1384 17135
1385 17137
1386 17179
1387 17181
1388 17237
1389 17240
1390 17242
1391 17281
1392 17298
1393 17301
1394 17303
1395 17328
1396 17330
1397 17345
1398 17347
1399 17364
1400 17386
1401 17389
1402 17391
1403 17411
1404 17413
1405 17430
1406 17455
1407 17457
1408 17474
1409 17499
1410 17501
1411 17518
1412 17543
1413 17545
1414 17557
1415 17560
1416 17562
1417 17587
1418 17589
1419 17604
1420 17606
1421 17623
1422 17645
1423 17648
1424 17650
1425 17667
1426 17689
1427 17741
1428 17743
1429 17758
1430 17760
1431 17772
1432 17775
1433 17780
1434 17782
1435 17819
1436 17821
1437 17824
1438 17826
1439 17841
1440 17868
1441 17870
1442 17890
1443 17892
1444 17904
1445 17907
1446 17909
1447 17951
1448 17953
1449 17970
1450 17992
1451 17995
1452 17997
1453 18014
1454 18044
1455 18046
1456 18083
1457 18085
1458 18146
1459 18149
1460 18151
1461 18193
1462 18195
1463 18207
1464 18210
1465 18212
1466 18251
1467 18276
1468 18278
1469 18295
1470 18303
1471 18305
1472 18317
1473 18339
1474 18378
1475 18381
1476 18405
1477 18425
1478 18427
1479 18430
1480 18432
1481 18444
1482 18488
1483 18513
1484 18515
1485 18535
1486 18537
1487 18557
1488 18559
1489 18571
1490 18574
1491 18579
1492 18581
1493 18618
1494 18620
1495 18623
1496 18625
1497 18640
1498 18667
1499 18669
1500 18681
1501 18684
1502 18686
1503 18725
1504 18750
1505 18752
1506 18772
1507 18774
1508 18794
1509 18796
1510 18918
1511 18921
1512 18923
1513 18940
1514 18943
1515 18945
1516 18962
1517 19006
1518 19031
1519 19033
1520 19036
1521 19038
1522 19053
1523 19055
1524 19058
1525 19060
1526 19072
1527 19094
1528 19097
1529 19099
1530 19119
1531 19121
1532 19138
1533 19160
1534 19185
1535 19187
1536 19251
1537 19253
1538 19309
1539 19312
1540 19314
1541 19331
1542 19334
1543 19336
1544 19353
1545 19375
1546 19397
1547 19427
1548 19429
1549 19463
1550 19480
1551 19483
1552 19485
1553 19510
1554 19512
1555 19527
1556 19546
1557 19590
1558 19598
1559 19600
1560 19612
1561 19620
1562 19622
1563 19629
1564 19632
1565 19642
1566 19644
1567 19656
1568 19676
1569 19681
1570 19683
1571 19698
1572 19703
1573 19705
1574 19722
1575 19744
1576 19747
1577 19749
1578 19766
1579 19805
1580 19808
1581 19810
1582 19827
1583 19830
1584 19832
1585 19852
1586 19854
1587 19871
1588 19893
1589 19915
1590 19937
1591 19959
1592 19981
1593 20050
1594 20052
1595 20138
1596 20140
1597 20152
1598 20155
1599 20157
1600 20169
1601 20172
1602 20177
1603 20179
1604 20199
1605 20201
1606 20216
1607 20218
1608 20238
1609 20257
1610 20260
1611 20262
1612 20279
1613 20282
1614 20284
1615 20301
1616 20323
1617 20375
1618 20377
1619 20389
1620 20397
1621 20399
1622 20419
1623 20421
1624 20433
1625 20441
1626 20443
1627 20455
1628 20480
1629 20482
1630 20499
1631 20521
1632 20543
1633 20643
1634 20646
1635 20651
1636 20653
1637 20670
1638 20673
1639 20675
1640 20690
1641 20709
1642 20736
1643 20756
1644 20778
1645 20783
1646 20785
1647 20805
1648 20807
1649 20849
1650 20851
1651 20907
1652 20910
1653 20912
1654 20937
1655 20939
1656 20951
1657 20968
1658 20971
1659 20998
1660 21000
1661 21003
1662 21005
1663 21015
1664 21017
1665 21037
1666 21047
1667 21049
1668 21064
1669 21066
1670 21083
1671 21105
1672 21108
1673 21110
1674 21130
1675 21132
1676 21149
1677 21188
1678 21191
1679 21193
1680 21218
1681 21220
1682 21232
1683 21254
1684 21279
1685 21281
1686 21323
1687 21325
1688 21342
1689 21345
1690 21347
1691 21386
1692 21411
1693 21413
1694 21425
1695 21428
1696 21430
1697 21455
1698 21457
1699 21469
1700 21494
1701 21496
1702 21513
1703 21538
1704 21540
1705 21560
1706 21562
1707 21582
1708 21584
1709 21626
1710 21628
1711 21640
1712 21643
1713 21645
1714 21687
1715 21689
1716 21709
1717 21711
1718 21736
1719 21738
1720 21750
1721 21753
1722 21755
1723 21772
1724 21775
1725 21777
1726 21794
1727 21838
1728 21863
1729 21865
1730 21868
1731 21870
1732 21885
1733 21887
1734 21904
1735 21970
1736 21987
1737 21990
1738 21992
1739 22009
1740 22012
1741 22014
1742 22034
1743 22036
1744 22075
1745 22122
1746 22124
1747 22141
1748 22149
1749 22151
1750 22185
1751 22207
1752 22232
1753 22234
1754 22246
1755 22249
1756 22293
1757 22295
1758 22298
1759 22300
1760 22315
1761 22317
1762 22320
1763 22322
1764 22342
1765 22344
1766 22356
1767 22359
1768 22361
1769 22378
1770 22381
1771 22383
1772 22400
1773 22439
1774 22442
1775 22469
1776 22471
1777 22483
1778 22488
1779 22508
1780 22510
1781 22513
1782 22515
1783 22530
1784 22532
1785 22552
1786 22554
1787 22593
1788 22596
1789 22598
1790 22637
1791 22659
1792 22676
1793 22679
1794 22723
1795 22725
1796 22745
1797 22747
1798 22772
1799 22774
1800 22786
1801 22789
1802 22791
1803 22816
1804 22818
1805 22833
1806 22835
1807 22855
1808 22857
1809 22874
1810 22877
1811 22879
1812 22918
1813 22943
1814 22945
1815 22957
1816 22960
1817 22962
1818 22987
1819 22989
1820 23004
1821 23006
1822 23026
1823 23028
1824 23053
1825 23055
1826 23097
1827 23099
1828 23111
1829 23114
1830 23116
1831 23133
1832 23136
1833 23138
1834 23158
1835 23160
1836 23199
1837 23224
1838 23226
1839 23238
1840 23241
1841 23243
1842 23268
1843 23270
1844 23282
1845 23307
1846 23309
1847 23329
1848 23331
1849 23334
1850 23336
1851 23351
1852 23353
1853 23392
1854 23395
1855 23397
1856 23439
1857 23441
1858 23461
1859 23463
1860 23549
1861 23551
1862 23585
1863 23588
1864 23590
1865 23632
1866 23634
1867 23651
1868 23673
1869 23676
1870 23678
1871 23698
1872 23700
1873 23742
1874 23744
1875 23822
1876 23825
1877 23827
1878 23844
1879 23847
1880 23849
1881 23869
1882 23871
1883 23883
1884 23886
1885 23913
1886 23915
1887 23930
1888 23932
1889 23935
1890 23937
1891 23952
1892 23954
1893 23957
1894 23959
1895 23979
1896 23981
1897 24023
1898 24025
1899 24089
1900 24091
1901 24191
1902 24194
1903 24196
1904 24238
1905 24240
1906 24260
1907 24262
1908 24318
1909 24321
1910 24323
1911 24340
1912 24343
1913 24345
1914 24365
1915 24367
1916 24409
1917 24411
1918 24428
1919 24431
1920 24433
1921 24458
1922 24460
1923 24475
1924 24477
1925 24494
1926 24541
1927 24543
1928 24560
1929 24599
1930 24602
1931 24604
1932 24629
1933 24631
1934 24643
1935 24665
1936 24690
1937 24692
1938 24695
1939 24697
1940 24734
1941 24736
1942 24783
1943 24785
1944 24819
1945 24822
1946 24824
1947 24849
1948 24851
1949 24888
1950 24890
1951 24946
1952 24949
1953 24954
1954 24956
1955 24993
1956 24995
1957 24998
1958 25000
1959 25015
1960 25017
1961 25042
1962 25044
1963 25078
1964 25081
1965 25083
1966 25100
1967 25103
1968 25105
1969 25125
1970 25127
1971 25144
1972 25169
1973 25171
1974 25188
1975 25213
1976 25215
1977 25235
1978 25237
1979 25293
1980 25296
1981 25298
1982 25323
1983 25325
1984 25340
1985 25342
1986 25359
1987 25381
1988 25384
1989 25386
1990 25406
1991 25408
1992 25425
1993 25450
1994 25452
1995 25464
1996 25467
1997 25469
1998 25494
1999 25496
2000 25511
2001 25513
2002 25530
2003 25560
2004 25562
2005 25574
2006 25599
2007 25601
2008 25621
2009 25623
2010 25643
2011 25645
2012 25701
2013 25704
2014 25706
2015 25748
2016 25750
2017 25767
2018 25789
2019 25792
2020 25794
2021 25814
2022 25816
2023 25858
2024 25860
2025 25885
2026 25887
2027 25899
2028 25902
2029 25904
2030 25921
2031 25924
2032 25926
2033 25946
2034 25948
2035 25987
2036 26026
2037 26029
2038 26031
2039 26048
2040 26051
2041 26053
2042 26073
2043 26075
2044 26117
2045 26119
2046 26144
2047 26146
2048 26158
2049 26161
2050 26163
2051 26180
2052 26183
2053 26185
2054 26205
2055 26207
2056 26224
2057 26246
2058 26271
2059 26273
2060 26315
2061 26317
2062 26351
2063 26354
2064 26356
2065 26373
2066 26376
2067 26378
2068 26398
2069 26400
2070 26442
2071 26444
2072 26464
2073 26466
2074 26483
2075 26486
2076 26488
2077 26530
2078 26532
2079 26552
2080 26554
2081 26610
2082 26613
2083 26615
2084 26632
2085 26635
2086 26637
2087 26657
2088 26659
2089 26701
2090 26703
2091 26728
2092 26730
2093 26764
2094 26767
2095 26769
2096 26811
2097 26813
2098 26830
2099 26847
2100 26850
2101 26852
2102 26877
2103 26879
2104 26891
2105 26916
2106 26918
2107 26938
2108 26940
2109 26943
2110 26945
2111 26960
2112 26962
2113 27001
2114 27004
2115 27006
2116 27018
2117 27021
2118 27023
2119 27045
2120 27062
2121 27067
2122 27087
2123 27089
2124 27109
2125 27111
2126 27128
2127 27175
2128 27177
2129 27197
2130 27199
2131 27202
2132 27204
2133 27238
2134 27241
2135 27243
2136 27282
2137 27304
2138 27329
2139 27331
2140 27365
2141 27368
2142 27370
2143 27412
2144 27414
2145 27431
2146 27461
2147 27463
2148 27475
2149 27492
2150 27495
2151 27522
2152 27524
2153 27536
2154 27541
2155 27561
2156 27580
2157 27605
2158 27607
2159 27624
2160 27632
2161 27634
2162 27649
2163 27651
2164 27671
2165 27673
2166 27693
2167 27695
2168 27773
2169 27776
2170 27778
2171 27800
2172 27803
2173 27805
2174 27817
2175 27839
2176 27864
2177 27866
2178 27883
2179 27891
2180 27893
2181 27908
2182 27910
2183 27927
2184 27952
2185 27954
2186 27971
2187 27993
2188 28018
2189 28020
2190 28062
2191 28064
2192 28076
2193 28079
2194 28081
2195 28120
2196 28142
2197 28167
2198 28169
2199 28172
2200 28174
2201 28208
2202 28230
2203 28233
2204 28235
2205 28255
2206 28257
2207 28260
2208 28262
2209 28274
2210 28296
2211 28321
2212 28323
2213 28362
2214 28401
2215 28404
2216 28406
2217 28431
2218 28433
2219 28445
2220 28467
2221 28492
2222 28494
2223 28497
2224 28499
2225 28511
2226 28536
2227 28538
2228 28558
2229 28560
2230 28580
2231 28582
2232 28638
2233 28641
2234 28643
2235 28682
2236 28704
2237 28729
2238 28731
2239 28734
2240 28736
2241 28756
2242 28758
2243 28773
2244 28775
2245 28792
2246 28795
2247 28797
2248 28839
2249 28841
2250 28858
2251 28905
2252 28907
2253 28919
2254 28922
2255 28924
2256 28966
2257 28968
2258 28988
2259 28990
2260 29015
2261 29017
2262 29029
2263 29032
2264 29034
2265 29051
2266 29054
2267 29056
2268 29073
2269 29095
2270 29117
2271 29147
2272 29149
2273 29183
2274 29200
2275 29203
2276 29205
2277 29230
2278 29232
2279 29247
2280 29266
2281 29288
2282 29291
2283 29293
2284 29313
2285 29315
2286 29318
2287 29320
2288 29332
2289 29357
2290 29359
2291 29379
2292 29381
2293 29401
2294 29403
2295 29437
2296 29440
2297 29442
2298 29459
2299 29462
2300 29464
2301 29481
2302 29486
2303 29547
2304 29569
2305 29572
2306 29574
2307 29591
2308 29657
2309 29704
2310 29706
2311 29726
2312 29728
2313 29731
2314 29733
2315 29762
2316 29765
2317 29770
2318 29772
2319 29784
2320 29787
2321 29789
2322 29809
2323 29811
2324 29814
2325 29816
2326 29833
2327 29850
2328 29872
2329 29875
2330 29877
2331 29897
2332 29899
2333 29916
2334 29941
2335 29943
2336 29963
2337 29965
2338 29985
2339 29987
2340 30004
2341 30007
2342 30009
2343 30021
2344 30024
2345 30026
2346 30051
2347 30053
2348 30068
2349 30090
2350 30092
2351 30117
2352 30119
2353 30131
2354 30134
2355 30136
2356 30178
2357 30180
2358 30192
2359 30195
2360 30197
2361 30219
2362 30222
2363 30224
2364 30239
2365 30241
2366 30261
2367 30263
2368 30315
2369 30317
2370 30332
2371 30334
2372 30346
2373 30349
2374 30393
2375 30395
2376 30412
2377 30417
2378 30434
2379 30437
2380 30439
2381 30456
2382 30525
2383 30527
2384 30539
2385 30542
2386 30544
2387 30586
2388 30591
2389 30593
2390 30605
2391 30652
2392 30657
2393 30659
2394 30674
2395 30676
2396 30679
2397 30681
2398 30701
2399 30703
2400 30737
2401 30740
2402 30742
2403 30759
2404 30762
2405 30764
2406 30781
2407 30803
2408 30842
2409 30845
2410 30847
2411 30872
2412 30874
2413 30886
2414 30908
2415 30933
2416 30935
2417 30938
2418 30940
2419 30952
2420 30960
2421 30962
2422 30977
2423 30979
2424 30999
2425 31001
2426 31018
2427 31062
2428 31087
2429 31089
2430 31109
2431 31111
2432 31123
2433 31126
2434 31128
2435 31170
2436 31172
2437 31189
2438 31233
2439 31258
2440 31260
2441 31277
2442 31299
2443 31324
2444 31326
2445 31368
2446 31370
2447 31382
2448 31385
2449 31387
2450 31404
2451 31407
2452 31409
2453 31429
2454 31431
2455 31448
2456 31473
2457 31475
2458 31495
2459 31497
2460 31517
2461 31519
2462 31553
2463 31556
2464 31558
2465 31600
2466 31602
2467 31619
2468 31641
2469 31644
2470 31646
2471 31663
2472 31693
2473 31695
2474 31707
2475 31729
2476 31737
2477 31739
2478 31754
2479 31756
2480 31773
2481 31795
2482 31820
2483 31822
2484 31839
2485 31864
2486 31866
2487 31878
2488 31881
2489 31883
2490 31900
2491 31903
2492 31905
2493 31922
2494 31974
2495 31976
2496 31991
2497 31993
2498 31996
2499 31998
2500 32018
2501 32020
2502 32054
2503 32057
2504 32059
2505 32084
2506 32086
2507 32098
2508 32123
2509 32125
2510 32145
2511 32147
2512 32167
2513 32169
2514 32186
2515 32189
2516 32191
2517 32233
2518 32235
2519 32255
2520 32257
2521 32313
2522 32316
2523 32318
2524 32343
2525 32345
2526 32360
2527 32362
2528 32379
2529 32409
2530 32411
2531 32423
2532 32448
2533 32450
2534 32470
2535 32472
2536 32492
2537 32494
2538 32511
2539 32514
2540 32516
2541 32536
2542 32538
2543 32558
2544 32560
2545 32580
2546 32582
2547 32624
2548 32626
2549 32638
2550 32641
2551 32643
2552 32685
2553 32687
2554 32707
2555 32709
2556 32726
2557 32729
2558 32731
2559 32748
2560 32751
2561 32753
2562 32817
2563 32819
2564 32875
2565 32878
2566 32880
2567 32905
2568 32907
2569 32922
2570 32924
2571 32941
2572 32963
2573 32966
2574 32968
2575 32988
2576 32990
2577 33007
2578 33032
2579 33034
2580 33046
2581 33049
2582 33051
2583 33093
2584 33095
2585 33115
2586 33117
2587 33134
2588 33137
2589 33139
2590 33156
2591 33159
2592 33161
2593 33178
2594 33244
2595 33274
2596 33276
2597 33291
2598 33293
2599 33310
2600 33357
2601 33359
2602 33376
2603 33445
2604 33447
2605 33459
2606 33462
2607 33464
2608 33476
2609 33479
2610 33484
2611 33486
2612 33506
2613 33508
2614 33523
2615 33525
2616 33545
2617 33572
2618 33574
2619 33586
2620 33589
2621 33591
2622 33613
2623 33616
2624 33618
2625 33633
2626 33635
2627 33652
2628 33696
2629 33721
2630 33723
2631 33726
2632 33728
2633 33743
2634 33745
2635 33748
2636 33750
2637 33762
2638 33809
2639 33811
2640 33828
2641 33850
2642 33853
2643 33855
2644 33875
2645 33877
2646 33919
2647 33921
2648 33963
2649 33965
2650 33977
2651 33980
2652 33982
2653 34024
2654 34026
2655 34038
2656 34041
2657 34043
2658 34073
2659 34075
2660 34085
2661 34090
2662 34092
2663 34104
2664 34109
2665 34134
2666 34136
2667 34151
2668 34153
2669 34173
2670 34178
2671 34180
2672 34258
2673 34261
2674 34263
2675 34280
2676 34283
2677 34285
2678 34302
2679 34346
2680 34371
2681 34373
2682 34385
2683 34388
2684 34390
2685 34412
2686 34432
2687 34434
2688 34451
2689 34498
2690 34500
2691 34517
2692 34525
2693 34527
2694 34547
2695 34549
2696 34561
2697 34583
2698 34608
2699 34610
2700 34613
2701 34615
2702 34627
2703 34652
2704 34654
2705 34666
2706 34669
2707 34671
2708 34688
2709 34691
2710 34693
2711 34713
2712 34718
2713 34720
2714 34757
2715 34759
2716 34784
2717 34786
2718 34798
2719 34801
2720 34803
2721 34828
2722 34830
2723 34845
2724 34847
2725 34859
2726 34862
2727 34906
2728 34908
2729 34911
2730 34913
2731 34928
2732 34952
2733 34969
2734 34972
2735 34974
2736 34999
2737 35001
2738 35016
2739 35018
2740 35035
2741 35082
2742 35084
2743 35104
2744 35106
2745 35123
2746 35126
2747 35128
2748 35162
2749 35165
2750 35192
2751 35194
2752 35206
2753 35214
2754 35216
2755 35231
2756 35233
2757 35236
2758 35238
2759 35253
2760 35255
2761 35258
2762 35260
2763 35275
2764 35277
2765 35316
2766 35319
2767 35321
2768 35360
2769 35385
2770 35387
2771 35407
2772 35409
2773 35429
2774 35431
2775 35553
2776 35556
2777 35558
2778 35575
2779 35578
2780 35580
2781 35597
2782 35666
2783 35668
2784 35724
2785 35727
2786 35729
2787 35746
2788 35749
2789 35751
2790 35771
2791 35773
2792 35815
2793 35817
2794 35864
2795 35866
2796 35886
2797 35888
2798 35900
2799 35903
2800 35905
2801 35922
2802 35925
2803 35927
2804 35947
2805 35949
2806 35966
2807 35988
2808 36013
2809 36015
2810 36027
2811 36030
2812 36032
2813 36074
2814 36076
2815 36096
2816 36098
2817 36115
2818 36118
2819 36120
2820 36137
2821 36140
2822 36142
2823 36159
2824 36203
2825 36225
2826 36250
2827 36252
2828 36294
2829 36296
2830 36330
2831 36333
2832 36335
2833 36377
2834 36379
2835 36396
2836 36426
2837 36428
2838 36443
2839 36445
2840 36457
2841 36460
2842 36492
2843 36494
2844 36504
2845 36506
2846 36509
2847 36511
2848 36526
2849 36553
2850 36555
2851 36567
2852 36570
2853 36572
2854 36594
2855 36597
2856 36599
2857 36611
2858 36636
2859 36638
2860 36655
2861 36680
2862 36682
2863 36702
2864 36704
2865 36724
2866 36726
2867 36804
2868 36807
2869 36809
2870 36831
2871 36834
2872 36836
2873 36851
2874 36853
2875 36873
2876 36875
2877 36944
2878 36946
2879 36980
2880 36983
2881 36985
2882 37027
2883 37029
2884 37046
2885 37085
2886 37088
2887 37090
2888 37107
2889 37110
2890 37112
2891 37129
2892 37173
2893 37198
2894 37200
2895 37203
2896 37205
2897 37217
2898 37225
2899 37227
2900 37239
2901 37261
2902 37283
2903 37305
2904 37327
2905 37344
2906 37347
2907 37349
2908 37366
2909 37369
2910 37371
2911 37391
2912 37393
2913 37435
2914 37437
2915 37462
2916 37464
2917 37476
2918 37479
2919 37481
2920 37493
2921 37496
2922 37501
2923 37503
2924 37523
2925 37525
2926 37540
2927 37545
2928 37547
2929 37562
2930 37699
2931 37701
2932 37743
2933 37745
2934 37765
2935 37767
2936 37779
2937 37782
2938 37784
2939 37809
2940 37811
2941 37826
2942 37828
2943 37848
2944 37850
2945 37867
2946 37870
2947 37872
2948 37911
2949 37928
2950 37931
2951 37933
2952 37950
2953 37953
2954 37955
2955 37975
2956 37977
2957 38016
2958 38046
2959 38048
2960 38063
2961 38065
2962 38077
2963 38080
2964 38104
2965 38107
2966 38109
2967 38124
2968 38126
2969 38129
2970 38131
2971 38146
2972 38151
2973 38153
2974 38195
2975 38197
2976 38253
2977 38256
2978 38258
2979 38283
2980 38285
2981 38297
2982 38322
2983 38324
2984 38344
2985 38346
2986 38366
2987 38368
2988 38476
2989 38478
2990 38490
2991 38493
2992 38495
2993 38512
2994 38515
2995 38517
2996 38534
2997 38556
2998 38578
2999 38608
3000 38610
3001 38622
3002 38644
3003 38669
3004 38671
3005 38710
3006 38749
3007 38752
3008 38754
3009 38771
3010 38774
3011 38776
3012 38796
3013 38798
3014 38815
3015 38840
3016 38842
3017 38862
3018 38864
3019 38881
3020 38920
3021 38923
3022 38925
3023 38947
3024 38967
3025 38969
3026 38989
3027 38991
3028 39126
3029 39128
3030 39148
3031 39150
3032 39157
3033 39160
3034 39165
3035 39167
3036 39184
3037 39187
3038 39189
3039 39204
3040 39206
3041 39209
3042 39211
3043 39226
3044 39231
3045 39233
3046 39250
3047 39275
3048 39277
3049 39289
3050 39292
3051 39294
3052 39319
3053 39321
3054 39333
3055 39355
3056 39377
3057 39399
3058 39407
3059 39409
3060 39443
3061 39451
3062 39453
3063 39465
3064 39490
3065 39492
3066 39509
3067 39534
3068 39536
3069 39553
3070 39578
3071 39580
3072 39600
3073 39602
3074 39622
3075 39624
3076 39653
3077 39656
3078 39661
3079 39663
3080 39688
3081 39690
3082 39700
3083 39722
3084 39746
3085 39749
3086 39751
3087 39776
3088 39778
3089 39793
3090 39795
3091 39812
3092 39878
3093 39903
3094 39905
3095 39912
3096 39915
3097 39920
3098 39922
3099 39959
3100 39981
3101 39983
3102 39986
3103 39988
3104 40005
3105 40008
3106 40010
3107 40027
3108 40049
3109 40066
3110 40069
3111 40071
3112 40110
3113 40115
3114 40135
3115 40137
3116 40157
3117 40159
3118 40179
3119 40181
3120 40237
3121 40240
3122 40245
3123 40247
3124 40284
3125 40286
3126 40289
3127 40291
3128 40306
3129 40308
3130 40311
3131 40313
3132 40333
3133 40335
3134 40369
3135 40372
3136 40374
3137 40391
3138 40394
3139 40396
3140 40413
3141 40435
3142 40504
3143 40506
3144 40540
3145 40543
3146 40545
3147 40587
3148 40589
3149 40609
3150 40611
3151 40628
3152 40631
3153 40633
3154 40650
3155 40653
3156 40655
3157 40672
3158 40724
3159 40726
3160 40741
3161 40743
3162 40760
3163 40763
3164 40765
3165 40790
3166 40792
3167 40807
3168 40809
3169 40821
3170 40824
3171 40865
3172 40873
3173 40875
3174 40887
3175 40892
3176 40912
3177 40914
3178 40917
3179 40919
3180 40931
3181 40953
3182 40975
3183 40997
3184 41005
3185 41007
3186 41019
3187 41041
3188 41107
3189 41124
3190 41127
3191 41132
3192 41134
3193 41154
3194 41156
3195 41168
3196 41193
3197 41195
3198 41198
3199 41200
3200 41212
3201 41237
3202 41239
3203 41259
3204 41261
3205 41278
3206 41300
3207 41303
3208 41305
3209 41325
3210 41327
3211 41344
3212 41369
3213 41371
3214 41391
3215 41393
3216 41413
3217 41415
3218 41449
3219 41452
3220 41454
3221 41496
3222 41498
3223 41515
3224 41537
3225 41540
3226 41542
3227 41562
3228 41564
3229 41589
3230 41591
3231 41606
3232 41608
3233 41620
3234 41623
3235 41628
3236 41630
3237 41667
3238 41669
3239 41672
3240 41674
3241 41689
3242 41716
3243 41718
3244 41774
3245 41777
3246 41779
3247 41804
3248 41806
3249 41818
3250 41840
3251 41857
3252 41860
3253 41904
3254 41909
3255 41911
3256 41926
3257 41967
3258 41970
3259 41972
3260 42014
3261 42016
3262 42036
3263 42038
3264 42055
3265 42058
3266 42060
3267 42077
3268 42080
3269 42082
3270 42102
3271 42104
3272 42143
3273 42190
3274 42192
3275 42212
3276 42214
3277 42217
3278 42219
3279 42226
3280 42229
3281 42231
3282 42253
3283 42256
3284 42258
3285 42270
3286 42295
3287 42297
3288 42317
3289 42322
3290 42324
3291 42339
3292 42341
3293 42366
3294 42368
3295 42388
3296 42390
3297 42402
3298 42405
3299 42407
3300 42449
3301 42451
3302 42468
3303 42493
3304 42495
3305 42507
3306 42510
3307 42512
3308 42537
3309 42539
3310 42554
3311 42559
3312 42561
3313 42576
3314 42578
3315 42603
3316 42605
3317 42617
3318 42620
3319 42622
3320 42664
3321 42666
3322 42686
3323 42688
3324 42727
3325 42730
3326 42732
3327 42774
3328 42776
3329 42796
3330 42798
3331 42818
3332 42820
3333 42840
3334 42842
3335 42854
3336 42857
3337 42859
3338 42901
3339 42903
3340 42920
3341 42967
3342 42969
3343 42989
3344 42991
3345 43047
3346 43050
3347 43052
3348 43094
3349 43096
3350 43116
3351 43118
3352 43135
3353 43138
3354 43140
3355 43157
3356 43160
3357 43162
3358 43179
3359 43248
3360 43250
3361 43284
3362 43287
3363 43289
3364 43306
3365 43309
3366 43311
3367 43328
3368 43350
3369 43372
3370 43402
3371 43404
3372 43438
3373 43468
3374 43470
3375 43485
3376 43487
3377 43507
3378 43509
3379 43565
3380 43568
3381 43573
3382 43575
3383 43612
3384 43614
3385 43617
3386 43619
3387 43634
3388 43636
3389 43639
3390 43641
3391 43653
3392 43656
3393 43658
3394 43700
3395 43702
3396 43719
3397 43766
3398 43768
3399 43780
3400 43783
3401 43785
3402 43807
3403 43810
3404 43812
3405 43827
3406 43829
3407 43849
3408 43851
3409 43890
3410 43893
3411 43895
3412 43920
3413 43922
3414 43937
3415 43939
3416 43959
3417 43961
3418 43978
3419 43981
3420 43983
3421 44022
3422 44047
3423 44049
3424 44061
3425 44064
3426 44066
3427 44091
3428 44093
3429 44108
3430 44110
3431 44127
3432 44157
3433 44159
3434 44174
3435 44176
3436 44196
3437 44198
3438 44223
3439 44225
3440 44289
3441 44291
3442 44311
3443 44313
3444 44347
3445 44350
3446 44352
3447 44377
3448 44379
3449 44391
3450 44408
3451 44411
3452 44452
3453 44474
3454 44479
3455 44499
3456 44501
3457 44504
3458 44506
3459 44540
3460 44570
3461 44572
3462 44584
3463 44609
3464 44611
3465 44628
3466 44653
3467 44655
3468 44672
3469 44697
3470 44699
3471 44716
3472 44741
3473 44743
3474 44755
3475 44758
3476 44760
3477 44785
3478 44787
3479 44799
3480 44816
3481 44819
3482 44846
3483 44848
3484 44863
3485 44865
3486 44885
3487 44909
3488 44934
3489 44936
3490 44956
3491 44958
3492 44978
3493 44980
3494 45022
3495 45024
3496 45044
3497 45046
3498 45110
3499 45112
3500 45132
3501 45134
3502 45163
3503 45166
3504 45171
3505 45173
3506 45210
3507 45232
3508 45251
3509 45254
3510 45256
3511 45298
3512 45300
3513 45320
3514 45322
3515 45347
3516 45349
3517 45361
3518 45364
3519 45366
3520 45405
3521 45430
3522 45432
3523 45452
3524 45454
3525 45471
3526 45518
3527 45520
3528 45540
3529 45542
3530 45576
3531 45579
3532 45581
3533 45623
3534 45625
3535 45642
3536 45672
3537 45674
3538 45681
3539 45684
3540 45708
3541 45728
3542 45730
3543 45733
3544 45735
3545 45747
3546 45774
3547 45794
3548 45796
3549 45813
3550 45835
3551 45838
3552 45840
3553 45857
3554 45879
3555 45931
3556 45933
3557 45945
3558 45962
3559 45965
3560 45970
3561 45972
3562 45984
3563 45987
3564 45989
3565 46009
3566 46014
3567 46016
3568 46033
3569 46050
3570 46080
3571 46082
3572 46097
3573 46099
3574 46119
3575 46121
3576 46182
3577 46185
3578 46187
3579 46204
3580 46207
3581 46209
3582 46229
3583 46231
3584 46270
3585 46317
3586 46319
3587 46339
3588 46341
3589 46361
3590 46363
3591 46375
3592 46378
3593 46380
3594 46397
3595 46400
3596 46402
3597 46422
3598 46424
3599 46441
3600 46463
3601 46488
3602 46490
3603 46515
3604 46517
3605 46532
3606 46534
3607 46546
3608 46549
3609 46554
3610 46556
3611 46593
3612 46595
3613 46598
3614 46600
3615 46615
3616 46678
3617 46681
3618 46683
3619 46708
3620 46710
3621 46725
3622 46727
3623 46744
3624 46783
3625 46786
3626 46810
3627 46830
3628 46832
3629 46835
3630 46837
3631 46852
3632 46857
3633 46859
3634 46901
3635 46903
3636 46915
3637 46918
3638 46920
3639 46945
3640 46947
3641 46959
3642 46984
3643 46986
3644 47003
3645 47011
3646 47013
3647 47028
3648 47030
3649 47042
3650 47045
3651 47072
3652 47074
3653 47089
3654 47091
3655 47094
3656 47096
3657 47111
3658 47138
3659 47140
3660 47160
3661 47162
3662 47218
3663 47221
3664 47223
3665 47248
3666 47250
3667 47262
3668 47279
3669 47282
3670 47309
3671 47311
3672 47314
3673 47316
3674 47326
3675 47328
3676 47348
3677 47375
3678 47377
3679 47416
3680 47419
3681 47421
3682 47455
3683 47458
3684 47460
3685 47499
3686 47524
3687 47526
3688 47546
3689 47548
3690 47551
3691 47553
3692 47568
3693 47570
3694 47626
3695 47629
3696 47631
3697 47673
3698 47675
3699 47692
3700 47722
3701 47724
3702 47739
3703 47741
3704 47761
3705 47763
3706 47788
3707 47790
3708 47920
3709 47922
3710 47951
3711 47954
3712 47959
3713 47961
3714 47973
3715 47976
3716 47978
3717 47998
3718 48000
3719 48003
3720 48005
3721 48017
3722 48022
3723 48039
3724 48064
3725 48066
3726 48105
3727 48122
3728 48125
3729 48130
3730 48132
3731 48152
3732 48154
3733 48169
3734 48171
3735 48191
3736 48218
3737 48220
3738 48240
3739 48242
3740 48259
3741 48298
3742 48301
3743 48303
3744 48345
3745 48347
3746 48367
3747 48369
3748 48381
3749 48384
3750 48386
3751 48425
3752 48447
3753 48472
3754 48474
3755 48477
3756 48479
3757 48516
3758 48518
3759 48557
3760 48560
3761 48562
3762 48604
3763 48606
3764 48626
3765 48628
3766 48684
3767 48687
3768 48689
3769 48728
3770 48750
3771 48775
3772 48777
3773 48780
3774 48782
3775 48819
3776 48821
3777 48868
3778 48870
3779 48882
3780 48885
3781 48887
3782 48904
3783 48907
3784 48909
3785 48929
3786 48931
3787 48970
3788 48987
3789 48990
3790 48992
3791 49009
3792 49012
3793 49014
3794 49031
3795 49053
3796 49075
3797 49119
3798 49141
3799 49149
3800 49151
3801 49166
3802 49168
3803 49171
3804 49173
3805 49185
3806 49210
3807 49212
3808 49232
3809 49234
3810 49251
3811 49273
3812 49276
3813 49278
3814 49298
3815 49300
3816 49342
3817 49344
3818 49400
3819 49403
3820 49405
3821 49422
3822 49425
3823 49427
3824 49447
3825 49449
3826 49461
3827 49464
3828 49466
3829 49488
3830 49508
3831 49513
3832 49515
3833 49530
3834 49532
3835 49557
3836 49559
3837 49579
3838 49581
3839 49593
3840 49596
3841 49598
3842 49623
3843 49625
3844 49637
3845 49662
3846 49664
3847 49684
3848 49686
3849 49706
3850 49708
3851 49725
3852 49728
3853 49730
3854 49772
3855 49774
3856 49794
3857 49796
3858 49860
3859 49862
3860 49874
3861 49877
3862 49879
3863 49918
3864 49943
3865 49945
3866 49965
3867 49967
3868 49987
3869 49989
3870 50089
3871 50092
3872 50094
3873 50111
3874 50114
3875 50116
3876 50136
3877 50138
3878 50180
3879 50182
3880 50199
3881 50202
3882 50204
3883 50229
3884 50231
3885 50246
3886 50248
3887 50265
3888 50312
3889 50314
3890 50331
3891 50378
3892 50380
3893 50400
3894 50402
3895 50436
3896 50439
3897 50441
3898 50480
3899 50505
3900 50507
3901 50527
3902 50529
3903 50549
3904 50551
3905 50563
3906 50566
3907 50571
3908 50573
3909 50610
3910 50612
3911 50615
3912 50617
3913 50632
3914 50634
3915 50637
3916 50639
3917 50659
3918 50661
3919 50695
3920 50698
3921 50700
3922 50742
3923 50744
3924 50761
3925 50791
3926 50793
3927 50808
3928 50810
3929 50822
3930 50825
3931 50866
3932 50874
3933 50876
3934 50891
3935 50913
3936 50915
3937 50918
3938 50920
3939 50932
3940 50940
3941 50942
3942 50979
3943 50981
3944 50998
3945 51020
3946 51023
3947 51025
3948 51042
3949 51064
3950 51130
3951 51177
3952 51179
3953 51199
3954 51201
3955 51235
3956 51238
3957 51240
3958 51257
3959 51260
3960 51262
3961 51282
3962 51284
3963 51301
3964 51326
3965 51328
3966 51348
3967 51350
3968 51370
3969 51372
3970 51406
3971 51409
3972 51411
3973 51428
3974 51431
3975 51433
3976 51453
3977 51455
3978 51497
3979 51499
3980 51516
3981 51519
3982 51521
3983 51538
3984 51541
3985 51543
3986 51563
3987 51565
3988 51607
3989 51609
3990 51687
3991 51690
3992 51692
3993 51734
3994 51736
3995 51756
3996 51758
3997 51783
3998 51785
3999 51819
4000 51822
4001 51824
4002 51849
4003 51851
4004 51866
4005 51868
4006 51888
4007 51890
4008 51951
4009 51954
4010 51956
4011 51968
4012 51971
4013 51973
4014 51998
4015 52000
4016 52015
4017 52017
4018 52034
4019 52064
4020 52066
4021 52081
4022 52083
4023 52103
4024 52105
4025 52108
4026 52110
4027 52144
4028 52147
4029 52149
4030 52166
4031 52169
4032 52171
4033 52188
4034 52210
4035 52279
4036 52281
4037 52293
4038 52296
4039 52298
4040 52315
4041 52318
4042 52320
4043 52340
4044 52342
4045 52384
4046 52386
4047 52403
4048 52406
4049 52408
4050 52433
4051 52435
4052 52447
4053 52469
4054 52494
4055 52496
4056 52535
4057 52552
4058 52555
4059 52557
4060 52582
4061 52584
4062 52596
4063 52621
4064 52623
4065 52643
4066 52645
4067 52648
4068 52650
4069 52665
4070 52667
4071 52706
4072 52709
4073 52711
4074 52750
4075 52772
4076 52789
4077 52792
4078 52794
4079 52811
4080 52814
4081 52816
4082 52836
4083 52838
4084 52855
4085 52880
4086 52882
4087 52902
4088 52904
4089 52924
4090 52926
4091 52987
4092 52990
4093 52992
4094 53034
4095 53036
4096 53056
4097 53058
4098 53070
4099 53073
4100 53075
4101 53117
4102 53119
4103 53136
4104 53158
4105 53161
4106 53163
4107 53183
4108 53185
4109 53210
4110 53212
4111 53227
4112 53229
4113 53241
4114 53244
4115 53249
4116 53251
4117 53288
4118 53290
4119 53293
4120 53295
4121 53310
4122 53337
4123 53339
4124 53351
4125 53354
4126 53356
4127 53398
4128 53400
4129 53420
4130 53422
4131 53439
4132 53442
4133 53444
4134 53483
4135 53508
4136 53510
4137 53530
4138 53532
4139 53549
4140 53596
4141 53598
4142 53618
4143 53620
4144 53654
4145 53657
4146 53659
4147 53676
4148 53679
4149 53681
4150 53698
4151 53720
4152 53750
4153 53752
4154 53772
4155 53774
4156 53786
4157 53808
4158 53811
4159 53813
4160 53825
4161 53828
4162 53830
4163 53852
4164 53872
4165 53891
4166 53913
4167 53916
4168 53918
4169 53935
4170 53943
4171 53945
4172 53957
4173 53979
4174 54023
4175 54048
4176 54050
4177 54070
4178 54072
4179 54089
4180 54111
4181 54114
4182 54116
4183 54128
4184 54131
4185 54133
4186 54175
4187 54177
4188 54197
4189 54199
4190 54282
4191 54285
4192 54287
4193 54329
4194 54331
4195 54351
4196 54353
4197 54409
4198 54412
4199 54414
4200 54431
4201 54434
4202 54436
4203 54456
4204 54458
4205 54500
4206 54502
4207 54527
4208 54529
4209 54563
4210 54566
4211 54568
4212 54610
4213 54612
4214 54629
4215 54676
4216 54678
4217 54690
4218 54693
4219 54695
4220 54737
4221 54739
4222 54759
4223 54761
4224 54778
4225 54781
4226 54783
4227 54800
4228 54803
4229 54805
4230 54825
4231 54827
4232 54866
4233 54913
4234 54915
4235 54935
4236 54937
4237 54971
4238 54974
4239 54976
4240 55018
4241 55020
4242 55037
4243 55067
4244 55069
4245 55084
4246 55086
4247 55103
4248 55150
4249 55152
4250 55169
4251 55216
4252 55218
4253 55238
4254 55240
4255 55318
4256 55321
4257 55323
4258 55365
4259 55367
4260 55387
4261 55389
4262 55406
4263 55409
4264 55411
4265 55445
4266 55448
4267 55450
4268 55475
4269 55477
4270 55492
4271 55494
4272 55514
4273 55516
4274 55541
4275 55543
4276 55555
4277 55558
4278 55560
4279 55585
4280 55587
4281 55602
4282 55604
4283 55621
4284 55643
4285 55646
4286 55648
4287 55668
4288 55670
4289 55687
4290 55712
4291 55714
4292 55726
4293 55729
4294 55731
4295 55756
4296 55758
4297 55770
4298 55792
4299 55817
4300 55819
4301 55861
4302 55863
4303 55880
4304 55883
4305 55885
4306 55910
4307 55912
4308 55924
4309 55946
4310 55971
4311 55973
4312 56012
4313 56029
4314 56032
4315 56034
4316 56051
4317 56054
4318 56056
4319 56073
4320 56095
4321 56125
4322 56127
4323 56161
4324 56169
4325 56171
4326 56183
4327 56186
4328 56188
4329 56205
4330 56213
4331 56215
4332 56227
4333 56244
4334 56247
4335 56271
4336 56291
4337 56293
4338 56313
4339 56318
4340 56320
4341 56354
4342 56357
4343 56359
4344 56398
4345 56420
4346 56437
4347 56440
4348 56464
4349 56484
4350 56489
4351 56491
4352 56503
4353 56508
4354 56533
4355 56535
4356 56550
4357 56555
4358 56557
4359 56572
4360 56574
4361 56613
4362 56616
4363 56618
4364 56635
4365 56638
4366 56640
4367 56660
4368 56662
4369 56704
4370 56706
4371 56731
4372 56733
4373 56767
4374 56770
4375 56772
4376 56814
4377 56816
4378 56833
4379 56850
4380 56853
4381 56855
4382 56880
4383 56882
4384 56894
4385 56919
4386 56921
4387 56941
4388 56943
4389 56946
4390 56948
4391 56963
4392 56965
4393 57004
4394 57007
4395 57009
4396 57021
4397 57024
4398 57026
4399 57048
4400 57068
4401 57090
4402 57092
4403 57117
4404 57119
4405 57131
4406 57134
4407 57136
4408 57161
4409 57163
4410 57178
4411 57180
4412 57197
4413 57244
4414 57246
4415 57263
4416 57285
4417 57288
4418 57290
4419 57310
4420 57312
4421 57354
4422 57356
4423 57368
4424 57371
4425 57373
4426 57412
4427 57434
4428 57459
4429 57461
4430 57464
4431 57466
4432 57486
4433 57488
4434 57503
4435 57505
4436 57522
4437 57525
4438 57527
4439 57566
4440 57588
4441 57605
4442 57608
4443 57610
4444 57649
4445 57674
4446 57676
4447 57693
4448 57701
4449 57703
4450 57718
4451 57720
4452 57740
4453 57742
4454 57759
4455 57806
4456 57808
4457 57825
4458 57872
4459 57874
4460 57894
4461 57896
4462 57930
4463 57933
4464 57935
4465 57977
4466 57979
4467 57996
4468 58040
4469 58065
4470 58067
4471 58070
4472 58072
4473 58087
4474 58089
4475 58092
4476 58094
4477 58106
4478 58128
4479 58131
4480 58133
4481 58153
4482 58155
4483 58172
4484 58194
4485 58211
4486 58214
4487 58216
4488 58255
4489 58280
4490 58282
4491 58302
4492 58304
4493 58324
4494 58326
4495 58343
4496 58346
4497 58348
4498 58365
4499 58368
4500 58370
4501 58390
4502 58392
4503 58409
4504 58431
4505 58456
4506 58458
4507 58500
4508 58502
4509 58536
4510 58539
4511 58541
4512 58558
4513 58561
4514 58563
4515 58583
4516 58585
4517 58602
4518 58627
4519 58629
4520 58649
4521 58651
4522 58671
4523 58673
4524 58795
4525 58798
4526 58800
4527 58825
4528 58827
4529 58839
4530 58861
4531 58886
4532 58888
4533 58891
4534 58893
4535 58930
4536 58932
4537 58993
4538 58996
4539 58998
4540 59010
4541 59013
4542 59015
4543 59040
4544 59042
4545 59057
4546 59059
4547 59076
4548 59106
4549 59108
4550 59123
4551 59125
4552 59145
4553 59147
4554 59150
4555 59152
4556 59172
4557 59174
4558 59186
4559 59189
4560 59191
4561 59230
4562 59252
4563 59274
4564 59313
4565 59316
4566 59318
4567 59335
4568 59338
4569 59340
4570 59360
4571 59362
4572 59404
4573 59406
4574 59423
4575 59426
4576 59428
4577 59453
4578 59455
4579 59470
4580 59472
4581 59484
4582 59487
4583 59511
4584 59514
4585 59516
4586 59531
4587 59533
4588 59536
4589 59538
4590 59553
4591 59558
4592 59560
4593 59594
4594 59597
4595 59599
4596 59616
4597 59619
4598 59621
4599 59638
4600 59660
4601 59712
4602 59714
4603 59721
4604 59724
4605 59734
4606 59736
4607 59748
4608 59751
4609 59753
4610 59768
4611 59790
4612 59795
4613 59797
4614 59814
4615 59836
4616 59839
4617 59841
4618 59861
4619 59863
4620 59905
4621 59907
4622 59927
4623 59929
4624 59949
4625 59951
4626 60029
4627 60032
4628 60034
4629 60073
4630 60098
4631 60100
4632 60120
4633 60122
4634 60142
4635 60144
4636 60156
4637 60159
4638 60161
4639 60186
4640 60188
4641 60203
4642 60205
4643 60225
4644 60227
4645 60252
4646 60254
4647 60266
4648 60269
4649 60271
4650 60313
4651 60315
4652 60335
4653 60337
4654 60354
4655 60357
4656 60359
4657 60401
4658 60403
4659 60423
4660 60425
4661 60467
4662 60469
4663 60481
4664 60484
4665 60486
4666 60511
4667 60513
4668 60528
4669 60530
4670 60547
4671 60569
4672 60572
4673 60574
4674 60591
4675 60613
4676 60665
4677 60667
4678 60682
4679 60684
4680 60701
4681 60748
4682 60750
4683 60767
4684 60806
4685 60809
4686 60811
4687 60853
4688 60855
4689 60875
4690 60877
4691 60938
4692 60941
4693 60943
4694 60985
4695 60987
4696 61004
4697 61029
4698 61031
4699 61043
4700 61046
4701 61048
4702 61073
4703 61075
4704 61090
4705 61092
4706 61109
4707 61131
4708 61134
4709 61136
4710 61156
4711 61158
4712 61175
4713 61200
4714 61202
4715 61222
4716 61224
4717 61244
4718 61246
4719 61363
4720 61366
4721 61371
4722 61373
4723 61410
4724 61432
4725 61434
4726 61437
4727 61439
4728 61451
4729 61454
4730 61456
4731 61481
4732 61483
4733 61498
4734 61500
4735 61520
4736 61522
4737 61547
4738 61549
4739 61561
4740 61564
4741 61566
4742 61608
4743 61610
4744 61630
4745 61632
4746 61649
4747 61652
4748 61654
4749 61696
4750 61698
4751 61718
4752 61720
4753 61776
4754 61779
4755 61781
4756 61798
4757 61801
4758 61803
4759 61823
4760 61825
4761 61867
4762 61869
4763 61886
4764 61889
4765 61891
4766 61933
4767 61935
4768 61955
4769 61957
4770 62065
4771 62067
4772 62101
4773 62104
4774 62106
4775 62148
4776 62150
4777 62167
4778 62214
4779 62216
4780 62236
4781 62238
4782 62294
4783 62297
4784 62299
4785 62316
4786 62319
4787 62321
4788 62341
4789 62343
4790 62385
4791 62387
4792 62404
4793 62407
4794 62409
4795 62451
4796 62453
4797 62465
4798 62468
4799 62470
4800 62512
4801 62514
4802 62534
4803 62536
4804 62561
4805 62563
4806 62575
4807 62578
4808 62580
4809 62597
4810 62600
4811 62602
4812 62622
4813 62624
4814 62663
4815 62693
4816 62695
4817 62710
4818 62712
4819 62715
4820 62717
4821 62729
4822 62751
4823 62754
4824 62756
4825 62768
4826 62771
4827 62773
4828 62795
4829 62815
4830 62834
4831 62856
4832 62859
4833 62861
4834 62881
4835 62883
4836 62886
4837 62888
4838 62900
4839 62922
4840 62947
4841 62949
4842 62966
4843 62991
4844 62993
4845 63005
4846 63008
4847 63010
4848 63032
4849 63052
4850 63057
4851 63059
4852 63071
4853 63101
4854 63103
4855 63115
4856 63123
4857 63125
4858 63137
4859 63145
4860 63147
4861 63162
4862 63164
4863 63167
4864 63169
4865 63181
4866 63189
4867 63191
4868 63206
4869 63208
4870 63228
4871 63230
4872 63247
4873 63269
4874 63272
4875 63274
4876 63291
4877 63360
4878 63362
4879 63418
4880 63421
4881 63423
4882 63448
4883 63450
4884 63465
4885 63467
4886 63487
4887 63489
4888 63506
4889 63509
4890 63511
4891 63528
4892 63531
4893 63533
4894 63550
4895 63619
4896 63621
4897 63646
4898 63648
4899 63655
4900 63658
4901 63660
4902 63682
4903 63685
4904 63687
4905 63702
4906 63704
4907 63724
4908 63726
4909 63743
4910 63746
4911 63790
4912 63792
4913 63812
4914 63814
4915 63914
4916 63917
4917 63922
4918 63924
4919 63944
4920 63946
4921 63961
4922 63963
4923 63966
4924 63968
4925 63980
4926 63985
4927 64010
4928 64012
4929 64027
4930 64029
4931 64049
4932 64051
4933 64068
4934 64071
4935 64073
4936 64112
4937 64137
4938 64139
4939 64159
4940 64161
4941 64181
4942 64183
4943 64305
4944 64308
4945 64310
4946 64349
4947 64374
4948 64376
4949 64396
4950 64398
4951 64418
4952 64420
4953 64682
4954 64684
4955 64691
4956 64694
4957 64696
4958 64713
4959 64716
4960 64721
4961 64723
4962 64738
4963 64740
4964 64765
4965 64767
4966 64779
4967 64784
4968 64809
4969 64811
4970 64823
4971 64845
4972 64867
4973 64906
4974 64909
4975 64928
4976 64931
4977 64933
4978 64953
4979 64980
4980 64982
4981 64994
4982 65016
4983 65019
4984 65024
4985 65026
4986 65041
4987 65043
4988 65085
4989 65087
4990 65104
4991 65107
4992 65109
4993 65126
4994 65129
4995 65131
4996 65148
4997 65187
4998 65190
4999 65192
5000 65217
5001 65219
5002 65231
5003 65256
5004 65258
5005 65278
5006 65280
5007 65283
5008 65285
5009 65297
5010 65344
5011 65346
5012 65363
5013 65371
5014 65373
5015 65385
5016 65388
5017 65390
5018 65407
5019 65473
5020 65520
5021 65522
5022 65542
5023 65544
5024 65578
5025 65581
5026 65583
5027 65625
5028 65627
5029 65647
5030 65649
5031 65705
5032 65708
5033 65713
5034 65715
5035 65740
5036 65742
5037 65752
5038 65754
5039 65757
5040 65759
5041 65771
5042 65776
5043 65801
5044 65803
5045 65818
5046 65820
5047 65840
5048 65845
5049 65847
5050 65867
5051 65869
5052 65947
5053 65950
5054 65952
5055 65969
5056 65972
5057 65974
5058 65994
5059 65996
5060 66008
5061 66011
5062 66038
5063 66040
5064 66055
5065 66057
5066 66060
5067 66062
5068 66077
5069 66104
5070 66106
5071 66118
5072 66121
5073 66123
5074 66162
5075 66184
5076 66209
5077 66211
5078 66253
5079 66255
5080 66355
5081 66358
5082 66360
5083 66399
5084 66424
5085 66426
5086 66443
5087 66451
5088 66453
5089 66468
5090 66470
5091 66487
5092 66512
5093 66514
5094 66534
5095 66536
5096 66553
5097 66592
5098 66595
5099 66597
5100 66614
5101 66617
5102 66619
5103 66636
5104 66705
5105 66707
5106 66710
5107 66712
5108 66724
5109 66727
5110 66729
5111 66746
5112 66749
5113 66751
5114 66771
5115 66773
5116 66790
5117 66812
5118 66829
5119 66832
5120 66834
5121 66876
5122 66878
5123 66895
5124 66925
5125 66927
5126 66942
5127 66944
5128 66961
5129 66969
5130 66971
5131 66983
5132 66986
5133 66988
5134 67005
5135 67027
5136 67049
5137 67071
5138 67140
5139 67142
5140 67176
5141 67179
5142 67181
5143 67198
5144 67201
5145 67203
5146 67223
5147 67225
5148 67264
5149 67308
5150 67333
5151 67335
5152 67355
5153 67357
5154 67377
5155 67379
5156 67391
5157 67394
5158 67396
5159 67435
5160 67457
5161 67482
5162 67484
5163 67509
5164 67511
5165 67526
5166 67528
5167 67545
5168 67548
5169 67550
5170 67592
5171 67594
5172 67611
5173 67658
5174 67660
5175 67672
5176 67675
5177 67677
5178 67716
5179 67741
5180 67743
5181 67760
5182 67782
5183 67807
5184 67809
5185 67848
5186 67895
5187 67897
5188 67917
5189 67919
5190 67953
5191 67956
5192 67958
5193 68000
5194 68002
5195 68019
5196 68049
5197 68051
5198 68066
5199 68068
5200 68085
5201 68093
5202 68095
5203 68115
5204 68117
5205 68129
5206 68154
5207 68156
5208 68176
5209 68178
5210 68195
5211 68217
5212 68220
5213 68222
5214 68234
5215 68237
5216 68239
5217 68278
5218 68303
5219 68305
5220 68325
5221 68327
5222 68330
5223 68332
5224 68347
5225 68349
5226 68454
5227 68457
5228 68459
5229 68471
5230 68474
5231 68476
5232 68501
5233 68503
5234 68518
5235 68520
5236 68537
5237 68567
5238 68569
5239 68584
5240 68586
5241 68606
5242 68608
5243 68611
5244 68613
5245 68633
5246 68635
5247 68647
5248 68650
5249 68652
5250 68694
5251 68696
5252 68713
5253 68735
5254 68738
5255 68740
5256 68752
5257 68755
5258 68757
5259 68799
5260 68801
5261 68821
5262 68823
5263 68848
5264 68850
5265 68892
5266 68894
5267 68914
5268 68916
5269 68928
5270 68931
5271 68933
5272 68958
5273 68960
5274 68972
5275 68997
5276 68999
5277 69016
5278 69041
5279 69043
5280 69055
5281 69058
5282 69085
5283 69087
5284 69099
5285 69107
5286 69109
5287 69124
5288 69126
5289 69129
5290 69131
5291 69146
5292 69148
5293 69151
5294 69153
5295 69168
5296 69170
5297 69209
5298 69212
5299 69214
5300 69239
5301 69241
5302 69256
5303 69258
5304 69275
5305 69297
5306 69300
5307 69302
5308 69322
5309 69324
5310 69341
5311 69366
5312 69368
5313 69388
5314 69390
5315 69446
5316 69449
5317 69451
5318 69476
5319 69478
5320 69493
5321 69495
5322 69515
5323 69517
5324 69608
5325 69610
5326 69617
5327 69620
5328 69622
5329 69644
5330 69647
5331 69649
5332 69664
5333 69666
5334 69683
5335 69710
5336 69727
5337 69752
5338 69754
5339 69774
5340 69776
5341 69796
5342 69798
5343 69810
5344 69813
5345 69818
5346 69820
5347 69857
5348 69859
5349 69862
5350 69864
5351 69879
5352 69906
5353 69908
5354 69928
5355 69930
5356 69942
5357 69945
5358 69950
5359 69952
5360 69972
5361 69974
5362 69989
5363 69991
5364 69994
5365 69996
5366 70011
5367 70013
5368 70052
5369 70055
5370 70057
5371 70074
5372 70077
5373 70079
5374 70096
5375 70165
5376 70167
5377 70223
5378 70226
5379 70228
5380 70253
5381 70255
5382 70270
5383 70272
5384 70292
5385 70294
5386 70311
5387 70314
5388 70316
5389 70333
5390 70336
5391 70338
5392 70355
5393 70424
5394 70426
5395 70460
5396 70463
5397 70465
5398 70504
5399 70529
5400 70531
5401 70551
5402 70553
5403 70573
5404 70575
5405 70592
5406 70595
5407 70597
5408 70639
5409 70641
5410 70661
5411 70663
5412 70741
5413 70744
5414 70746
5415 70788
5416 70790
5417 70810
5418 70812
5419 70837
5420 70839
5421 70873
5422 70876
5423 70878
5424 70920
5425 70922
5426 70939
5427 70956
5428 70959
5429 70961
5430 70986
5431 70988
5432 71000
5433 71025
5434 71027
5435 71047
5436 71049
5437 71069
5438 71071
5439 71088
5440 71091
5441 71093
5442 71110
5443 71113
5444 71115
5445 71135
5446 71137
5447 71176
5448 71223
5449 71225
5450 71245
5451 71247
5452 71281
5453 71284
5454 71286
5455 71328
5456 71330
5457 71347
5458 71377
5459 71379
5460 71394
5461 71396
5462 71413
5463 71421
5464 71423
5465 71452
5466 71455
5467 71479
5468 71499
5469 71501
5470 71504
5471 71506
5472 71521
5473 71526
5474 71528
5475 71540
5476 71543
5477 71545
5478 71570
5479 71572
5480 71584
5481 71609
5482 71611
5483 71628
5484 71650
5485 71672
5486 71694
5487 71702
5488 71704
5489 71711
5490 71714
5491 71738
5492 71755
5493 71760
5494 71780
5495 71782
5496 71802
5497 71821
5498 71851
5499 71853
5500 71865
5501 71873
5502 71875
5503 71887
5504 71895
5505 71897
5506 71912
5507 71914
5508 71931
5509 71953
5510 71978
5511 71980
5512 71997
5513 72022
5514 72024
5515 72041
5516 72066
5517 72068
5518 72080
5519 72083
5520 72085
5521 72110
5522 72112
5523 72127
5524 72129
5525 72149
5526 72151
5527 72176
5528 72178
5529 72190
5530 72193
5531 72195
5532 72220
5533 72222
5534 72234
5535 72256
5536 72278
5537 72322
5538 72339
5539 72342
5540 72344
5541 72361
5542 72364
5543 72366
5544 72383
5545 72405
5546 72474
5547 72476
5548 72479
5549 72481
5550 72493
5551 72496
5552 72498
5553 72540
5554 72542
5555 72559
5556 72581
5557 72584
5558 72586
5559 72598
5560 72601
5561 72603
5562 72642
5563 72667
5564 72669
5565 72686
5566 72711
5567 72713
5568 72733
5569 72735
5570 72752
5571 72799
5572 72801
5573 72818
5574 72826
5575 72828
5576 72862
5577 72887
5578 72889
5579 72901
5580 72904
5581 72906
5582 72928
5583 72948
5584 72950
5585 72970
5586 72972
5587 72989
5588 72992
5589 72994
5590 73036
5591 73038
5592 73058
5593 73060
5594 73099
5595 73102
5596 73104
5597 73146
5598 73148
5599 73165
5600 73204
5601 73207
5602 73209
5603 73234
5604 73236
5605 73248
5606 73270
5607 73295
5608 73297
5609 73300
5610 73302
5611 73339
5612 73341
5613 73353
5614 73356
5615 73358
5616 73400
5617 73405
5618 73407
5619 73419
5620 73466
5621 73468
5622 73471
5623 73473
5624 73485
5625 73493
5626 73495
5627 73515
5628 73517
5629 73529
5630 73551
5631 73576
5632 73578
5633 73595
5634 73603
5635 73605
5636 73617
5637 73642
5638 73644
5639 73686
5640 73688
5641 73705
5642 73708
5643 73710
5644 73722
5645 73725
5646 73727
5647 73752
5648 73754
5649 73766
5650 73791
5651 73793
5652 73813
5653 73815
5654 73818
5655 73820
5656 73832
5657 73876
5658 73901
5659 73903
5660 73920
5661 73937
5662 73940
5663 73967
5664 73969
5665 73984
5666 73986
5667 74006
5668 74008
5669 74011
5670 74013
5671 74069
5672 74072
5673 74074
5674 74099
5675 74101
5676 74113
5677 74130
5678 74133
5679 74157
5680 74177
5681 74179
5682 74199
5683 74204
5684 74206
5685 74218
5686 74221
5687 74223
5688 74248
5689 74250
5690 74265
5691 74267
5692 74287
5693 74289
5694 74314
5695 74316
5696 74358
5697 74360
5698 74372
5699 74375
5700 74377
5701 74394
5702 74397
5703 74399
5704 74416
5705 74433
5706 74436
5707 74460
5708 74480
5709 74482
5710 74502
5711 74504
5712 74521
5713 74524
5714 74526
5715 74543
5716 74546
5717 74548
5718 74568
5719 74570
5720 74612
5721 74614
5722 74631
5723 74634
5724 74636
5725 74653
5726 74656
5727 74658
5728 74678
5729 74680
5730 74697
5731 74722
5732 74724
5733 74744
5734 74746
5735 74766
5736 74768
5737 74802
5738 74805
5739 74807
5740 74824
5741 74827
5742 74829
5743 74846
5744 74868
5745 74937
5746 74939
5747 75061
5748 75064
5749 75066
5750 75083
5751 75086
5752 75088
5753 75105
5754 75157
5755 75159
5756 75174
5757 75176
5758 75188
5759 75191
5760 75196
5761 75198
5762 75235
5763 75237
5764 75240
5765 75242
5766 75257
5767 75284
5768 75286
5769 75298
5770 75301
5771 75303
5772 75320
5773 75323
5774 75325
5775 75342
5776 75386
5777 75411
5778 75413
5779 75430
5780 75455
5781 75457
5782 75477
5783 75479
5784 75496
5785 75535
5786 75538
5787 75540
5788 75565
5789 75567
5790 75582
5791 75584
5792 75601
5793 75623
5794 75626
5795 75628
5796 75648
5797 75650
5798 75667
5799 75692
5800 75694
5801 75706
5802 75709
5803 75711
5804 75736
5805 75738
5806 75753
5807 75755
5808 75772
5809 75802
5810 75804
5811 75816
5812 75841
5813 75843
5814 75846
5815 75848
5816 75863
5817 75865
5818 75868
5819 75870
5820 75882
5821 75929
5822 75931
5823 75948
5824 75956
5825 75958
5826 75970
5827 75973
5828 75975
5829 75992
5830 76053
5831 76056
5832 76100
5833 76102
5834 76105
5835 76107
5836 76119
5837 76127
5838 76129
5839 76149
5840 76151
5841 76163
5842 76188
5843 76190
5844 76193
5845 76195
5846 76210
5847 76212
5848 76215
5849 76217
5850 76232
5851 76234
5852 76317
5853 76320
5854 76322
5855 76334
5856 76337
5857 76339
5858 76364
5859 76366
5860 76378
5861 76403
5862 76405
5863 76425
5864 76427
5865 76430
5866 76432
5867 76444
5868 76491
5869 76493
5870 76513
5871 76515
5872 76554
5873 76557
5874 76559
5875 76601
5876 76603
5877 76623
5878 76625
5879 76689
5880 76691
5881 76711
5882 76713
5883 76747
5884 76750
5885 76752
5886 76769
5887 76772
5888 76774
5889 76791
5890 76813
5891 76882
5892 76884
5893 76918
5894 76921
5895 76923
5896 76940
5897 76943
5898 76945
5899 76965
5900 76967
5901 77009
5902 77011
5903 77028
5904 77031
5905 77033
5906 77050
5907 77053
5908 77055
5909 77075
5910 77077
5911 77119
5912 77121
5913 77133
5914 77136
5915 77138
5916 77180
5917 77182
5918 77202
5919 77204
5920 77229
5921 77231
5922 77265
5923 77268
5924 77270
5925 77312
5926 77314
5927 77331
5928 77378
5929 77380
5930 77400
5931 77402
5932 77436
5933 77439
5934 77441
5935 77458
5936 77461
5937 77463
5938 77480
5939 77532
5940 77534
5941 77549
5942 77551
5943 77554
5944 77556
5945 77590
5946 77593
5947 77595
5948 77620
5949 77622
5950 77634
5951 77659
5952 77661
5953 77681
5954 77683
5955 77703
5956 77705
5957 77722
5958 77725
5959 77727
5960 77783
5961 77786
5962 77788
5963 77830
5964 77832
5965 77852
5966 77854
5967 77871
5968 77874
5969 77876
5970 77918
5971 77920
5972 77940
5973 77942
5974 77959
5975 77962
5976 77964
5977 78006
5978 78008
5979 78028
5980 78030
5981 78108
5982 78111
5983 78113
5984 78130
5985 78133
5986 78135
5987 78155
5988 78157
5989 78199
5990 78201
5991 78270
5992 78272
5993 78287
5994 78289
5995 78306
5996 78309
5997 78311
5998 78372
5999 78389
6000 78392
6001 78394
6002 78411
6003 78414
6004 78416
6005 78436
6006 78438
6007 78480
6008 78482
6009 78507
6010 78509
6011 78604
6012 78607
6013 78612
6014 78614
6015 78634
6016 78636
6017 78651
6018 78653
6019 78656
6020 78658
6021 78673
6022 78675
6023 78678
6024 78680
6025 78692
6026 78695
6027 78697
6028 78736
6029 78758
6030 78783
6031 78785
6032 78797
6033 78800
6034 78802
6035 78827
6036 78829
6037 78844
6038 78849
6039 78851
6040 78866
6041 78868
6042 78937
6043 78939
6044 78959
6045 78961
6046 79017
6047 79020
6048 79022
6049 79039
6050 79042
6051 79044
6052 79061
6053 79100
6054 79103
6055 79105
6056 79130
6057 79132
6058 79144
6059 79169
6060 79171
6061 79188
6062 79196
6063 79198
6064 79210
6065 79235
6066 79237
6067 79276
6068 79323
6069 79325
6070 79345
6071 79347
6072 79403
6073 79406
6074 79408
6075 79447
6076 79472
6077 79474
6078 79494
6079 79496
6080 79516
6081 79518
6082 79535
6083 79538
6084 79540
6085 79582
6086 79584
6087 79604
6088 79606
6089 79706
6090 79709
6091 79711
6092 79753
6093 79755
6094 79775
6095 79777
6096 79802
6097 79804
6098 79838
6099 79841
6100 79843
6101 79885
6102 79887
6103 79899
6104 79902
6105 79946
6106 79948
6107 79951
6108 79953
6109 79968
6110 79970
6111 79973
6112 79975
6113 79995
6114 79997
6115 80009
6116 80012
6117 80014
6118 80031
6119 80034
6120 80036
6121 80053
6122 80097
6123 80122
6124 80124
6125 80136
6126 80139
6127 80166
6128 80168
6129 80180
6130 80188
6131 80190
6132 80205
6133 80207
6134 80210
6135 80212
6136 80227
6137 80229
6138 80232
6139 80234
6140 80249
6141 80251
6142 80342
6143 80344
6144 80378
6145 80381
6146 80383
6147 80408
6148 80410
6149 80417
6150 80420
6151 80422
6152 80447
6153 80449
6154 80464
6155 80466
6156 80486
6157 80488
6158 80510
6159 80527
6160 80530
6161 80532
6162 80571
6163 80596
6164 80598
6165 80610
6166 80613
6167 80640
6168 80642
6169 80654
6170 80662
6171 80664
6172 80676
6173 80684
6174 80686
6175 80701
6176 80703
6177 80706
6178 80708
6179 80745
6180 80750
6181 80752
6182 80772
6183 80774
6184 80816
6185 80818
6186 80860
6187 80862
6188 80874
6189 80877
6190 80879
6191 80891
6192 80894
6193 80899
6194 80901
6195 80918
6196 80938
6197 80940
6198 80960
6199 80965
6200 80967
6201 81009
6202 81011
6203 81067
6204 81070
6205 81072
6206 81097
6207 81099
6208 81114
6209 81116
6210 81136
6211 81138
6212 81155
6213 81158
6214 81160
6215 81202
6216 81204
6217 81224
6218 81226
6219 81282
6220 81285
6221 81287
6222 81326
6223 81348
6224 81370
6225 81400
6226 81402
6227 81439
6228 81441
6229 81502
6230 81505
6231 81507
6232 81549
6233 81551
6234 81571
6235 81573
6236 81585
6237 81588
6238 81590
6239 81632
6240 81634
6241 81651
6242 81698
6243 81700
6244 81720
6245 81722
6246 81739
6247 81742
6248 81744
6249 81786
6250 81788
6251 81808
6252 81810
6253 81874
6254 81876
6255 81918
6256 81920
6257 81954
6258 81957
6259 81959
6260 81976
6261 81979
6262 81981
6263 82001
6264 82003
6265 82020
6266 82045
6267 82047
6268 82067
6269 82069
6270 82089
6271 82091
6272 82169
6273 82172
6274 82174
6275 82199
6276 82201
6277 82213
6278 82235
6279 82257
6280 82287
6281 82289
6282 82301
6283 82323
6284 82348
6285 82350
6286 82362
6287 82365
6288 82367
6289 82389
6290 82406
6291 82428
6292 82450
6293 82472
6294 82511
6295 82514
6296 82516
6297 82538
6298 82558
6299 82563
6300 82565
6301 82580
6302 82582
6303 82607
6304 82609
6305 82621
6306 82624
6307 82651
6308 82653
6309 82665
6310 82673
6311 82675
6312 82690
6313 82692
6314 82695
6315 82697
6316 82712
6317 82714
6318 82731
6319 82753
6320 82756
6321 82758
6322 82775
6323 82797
6324 82836
6325 82839
6326 82841
6327 82858
6328 82861
6329 82863
6330 82880
6331 82902
6332 82924
6333 82968
6334 82976
6335 82978
6336 82990
6337 83015
6338 83017
6339 83020
6340 83022
6341 83034
6342 83056
6343 83078
6344 83122
6345 83139
6346 83142
6347 83144
6348 83169
6349 83171
6350 83186
6351 83188
6352 83205
6353 83249
6354 83271
6355 83279
6356 83281
6357 83293
6358 83301
6359 83303
6360 83323
6361 83325
6362 83337
6363 83362
6364 83364
6365 83381
6366 83403
6367 83425
6368 83464
6369 83467
6370 83469
6371 83508
6372 83533
6373 83535
6374 83552
6375 83560
6376 83562
6377 83574
6378 83599
6379 83601
6380 83618
6381 83640
6382 83665
6383 83667
6384 83709
6385 83711
6386 83723
6387 83726
6388 83728
6389 83745
6390 83748
6391 83750
6392 83767
6393 83811
6394 83833
6395 83858
6396 83860
6397 83885
6398 83887
6399 83894
6400 83897
6401 83916
6402 83919
6403 83924
6404 83926
6405 83941
6406 83943
6407 83946
6408 83948
6409 83985
6410 83990
6411 83992
6412 84004
6413 84007
6414 84009
6415 84051
6416 84053
6417 84073
6418 84075
6419 84092
6420 84095
6421 84097
6422 84139
6423 84141
6424 84158
6425 84205
6426 84207
6427 84219
6428 84222
6429 84266
6430 84268
6431 84271
6432 84273
6433 84288
6434 84290
6435 84293
6436 84295
6437 84315
6438 84317
6439 84351
6440 84354
6441 84356
6442 84373
6443 84376
6444 84378
6445 84395
6446 84417
6447 84469
6448 84471
6449 84486
6450 84488
6451 84500
6452 84503
6453 84508
6454 84510
6455 84547
6456 84549
6457 84552
6458 84554
6459 84569
6460 84596
6461 84598
6462 84618
6463 84620
6464 84698
6465 84701
6466 84703
6467 84720
6468 84723
6469 84725
6470 84737
6471 84740
6472 84781
6473 84803
6474 84808
6475 84828
6476 84830
6477 84833
6478 84835
6479 84847
6480 84872
6481 84874
6482 84894
6483 84896
6484 84916
6485 84918
6486 84957
6487 84960
6488 84962
6489 85004
6490 85006
6491 85026
6492 85028
6493 85092
6494 85094
6495 85172
6496 85175
6497 85177
6498 85194
6499 85197
6500 85199
6501 85219
6502 85221
6503 85263
6504 85265
6505 85290
6506 85292
6507 85321
6508 85324
6509 85329
6510 85331
6511 85368
6512 85370
6513 85373
6514 85375
6515 85387
6516 85392
6517 85409
6518 85412
6519 85414
6520 85434
6521 85436
6522 85475
6523 85522
6524 85524
6525 85544
6526 85546
6527 85563
6528 85566
6529 85568
6530 85580
6531 85583
6532 85585
6533 85610
6534 85612
6535 85627
6536 85649
6537 85651
6538 85690
6539 85693
6540 85695
6541 85737
6542 85739
6543 85759
6544 85761
6545 85817
6546 85820
6547 85822
6548 85852
6549 85854
6550 85864
6551 85866
6552 85886
6553 85891
6554 85893
6555 85913
6556 85915
6557 85927
6558 85930
6559 85932
6560 85954
6561 85957
6562 85959
6563 85974
6564 85976
6565 85996
6566 85998
6567 86015
6568 86018
6569 86020
6570 86059
6571 86084
6572 86086
6573 86106
6574 86108
6575 86125
6576 86142
6577 86145
6578 86147
6579 86164
6580 86167
6581 86169
6582 86189
6583 86233
6584 86235
6585 86282
6586 86284
6587 86296
6588 86299
6589 86301
6590 86318
6591 86321
6592 86323
6593 86343
6594 86345
6595 86384
6596 86401
6597 86404
6598 86406
6599 86431
6600 86433
6601 86448
6602 86450
6603 86467
6604 86514
6605 86516
6606 86533
6607 86541
6608 86543
6609 86555
6610 86558
6611 86560
6612 86577
6613 86621
6614 86643
6615 86668
6616 86670
6617 86712
6618 86714
6619 86748
6620 86751
6621 86753
6622 86795
6623 86797
6624 86817
6625 86819
6626 86844
6627 86846
6628 86910
6629 86912
6630 86919
6631 86922
6632 86924
6633 86963
6634 86985
6635 87010
6636 87051
6637 87059
6638 87061
6639 87081
6640 87083
6641 87095
6642 87103
6643 87105
6644 87120
6645 87122
6646 87139
6647 87161
6648 87178
6649 87181
6650 87205
6651 87222
6652 87244
6653 87249
6654 87266
6655 87296
6656 87298
6657 87310
6658 87335
6659 87337
6660 87340
6661 87342
6662 87354
6663 87379
6664 87381
6665 87401
6666 87403
6667 87420
6668 87467
6669 87469
6670 87489
6671 87491
6672 87525
6673 87528
6674 87530
6675 87572
6676 87574
6677 87591
6678 87613
6679 87616
6680 87618
6681 87635
6682 87665
6683 87667
6684 87679
6685 87701
6686 87726
6687 87728
6688 87767
6689 87806
6690 87809
6691 87811
6692 87836
6693 87838
6694 87853
6695 87855
6696 87872
6697 87919
6698 87921
6699 87941
6700 87943
6701 87977
6702 87980
6703 87982
6704 88004
6705 88007
6706 88009
6707 88024
6708 88026
6709 88046
6710 88048
6711 88117
6712 88119
6713 88153
6714 88156
6715 88158
6716 88175
6717 88178
6718 88180
6719 88200
6720 88202
6721 88219
6722 88244
6723 88246
6724 88266
6725 88268
6726 88288
6727 88290
6728 88324
6729 88327
6730 88329
6731 88368
6732 88393
6733 88395
6734 88415
6735 88417
6736 88420
6737 88422
6738 88437
6739 88439
6740 88522
6741 88525
6742 88527
6743 88552
6744 88554
6745 88569
6746 88571
6747 88583
6748 88586
6749 88630
6750 88632
6751 88635
6752 88637
6753 88649
6754 88654
6755 88679
6756 88681
6757 88693
6758 88715
6759 88737
6760 88759
6761 88767
6762 88769
6763 88781
6764 88798
6765 88801
6766 88825
6767 88842
6768 88867
6769 88872
6770 88874
6771 88889
6772 88894
6773 88896
6774 88911
6775 88913
6776 88916
6777 88918
6778 88930
6779 88933
6780 88935
6781 88977
6782 88979
6783 88996
6784 89026
6785 89028
6786 89040
6787 89057
6788 89060
6789 89087
6790 89089
6791 89101
6792 89106
6793 89126
6794 89145
6795 89170
6796 89172
6797 89192
6798 89194
6799 89197
6800 89199
6801 89211
6802 89255
6803 89280
6804 89282
6805 89302
6806 89304
6807 89324
6808 89326
6809 89365
6810 89368
6811 89370
6812 89412
6813 89414
6814 89434
6815 89436
6816 89448
6817 89451
6818 89453
6819 89495
6820 89497
6821 89514
6822 89561
6823 89563
6824 89583
6825 89585
6826 89751
6827 89754
6828 89756
6829 89773
6830 89776
6831 89778
6832 89798
6833 89800
6834 89842
6835 89844
6836 89944
6837 89947
6838 89949
6839 89991
6840 89993
6841 90013
6842 90015
6843 90128
6844 90130
6845 90164
6846 90167
6847 90169
6848 90203
6849 90206
6850 90208
6851 90225
6852 90228
6853 90250
6854 90252
6855 90269
6856 90294
6857 90296
6858 90316
6859 90318
6860 90338
6861 90340
6862 90401
6863 90404
6864 90406
6865 90418
6866 90421
6867 90423
6868 90448
6869 90450
6870 90465
6871 90487
6872 90489
6873 90528
6874 90531
6875 90533
6876 90550
6877 90553
6878 90555
6879 90575
6880 90577
6881 90619
6882 90621
6883 90646
6884 90648
6885 90668
6886 90670
6887 90682
6888 90685
6889 90687
6890 90699
6891 90702
6892 90707
6893 90709
6894 90729
6895 90731
6896 90746
6897 90751
6898 90753
6899 90768
6900 90809
6901 90812
6902 90814
6903 90831
6904 90834
6905 90836
6906 90853
6907 90919
6908 90936
6909 90939
6910 90944
6911 90946
6912 90966
6913 90968
6914 90971
6915 90973
6916 90983
6917 90988
6918 90990
6919 91005
6920 91073
6921 91076
6922 91078
6923 91112
6924 91115
6925 91117
6926 91159
6927 91161
6928 91178
6929 91195
6930 91198
6931 91200
6932 91225
6933 91227
6934 91242
6935 91264
6936 91266
6937 91305
6938 91308
6939 91335
6940 91337
6941 91349
6942 91357
6943 91359
6944 91374
6945 91376
6946 91393
6947 91415
6948 91437
6949 91459
6950 91467
6951 91469
6952 91503
6953 91520
6954 91523
6955 91525
6956 91550
6957 91552
6958 91567
6959 91586
6960 91608
6961 91611
6962 91613
6963 91630
6964 91652
6965 91674
6966 91696
6967 91735
6968 91738
6969 91748
6970 91750
6971 91765
6972 91767
6973 91770
6974 91772
6975 91782
6976 91804
6977 91845
6978 91848
6979 91853
6980 91855
6981 91872
6982 91875
6983 91877
6984 91892
6985 91894
6986 91897
6987 91899
6988 91911
6989 91933
6990 91936
6991 91938
6992 91955
6993 91977
6994 91999
6995 92021
6996 92043
6997 92073
6998 92075
6999 92087
7000 92112
7001 92114
7002 92134
7003 92136
7004 92156
7005 92158
7006 92175
7007 92222
7008 92224
7009 92288
7010 92290
7011 92319
7012 92322
7013 92327
7014 92329
7015 92341
7016 92344
7017 92349
7018 92351
7019 92363
7020 92371
7021 92373
7022 92390
7023 92393
7024 92395
7025 92412
7026 92415
7027 92417
7028 92432
7029 92434
7030 92517
7031 92520
7032 92522
7033 92547
7034 92549
7035 92564
7036 92566
7037 92578
7038 92581
7039 92625
7040 92647
7041 92710
7042 92713
7043 92715
7044 92732
7045 92735
7046 92737
7047 92754
7048 92820
7049 92850
7050 92852
7051 92859
7052 92862
7053 92864
7054 92889
7055 92891
7056 92906
7057 92908
7058 92928
7059 92930
7060 92952
7061 92991
7062 92994
7063 92996
7064 93021
7065 93023
7066 93038
7067 93040
7068 93057
7069 93104
7070 93106
7071 93126
7072 93128
7073 93189
7074 93192
7075 93194
7076 93236
7077 93238
7078 93250
7079 93253
7080 93255
7081 93272
7082 93275
7083 93277
7084 93297
7085 93299
7086 93338
7087 93355
7088 93358
7089 93363
7090 93365
7091 93385
7092 93387
7093 93402
7094 93404
7095 93424
7096 93426
7097 93429
7098 93431
7099 93451
7100 93453
7101 93495
7102 93497
7103 93509
7104 93512
7105 93514
7106 93553
7107 93575
7108 93597
7109 93605
7110 93607
7111 93627
7112 93629
7113 93641
7114 93663
7115 93680
7116 93683
7117 93685
7118 93707
7119 93727
7120 93749
7121 93751
7122 93790
7123 93793
7124 93795
7125 93820
7126 93822
7127 93834
7128 93856
7129 93878
7130 93900
7131 93908
7132 93910
7133 93917
7134 93920
7135 93964
7136 93969
7137 93971
7138 93983
7139 93991
7140 93993
7141 94010
7142 94013
7143 94015
7144 94030
7145 94032
7146 94035
7147 94037
7148 94049
7149 94096
7150 94098
7151 94115
7152 94137
7153 94140
7154 94142
7155 94159
7156 94181
7157 94198
7158 94201
7159 94203
7160 94245
7161 94267
7162 94269
7163 94286
7164 94289
7165 94291
7166 94330
7167 94352
7168 94374
7169 94382
7170 94384
7171 94404
7172 94406
7173 94418
7174 94440
7175 94448
7176 94450
7177 94465
7178 94467
7179 94470
7180 94472
7181 94509
7182 94511
7183 94523
7184 94526
7185 94528
7186 94550
7187 94553
7188 94555
7189 94570
7190 94575
7191 94577
7192 94589
7193 94619
7194 94621
7195 94636
7196 94638
7197 94641
7198 94643
7199 94658
7200 94660
7201 94685
7202 94687
7203 94795
7204 94797
7205 94809
7206 94812
7207 94814
7208 94831
7209 94834
7210 94836
7211 94856
7212 94858
7213 94897
7214 94922
7215 94924
7216 94936
7217 94939
7218 94941
7219 94980
7220 95005
7221 95007
7222 95027
7223 95029
7224 95049
7225 95051
7226 95068
7227 95071
7228 95073
7229 95115
7230 95117
7231 95134
7232 95159
7233 95161
7234 95203
7235 95205
7236 95217
7237 95220
7238 95222
7239 95239
7240 95242
7241 95244
7242 95264
7243 95266
7244 95305
7245 95352
7246 95354
7247 95374
7248 95376
7249 95432
7250 95435
7251 95437
7252 95479
7253 95481
7254 95498
7255 95528
7256 95530
7257 95542
7258 95564
7259 95589
7260 95591
7261 95616
7262 95618
7263 95630
7264 95647
7265 95650
7266 95655
7267 95657
7268 95669
7269 95672
7270 95674
7271 95694
7272 95696
7273 95718
7274 95738
7275 95740
7276 95757
7277 95760
7278 95762
7279 95801
7280 95826
7281 95828
7282 95848
7283 95850
7284 95867
7285 95889
7286 95892
7287 95894
7288 95914
7289 95916
7290 95955
7291 95972
7292 95975
7293 95977
7294 96002
7295 96004
7296 96019
7297 96021
7298 96038
7299 96068
7300 96070
7301 96085
7302 96087
7303 96107
7304 96109
7305 96143
7306 96146
7307 96148
7308 96170
7309 96173
7310 96175
7311 96190
7312 96192
7313 96212
7314 96214
7315 96231
7316 96234
7317 96236
7318 96253
7319 96256
7320 96258
7321 96278
7322 96280
7323 96322
7324 96324
7325 96402
7326 96405
7327 96410
7328 96412
7329 96449
7330 96451
7331 96454
7332 96456
7333 96468
7334 96476
7335 96478
7336 96490
7337 96493
7338 96495
7339 96515
7340 96517
7341 96542
7342 96544
7343 96556
7344 96586
7345 96588
7346 96603
7347 96605
7348 96622
7349 96644
7350 96647
7351 96649
7352 96661
7353 96664
7354 96666
7355 96688
7356 96705
7357 96727
7358 96752
7359 96754
7360 96771
7361 96793
7362 96818
7363 96820
7364 96859
7365 96881
7366 96884
7367 96886
7368 96898
7369 96901
7370 96903
7371 96925
7372 96945
7373 96947
7374 96967
7375 96969
7376 97038
7377 97040
7378 97074
7379 97077
7380 97079
7381 97121
7382 97123
7383 97140
7384 97187
7385 97189
7386 97209
7387 97211
7388 97245
7389 97248
7390 97250
7391 97289
7392 97314
7393 97316
7394 97336
7395 97338
7396 97341
7397 97343
7398 97358
7399 97360
7400 97429
7401 97431
7402 97443
7403 97446
7404 97448
7405 97465
7406 97468
7407 97470
7408 97490
7409 97492
7410 97504
7411 97507
7412 97509
7413 97531
7414 97551
7415 97553
7416 97570
7417 97592
7418 97595
7419 97597
7420 97614
7421 97666
7422 97668
7423 97680
7424 97727
7425 97729
7426 97732
7427 97734
7428 97749
7429 97751
7430 97807
7431 97810
7432 97812
7433 97834
7434 97837
7435 97839
7436 97851
7437 97873
7438 97898
7439 97900
7440 97942
7441 97944
7442 97956
7443 97959
7444 97961
7445 97978
7446 97981
7447 97983
7448 98003
7449 98008
7450 98010
7451 98047
7452 98049
7453 98071
7454 98074
7455 98076
7456 98096
7457 98098
7458 98140
7459 98142
7460 98162
7461 98164
7462 98184
7463 98186
7464 98206
7465 98208
7466 98220
7467 98223
7468 98225
7469 98264
7470 98286
7471 98303
7472 98306
7473 98325
7474 98328
7475 98330
7476 98350
7477 98352
7478 98369
7479 98394
7480 98396
7481 98416
7482 98418
7483 98438
7484 98440
7485 98457
7486 98460
7487 98462
7488 98501
7489 98523
7490 98545
7491 98606
7492 98609
7493 98611
7494 98653
7495 98655
7496 98675
7497 98677
7498 98702
7499 98704
7500 98738
7501 98741
7502 98743
7503 98785
7504 98787
7505 98804
7506 98843
7507 98846
7508 98848
7509 98873
7510 98875
7511 98890
7512 98892
7513 98909
7514 98956
7515 98958
7516 98978
7517 98980
7518 99005
7519 99007
7520 99107
7521 99110
7522 99112
7523 99124
7524 99127
7525 99129
7526 99154
7527 99156
7528 99171
7529 99173
7530 99190
7531 99220
7532 99222
7533 99237
7534 99239
7535 99259
7536 99261
7537 99278
7538 99281
7539 99283
7540 99322
7541 99344
7542 99369
7543 99371
7544 99413
7545 99415
7546 99427
7547 99430
7548 99432
7549 99471
7550 99496
7551 99498
7552 99515
7553 99523
7554 99525
7555 99540
7556 99542
7557 99562
7558 99564
7559 99584
7560 99586
7561 99625
7562 99628
7563 99630
7564 99672
7565 99674
7566 99694
7567 99696
7568 99752
7569 99755
7570 99757
7571 99774
7572 99777
7573 99779
7574 99799
7575 99801
7576 99843
7577 99845
7578 99862
7579 99865
7580 99867
7581 99909
7582 99911
7583 99931
7584 99933
7585 100085
7586 100087
7587 100107
7588 100109
7589 100121
7590 100124
7591 100126
7592 100143
7593 100146
7594 100148
7595 100168
7596 100170
7597 100187
7598 100209
7599 100226
7600 100229
7601 100231
7602 100273
7603 100275
7604 100295
7605 100297
7606 100322
7607 100324
7608 100366
7609 100368
7610 100380
7611 100383
7612 100385
7613 100402
7614 100405
7615 100407
7616 100427
7617 100429
7618 100446
7619 100468
7620 100493
7621 100495
7622 100559
7623 100561
7624 100639
7625 100642
7626 100644
7627 100686
7628 100688
7629 100700
7630 100703
7631 100747
7632 100749
7633 100752
7634 100754
7635 100769
7636 100771
7637 100774
7638 100776
7639 100796
7640 100798
7641 100810
7642 100813
7643 100815
7644 100840
7645 100842
7646 100854
7647 100879
7648 100881
7649 100901
7650 100903
7651 100923
7652 100925
7653 100942
7654 100945
7655 100947
7656 100989
7657 100991
7658 101003
7659 101006
7660 101008
7661 101050
7662 101052
7663 101069
7664 101099
7665 101101
7666 101116
7667 101118
7668 101138
7669 101140
7670 101143
7671 101145
7672 101165
7673 101167
7674 101245
7675 101248
7676 101250
7677 101267
7678 101270
7679 101272
7680 101292
7681 101294
7682 101306
7683 101309
7684 101311
7685 101336
7686 101338
7687 101350
7688 101375
7689 101377
7690 101394
7691 101402
7692 101404
7693 101416
7694 101441
7695 101443
7696 101482
7697 101529
7698 101531
7699 101551
7700 101553
7701 101653
7702 101656
7703 101658
7704 101683
7705 101685
7706 101700
7707 101702
7708 101719
7709 101741
7710 101744
7711 101746
7712 101766
7713 101768
7714 101785
7715 101810
7716 101812
7717 101824
7718 101827
7719 101829
7720 101854
7721 101856
7722 101871
7723 101873
7724 101893
7725 101895
7726 101912
7727 101915
7728 101917
7729 101959
7730 101961
7731 101981
7732 101983
7733 102022
7734 102025
7735 102027
7736 102069
7737 102071
7738 102091
7739 102093
7740 102149
7741 102152
7742 102154
7743 102171
7744 102174
7745 102176
7746 102196
7747 102198
7748 102240
7749 102242
7750 102267
7751 102269
7752 102303
7753 102306
7754 102308
7755 102350
7756 102352
7757 102369
7758 102386
7759 102389
7760 102391
7761 102416
7762 102418
7763 102430
7764 102455
7765 102457
7766 102477
7767 102479
7768 102482
7769 102484
7770 102499
7771 102501
7772 102540
7773 102543
7774 102545
7775 102570
7776 102572
7777 102584
7778 102609
7779 102611
7780 102631
7781 102633
7782 102653
7783 102655
7784 102672
7785 102675
7786 102677
7787 102719
7788 102721
7789 102733
7790 102736
7791 102738
7792 102777
7793 102802
7794 102804
7795 102824
7796 102826
7797 102829
7798 102831
7799 102843
7800 102860
7801 102863
7802 102868
7803 102870
7804 102890
7805 102892
7806 102907
7807 102912
7808 102914
7809 102929
7810 103058
7811 103061
7812 103063
7813 103102
7814 103127
7815 103129
7816 103149
7817 103151
7818 103168
7819 103207
7820 103210
7821 103212
7822 103237
7823 103239
7824 103254
7825 103256
7826 103273
7827 103303
7828 103305
7829 103320
7830 103322
7831 103342
7832 103344
7833 103347
7834 103349
7835 103383
7836 103386
7837 103388
7838 103405
7839 103408
7840 103410
7841 103430
7842 103432
7843 103449
7844 103474
7845 103476
7846 103496
7847 103498
7848 103518
7849 103520
7850 103554
7851 103557
7852 103559
7853 103584
7854 103586
7855 103598
7856 103623
7857 103625
7858 103642
7859 103667
7860 103669
7861 103689
7862 103691
7863 103711
7864 103713
7865 103835
7866 103838
7867 103840
7868 103882
7869 103884
7870 103904
7871 103906
7872 103923
7873 103926
7874 103928
7875 103970
7876 103972
7877 103992
7878 103994
7879 104050
7880 104053
7881 104055
7882 104072
7883 104075
7884 104077
7885 104094
7886 104146
7887 104148
7888 104163
7889 104165
7890 104182
7891 104185
7892 104187
7893 104212
7894 104214
7895 104229
7896 104231
7897 104251
7898 104253
7899 104314
7900 104317
7901 104319
7902 104361
7903 104363
7904 104383
7905 104385
7906 104397
7907 104400
7908 104402
7909 104444
7910 104446
7911 104463
7912 104510
7913 104512
7914 104532
7915 104534
7916 104551
7917 104554
7918 104556
7919 104598
7920 104600
7921 104620
7922 104622
7923 104730
7924 104732
7925 104752
7926 104754
7927 104761
7928 104764
7929 104769
7930 104771
7931 104788
7932 104791
7933 104793
7934 104808
7935 104810
7936 104813
7937 104815
7938 104830
7939 104835
7940 104837
7941 104854
7942 104879
7943 104881
7944 104901
7945 104903
7946 104923
7947 104925
7948 104981
7949 104984
7950 104986
7951 105011
7952 105013
7953 105028
7954 105030
7955 105047
7956 105069
7957 105072
7958 105074
7959 105091
7960 105113
7961 105182
7962 105184
7963 105196
7964 105199
7965 105201
7966 105240
7967 105262
7968 105287
7969 105289
7970 105292
7971 105294
7972 105314
7973 105316
7974 105328
7975 105375
7976 105377
7977 105394
7978 105416
7979 105419
7980 105421
7981 105477
7982 105480
7983 105482
7984 105524
7985 105526
7986 105546
7987 105548
7988 105565
7989 105568
7990 105570
7991 105587
7992 105590
7993 105592
7994 105612
7995 105614
7996 105631
7997 105653
7998 105678
7999 105680
8000 105722
8001 105724
8002 105744
8003 105746
8004 105788
8005 105790
8006 105846
8007 105849
8008 105851
8009 105890
8010 105915
8011 105917
8012 105929
8013 105932
8014 105934
8015 105959
8016 105961
8017 105976
8018 105978
8019 105998
8020 106000
8021 106025
8022 106027
8023 106083
8024 106086
8025 106088
8026 106130
8027 106132
8028 106152
8029 106154
8030 106364
8031 106367
8032 106369
8033 106394
8034 106396
8035 106411
8036 106413
8037 106430
8038 106477
8039 106479
8040 106496
8041 106543
8042 106545
8043 106565
8044 106567
8045 106601
8046 106604
8047 106606
8048 106631
8049 106633
8050 106645
8051 106670
8052 106672
8053 106692
8054 106694
8055 106714
8056 106716
8057 106772
8058 106775
8059 106777
8060 106819
8061 106821
8062 106838
8063 106868
8064 106870
8065 106882
8066 106907
8067 106909
8068 106929
8069 106931
8070 106934
8071 106936
8072 106951
8073 106953
8074 107036
8075 107039
8076 107041
8077 107075
8078 107078
8079 107080
8080 107105
8081 107107
8082 107122
8083 107124
8084 107144
8085 107146
8086 107215
8087 107217
8088 107237
8089 107239
8090 107251
8091 107254
8092 107256
8093 107298
8094 107300
8095 107317
8096 107339
8097 107356
8098 107359
8099 107361
8100 107400
8101 107425
8102 107427
8103 107444
8104 107452
8105 107454
8106 107469
8107 107471
8108 107483
8109 107486
8110 107510
8111 107530
8112 107532
8113 107535
8114 107537
8115 107552
8116 107557
8117 107559
8118 107576
8119 107601
8120 107603
8121 107615
8122 107618
8123 107620
8124 107645
8125 107647
8126 107659
8127 107681
8128 107703
8129 107711
8130 107713
8131 107725
8132 107733
8133 107735
8134 107755
8135 107757
8136 107769
8137 107794
8138 107796
8139 107813
8140 107835
8141 107857
8142 107918
8143 107921
8144 107923
8145 107940
8146 107943
8147 107945
8148 107965
8149 107967
8150 108006
8151 108028
8152 108031
8153 108033
8154 108050
8155 108072
8156 108094
8157 108155
8158 108158
8159 108160
8160 108202
8161 108204
8162 108224
8163 108226
8164 108251
8165 108253
8166 108282
8167 108285
8168 108290
8169 108292
8170 108317
8171 108319
8172 108329
8173 108331
8174 108334
8175 108336
8176 108348
8177 108356
8178 108358
8179 108378
8180 108380
8181 108395
8182 108397
8183 108417
8184 108436
8185 108439
8186 108441
8187 108458
8188 108461
8189 108463
8190 108480
8191 108524
8192 108549
8193 108551
8194 108571
8195 108573
8196 108576
8197 108578
8198 108593
8199 108595
8200 108612
8201 108615
8202 108617
8203 108656
8204 108678
8205 108703
8206 108705
8207 108739
8208 108742
8209 108744
8210 108786
8211 108788
8212 108805
8213 108835
8214 108837
8215 108849
8216 108871
8217 108896
8218 108898
8219 108915
8220 108937
8221 108954
8222 108957
8223 108959
8224 108998
8225 109023
8226 109025
8227 109042
8228 109050
8229 109052
8230 109067
8231 109069
8232 109081
8233 109084
8234 109108
8235 109128
8236 109130
8237 109133
8238 109135
8239 109150
8240 109155
8241 109157
8242 109174
8243 109199
8244 109201
8245 109221
8246 109223
8247 109243
8248 109245
8249 109265
8250 109267
8251 109279
8252 109282
8253 109284
8254 109326
8255 109328
8256 109345
8257 109367
8258 109370
8259 109372
8260 109389
8261 109450
8262 109453
8263 109455
8264 109497
8265 109499
8266 109516
8267 109546
8268 109548
8269 109560
8270 109585
8271 109587
8272 109604
8273 109612
8274 109614
8275 109629
8276 109631
8277 109651
8278 109653
8279 109673
8280 109675
8281 109714
8282 109717
8283 109719
8284 109761
8285 109763
8286 109775
8287 109778
8288 109780
8289 109797
8290 109800
8291 109802
8292 109822
8293 109824
8294 109863
8295 109880
8296 109883
8297 109888
8298 109890
8299 109910
8300 109912
8301 109915
8302 109917
8303 109927
8304 109929
8305 109949
8306 109976
8307 109978
8308 109998
8309 110000
8310 110017
8311 110020
8312 110022
8313 110078
8314 110081
8315 110083
8316 110122
8317 110147
8318 110149
8319 110169
8320 110171
8321 110174
8322 110176
8323 110188
8324 110210
8325 110213
8326 110215
8327 110235
8328 110237
8329 110254
8330 110276
8331 110293
8332 110296
8333 110298
8334 110340
8335 110342
8336 110359
8337 110406
8338 110408
8339 110428
8340 110430
8341 110447
8342 110450
8343 110452
8344 110464
8345 110467
8346 110469
8347 110494
8348 110496
8349 110511
8350 110533
8351 110535
8352 110582
8353 110584
8354 110596
8355 110599
8356 110601
8357 110618
8358 110621
8359 110623
8360 110643
8361 110645
8362 110684
8363 110714
8364 110716
8365 110731
8366 110733
8367 110750
8368 110789
8369 110792
8370 110794
8371 110811
8372 110814
8373 110836
8374 110838
8375 110855
8376 110880
8377 110882
8378 110902
8379 110904
8380 110921
8381 110968
8382 110970
8383 110987
8384 111034
8385 111036
8386 111053
8387 111100
8388 111102
8389 111114
8390 111117
8391 111119
8392 111161
8393 111163
8394 111183
8395 111185
8396 111202
8397 111205
8398 111207
8399 111249
8400 111251
8401 111271
8402 111273
8403 111298
8404 111300
8405 111329
8406 111332
8407 111337
8408 111339
8409 111376
8410 111378
8411 111381
8412 111383
8413 111395
8414 111400
8415 111417
8416 111420
8417 111422
8418 111442
8419 111444
8420 111483
8421 111513
8422 111515
8423 111530
8424 111532
8425 111549
8426 111557
8427 111559
8428 111571
8429 111574
8430 111576
8431 111588
8432 111591
8433 111615
8434 111632
8435 111637
8436 111657
8437 111679
8438 111681
8439 111698
8440 111720
8441 111723
8442 111725
8443 111745
8444 111747
8445 111786
8446 111803
8447 111806
8448 111808
8449 111830
8450 111850
8451 111872
8452 111874
8453 111896
8454 111921
8455 111923
8456 111965
8457 111967
8458 112001
8459 112004
8460 112006
8461 112023
8462 112026
8463 112028
8464 112048
8465 112050
8466 112067
8467 112092
8468 112094
8469 112106
8470 112109
8471 112111
8472 112136
8473 112138
8474 112150
8475 112172
8476 112197
8477 112199
8478 112202
8479 112204
8480 112241
8481 112243
8482 112260
8483 112263
8484 112265
8485 112290
8486 112292
8487 112307
8488 112309
8489 112326
8490 112373
8491 112375
8492 112392
8493 112431
8494 112434
8495 112436
8496 112453
8497 112456
8498 112458
8499 112478
8500 112480
8501 112522
8502 112524
8503 112541
8504 112544
8505 112546
8506 112563
8507 112566
8508 112568
8509 112588
8510 112590
8511 112629
8512 112676
8513 112678
8514 112698
8515 112700
8516 112734
8517 112737
8518 112739
8519 112778
8520 112800
8521 112825
8522 112827
8523 112830
8524 112832
8525 112866
8526 112905
8527 112908
8528 112910
8529 112932
8530 112949
8531 112971
8532 112996
8533 112998
8534 113015
8535 113023
8536 113025
8537 113037
8538 113059
8539 113089
8540 113091
8541 113103
8542 113128
8543 113130
8544 113142
8545 113145
8546 113147
8547 113169
8548 113189
8549 113194
8550 113196
8551 113211
8552 113213
8553 113238
8554 113240
8555 113260
8556 113262
8557 113274
8558 113277
8559 113279
8560 113321
8561 113323
8562 113340
8563 113387
8564 113389
8565 113409
8566 113411
8567 113428
8568 113431
8569 113433
8570 113475
8571 113477
8572 113497
8573 113499
8574 113695
8575 113697
8576 113704
8577 113707
8578 113709
8579 113726
8580 113729
8581 113734
8582 113736
8583 113751
8584 113753
8585 113778
8586 113780
8587 113792
8588 113797
8589 113822
8590 113824
8591 113839
8592 113841
8593 113858
8594 113880
8595 113883
8596 113885
8597 113905
8598 113907
8599 113924
8600 113949
8601 113951
8602 113968
8603 113993
8604 113995
8605 114015
8606 114017
8607 114029
8608 114032
8609 114073
8610 114081
8611 114083
8612 114098
8613 114100
8614 114103
8615 114105
8616 114120
8617 114122
8618 114139
8619 114161
8620 114164
8621 114166
8622 114183
8623 114205
8624 114274
8625 114276
8626 114310
8627 114313
8628 114315
8629 114332
8630 114335
8631 114337
8632 114357
8633 114359
8634 114401
8635 114403
8636 114420
8637 114423
8638 114425
8639 114442
8640 114445
8641 114447
8642 114467
8643 114469
8644 114511
8645 114513
8646 114525
8647 114528
8648 114530
8649 114569
8650 114594
8651 114596
8652 114616
8653 114618
8654 114621
8655 114623
8656 114638
8657 114640
8658 114657
8659 114660
8660 114662
8661 114704
8662 114706
8663 114723
8664 114770
8665 114772
8666 114792
8667 114794
8668 114797
8669 114799
8670 114828
8671 114831
8672 114836
8673 114838
8674 114875
8675 114877
8676 114880
8677 114882
8678 114897
8679 114916
8680 114919
8681 114921
8682 114938
8683 114941
8684 114943
8685 114960
8686 114982
8687 115051
8688 115053
8689 115065
8690 115068
8691 115073
8692 115075
8693 115087
8694 115090
8695 115092
8696 115112
8697 115114
8698 115117
8699 115119
8700 115131
8701 115136
8702 115156
8703 115158
8704 115178
8705 115180
8706 115197
8707 115244
8708 115246
8709 115266
8710 115268
8711 115324
8712 115327
8713 115329
8714 115368
8715 115393
8716 115395
8717 115412
8718 115420
8719 115422
8720 115437
8721 115439
8722 115459
8723 115461
8724 115481
8725 115483
8726 115522
8727 115525
8728 115527
8729 115569
8730 115571
8731 115591
8732 115593
8733 115662
8734 115664
8735 115671
8736 115674
8737 115676
8738 115698
8739 115701
8740 115703
8741 115715
8742 115737
8743 115762
8744 115767
8745 115769
8746 115806
8747 115808
8748 115833
8749 115835
8750 115886
8751 115889
8752 115891
8753 115933
8754 115938
8755 115940
8756 115952
8757 115999
8758 116018
8759 116026
8760 116028
8761 116048
8762 116050
8763 116065
8764 116067
8765 116084
8766 116128
8767 116150
8768 116172
8769 116189
8770 116192
8771 116194
8772 116211
8773 116214
8774 116216
8775 116233
8776 116277
8777 116299
8778 116321
8779 116329
8780 116331
8781 116351
8782 116353
8783 116390
8784 116392
8785 116417
8786 116419
8787 116431
8788 116434
8789 116436
8790 116478
8791 116480
8792 116492
8793 116495
8794 116497
8795 116519
8796 116522
8797 116524
8798 116536
8799 116558
8800 116580
8801 116602
8802 116632
8803 116634
8804 116671
8805 116673
8806 116734
8807 116737
8808 116739
8809 116756
8810 116759
8811 116761
8812 116781
8813 116783
8814 116825
8815 116827
8816 116839
8817 116842
8818 116844
8819 116869
8820 116871
8821 116883
8822 116908
8823 116910
8824 116927
8825 116952
8826 116954
8827 116966
8828 116969
8829 116996
8830 116998
8831 117013
8832 117015
8833 117018
8834 117020
8835 117035
8836 117037
8837 117040
8838 117042
8839 117062
8840 117064
8841 117150
8842 117152
8843 117186
8844 117189
8845 117191
8846 117208
8847 117211
8848 117213
8849 117233
8850 117235
8851 117252
8852 117277
8853 117279
8854 117299
8855 117301
8856 117321
8857 117323
8858 117409
8859 117411
8860 117445
8861 117448
8862 117450
8863 117489
8864 117511
8865 117536
8866 117538
8867 117580
8868 117582
8869 117594
8870 117597
8871 117599
8872 117641
8873 117643
8874 117660
8875 117690
8876 117692
8877 117707
8878 117709
8879 117726
8880 117734
8881 117736
8882 117748
8883 117751
8884 117753
8885 117770
8886 117792
8887 117831
8888 117834
8889 117861
8890 117863
8891 117875
8892 117883
8893 117885
8894 117897
8895 117922
8896 117924
8897 117927
8898 117929
8899 117966
8900 117968
8901 117985
8902 117988
8903 117990
8904 118007
8905 118010
8906 118012
8907 118032
8908 118034
8909 118073
8910 118112
8911 118115
8912 118117
8913 118142
8914 118144
8915 118156
8916 118178
8917 118203
8918 118205
8919 118208
8920 118210
8921 118222
8922 118230
8923 118232
8924 118247
8925 118249
8926 118269
8927 118271
8928 118291
8929 118293
8930 118310
8931 118313
8932 118315
8933 118332
8934 118335
8935 118337
8936 118357
8937 118359
8938 118401
8939 118403
8940 118459
8941 118462
8942 118464
8943 118506
8944 118508
8945 118528
8946 118530
8947 118547
8948 118550
8949 118552
8950 118569
8951 118572
8952 118574
8953 118594
8954 118596
8955 118638
8956 118640
8957 118770
8958 118772
8959 118792
8960 118794
8961 118806
8962 118809
8963 118811
8964 118828
8965 118831
8966 118833
8967 118853
8968 118855
8969 118872
8970 118894
8971 118919
8972 118921
8973 118963
8974 118965
8975 118977
8976 118980
8977 118982
8978 118999
8979 119002
8980 119004
8981 119021
8982 119043
8983 119095
8984 119097
8985 119109
8986 119156
8987 119158
8988 119178
8989 119180
8990 119197
8991 119200
8992 119202
8993 119214
8994 119217
8995 119219
8996 119244
8997 119246
8998 119261
8999 119263
9000 119283
9001 119285
9002 119310
9003 119312
9004 119354
9005 119356
9006 119368
9007 119371
9008 119373
9009 119390
9010 119393
9011 119395
9012 119412
9013 119434
9014 119456
9015 119525
9016 119527
9017 119539
9018 119542
9019 119544
9020 119561
9021 119564
9022 119566
9023 119586
9024 119588
9025 119630
9026 119632
9027 119649
9028 119652
9029 119654
9030 119679
9031 119681
9032 119693
9033 119715
9034 119740
9035 119742
9036 119781
9037 119798
9038 119801
9039 119803
9040 119828
9041 119830
9042 119842
9043 119867
9044 119869
9045 119889
9046 119891
9047 119894
9048 119896
9049 119911
9050 119913
9051 119952
9052 119955
9053 119957
9054 119996
9055 120018
9056 120035
9057 120038
9058 120040
9059 120057
9060 120060
9061 120062
9062 120082
9063 120084
9064 120101
9065 120126
9066 120128
9067 120148
9068 120150
9069 120170
9070 120172
9071 120233
9072 120236
9073 120238
9074 120280
9075 120282
9076 120302
9077 120304
9078 120316
9079 120319
9080 120321
9081 120363
9082 120365
9083 120382
9084 120404
9085 120407
9086 120409
9087 120429
9088 120431
9089 120473
9090 120475
9091 120500
9092 120502
9093 120531
9094 120534
9095 120539
9096 120541
9097 120578
9098 120580
9099 120583
9100 120585
9101 120597
9102 120602
9103 120627
9104 120629
9105 120644
9106 120646
9107 120663
9108 120685
9109 120688
9110 120690
9111 120710
9112 120712
9113 120729
9114 120754
9115 120756
9116 120773
9117 120798
9118 120800
9119 120820
9120 120822
9121 120839
9122 120878
9123 120881
9124 120883
9125 120908
9126 120910
9127 120925
9128 120927
9129 120944
9130 120966
9131 120969
9132 120971
9133 120991
9134 120993
9135 121010
9136 121035
9137 121037
9138 121057
9139 121059
9140 121079
9141 121081
9142 121115
9143 121118
9144 121120
9145 121162
9146 121164
9147 121184
9148 121186
9149 121211
9150 121213
9151 121255
9152 121257
9153 121291
9154 121294
9155 121296
9156 121313
9157 121316
9158 121318
9159 121338
9160 121340
9161 121357
9162 121382
9163 121384
9164 121404
9165 121406
9166 121426
9167 121428
9168 121462
9169 121465
9170 121467
9171 121506
9172 121531
9173 121533
9174 121550
9175 121575
9176 121577
9177 121589
9178 121592
9179 121619
9180 121621
9181 121636
9182 121638
9183 121641
9184 121643
9185 121658
9186 121660
9187 121663
9188 121665
9189 121685
9190 121687
9191 121729
9192 121731
9193 121787
9194 121790
9195 121792
9196 121831
9197 121856
9198 121858
9199 121870
9200 121873
9201 121875
9202 121900
9203 121902
9204 121917
9205 121919
9206 121939
9207 121941
9208 121966
9209 121968
9210 121980
9211 121983
9212 121985
9213 122010
9214 122012
9215 122024
9216 122046
9217 122071
9218 122073
9219 122112
9220 122159
9221 122161
9222 122181
9223 122183
9224 122217
9225 122220
9226 122222
9227 122261
9228 122286
9229 122288
9230 122305
9231 122313
9232 122315
9233 122330
9234 122332
9235 122352
9236 122354
9237 122374
9238 122376
9239 122415
9240 122418
9241 122420
9242 122462
9243 122464
9244 122476
9245 122479
9246 122481
9247 122523
9248 122525
9249 122545
9250 122547
9251 122564
9252 122567
9253 122569
9254 122586
9255 122589
9256 122591
9257 122611
9258 122613
9259 122652
9260 122699
9261 122701
9262 122704
9263 122706
9264 122721
9265 122723
9266 122740
9267 122743
9268 122745
9269 122779
9270 122782
9271 122784
9272 122806
9273 122823
9274 122845
9275 122870
9276 122872
9277 122914
9278 122916
9279 122928
9280 122931
9281 122933
9282 122975
9283 122980
9284 122982
9285 122994
9286 123038
9287 123043
9288 123063
9289 123065
9290 123068
9291 123070
9292 123085
9293 123087
9294 123107
9295 123109
9296 123170
9297 123173
9298 123175
9299 123217
9300 123219
9301 123239
9302 123241
9303 123407
9304 123410
9305 123412
9306 123454
9307 123456
9308 123476
9309 123478
9310 123683
9311 123686
9312 123688
9313 123718
9314 123720
9315 123730
9316 123732
9317 123752
9318 123757
9319 123759
9320 123771
9321 123774
9322 123776
9323 123801
9324 123803
9325 123818
9326 123823
9327 123825
9328 123837
9329 123884
9330 123886
9331 123903
9332 123925
9333 123928
9334 123930
9335 123950
9336 123952
9337 123991
9338 124038
9339 124040
9340 124052
9341 124055
9342 124099
9343 124101
9344 124104
9345 124106
9346 124118
9347 124126
9348 124128
9349 124148
9350 124150
9351 124165
9352 124167
9353 124184
9354 124192
9355 124194
9356 124206
9357 124209
9358 124211
9359 124231
9360 124233
9361 124250
9362 124275
9363 124277
9364 124294
9365 124319
9366 124321
9367 124333
9368 124336
9369 124338
9370 124355
9371 124358
9372 124360
9373 124380
9374 124382
9375 124399
9376 124424
9377 124426
9378 124443
9379 124468
9380 124470
9381 124487
9382 124512
9383 124514
9384 124531
9385 124556
9386 124558
9387 124578
9388 124580
9389 124600
9390 124602
9391 124636
9392 124639
9393 124641
9394 124666
9395 124668
9396 124680
9397 124705
9398 124707
9399 124727
9400 124729
9401 124732
9402 124734
9403 124749
9404 124751
9405 124834
9406 124837
9407 124839
9408 124864
9409 124866
9410 124881
9411 124883
9412 124895
9413 124898
9414 124942
9415 124944
9416 124947
9417 124949
9418 124961
9419 124966
9420 125008
9421 125010
9422 125030
9423 125032
9424 125049
9425 125052
9426 125054
9427 125071
9428 125074
9429 125076
9430 125096
9431 125098
9432 125137
9433 125184
9434 125186
9435 125198
9436 125201
9437 125245
9438 125247
9439 125250
9440 125252
9441 125264
9442 125272
9443 125274
9444 125294
9445 125296
9446 125308
9447 125330
9448 125352
9449 125374
9450 125396
9451 125413
9452 125416
9453 125418
9454 125435
9455 125438
9456 125440
9457 125457
9458 125526
9459 125528
9460 125531
9461 125533
9462 125545
9463 125548
9464 125550
9465 125589
9466 125611
9467 125636
9468 125638
9469 125680
9470 125682
9471 125694
9472 125697
9473 125699
9474 125716
9475 125719
9476 125721
9477 125738
9478 125782
9479 125804
9480 125812
9481 125814
9482 125829
9483 125831
9484 125834
9485 125836
9486 125848
9487 125856
9488 125858
9489 125873
9490 125875
9491 125892
9492 125914
9493 125936
9494 125958
9495 126027
9496 126029
9497 126063
9498 126066
9499 126068
9500 126085
9501 126088
9502 126090
9503 126107
9504 126151
9505 126173
9506 126195
9507 126234
9508 126237
9509 126239
9510 126256
9511 126259
9512 126261
9513 126281
9514 126283
9515 126300
9516 126325
9517 126327
9518 126347
9519 126349
9520 126366
9521 126413
9522 126415
9523 126435
9524 126437
9525 126471
9526 126474
9527 126476
9528 126493
9529 126496
9530 126498
9531 126515
9532 126537
9533 126567
9534 126569
9535 126603
9536 126611
9537 126613
9538 126633
9539 126635
9540 126647
9541 126655
9542 126657
9543 126672
9544 126674
9545 126691
9546 126713
9547 126730
9548 126733
9549 126757
9550 126777
9551 126779
9552 126799
9553 126801
9554 126840
9555 126843
9556 126845
9557 126870
9558 126872
9559 126884
9560 126909
9561 126911
9562 126928
9563 126950
9564 126975
9565 126977
9566 126994
9567 127019
9568 127021
9569 127033
9570 127036
9571 127038
9572 127063
9573 127065
9574 127077
9575 127099
9576 127121
9577 127129
9578 127131
9579 127143
9580 127151
9581 127153
9582 127187
9583 127195
9584 127197
9585 127209
9586 127234
9587 127236
9588 127253
9589 127278
9590 127280
9591 127297
9592 127322
9593 127324
9594 127344
9595 127346
9596 127366
9597 127368
9598 127446
9599 127449
9600 127451
9601 127490
9602 127515
9603 127517
9604 127529
9605 127532
9606 127559
9607 127561
9608 127573
9609 127581
9610 127583
9611 127598
9612 127600
9613 127603
9614 127605
9615 127620
9616 127622
9617 127625
9618 127627
9619 127642
9620 127644
9621 127727
9622 127730
9623 127732
9624 127774
9625 127776
9626 127796
9627 127798
9628 127920
9629 127923
9630 127925
9631 127942
9632 127945
9633 127947
9634 127964
9635 128033
9636 128035
9637 128060
9638 128062
9639 128096
9640 128099
9641 128101
9642 128143
9643 128145
9644 128157
9645 128160
9646 128179
9647 128182
9648 128184
9649 128201
9650 128209
9651 128211
9652 128231
9653 128233
9654 128253
9655 128255
9656 128267
9657 128289
9658 128292
9659 128294
9660 128311
9661 128355
9662 128380
9663 128382
9664 128394
9665 128397
9666 128424
9667 128426
9668 128438
9669 128446
9670 128448
9671 128463
9672 128465
9673 128468
9674 128470
9675 128485
9676 128487
9677 128490
9678 128492
9679 128507
9680 128509
9681 128578
9682 128580
9683 128600
9684 128602
9685 128614
9686 128617
9687 128619
9688 128636
9689 128639
9690 128641
9691 128661
9692 128663
9693 128680
9694 128702
9695 128727
9696 128729
9697 128771
9698 128773
9699 128785
9700 128788
9701 128790
9702 128815
9703 128817
9704 128832
9705 128834
9706 128854
9707 128856
9708 128939
9709 128942
9710 128944
9711 128969
9712 128971
9713 128986
9714 128988
9715 129005
9716 129071
9717 129096
9718 129098
9719 129110
9720 129113
9721 129115
9722 129132
9723 129135
9724 129137
9725 129154
9726 129198
9727 129223
9728 129225
9729 129237
9730 129240
9731 129267
9732 129269
9733 129281
9734 129289
9735 129291
9736 129303
9737 129308
9738 129328
9739 129330
9740 129333
9741 129335
9742 129355
9743 129357
9744 129372
9745 129374
9746 129399
9747 129401
9748 129457
9749 129460
9750 129462
9751 129501
9752 129526
9753 129528
9754 129540
9755 129543
9756 129545
9757 129570
9758 129572
9759 129587
9760 129589
9761 129609
9762 129611
9763 129636
9764 129638
9765 129694
9766 129697
9767 129699
9768 129741
9769 129743
9770 129763
9771 129765
9772 129777
9773 129780
9774 129782
9775 129824
9776 129826
9777 129846
9778 129848
9779 129873
9780 129875
9781 129917
9782 129919
9783 129953
9784 129956
9785 129958
9786 129983
9787 129985
9788 130000
9789 130002
9790 130022
9791 130024
9792 130085
9793 130088
9794 130090
9795 130110
9796 130112
9797 130132
9798 130134
9799 130168
9800 130171
9801 130173
9802 130215
9803 130217
9804 130234
9805 130281
9806 130283
9807 130303
9808 130305
9809 130322
9810 130325
9811 130327
9812 130369
9813 130371
9814 130391
9815 130393
9816 130449
9817 130452
9818 130454
9819 130493
9820 130518
9821 130520
9822 130532
9823 130535
9824 130537
9825 130562
9826 130564
9827 130576
9828 130601
9829 130603
9830 130623
9831 130625
9832 130628
9833 130630
9834 130645
9835 130647
9836 130708
9837 130711
9838 130713
9839 130755
9840 130757
9841 130777
9842 130779
9843 130804
9844 130806
9845 130835
9846 130838
9847 130843
9848 130845
9849 130882
9850 130884
9851 130887
9852 130889
9853 130904
9854 130923
9855 130926
9856 130928
9857 130945
9858 130948
9859 130950
9860 130967
9861 130989
9862 131041
9863 131043
9864 131058
9865 131060
9866 131085
9867 131087
9868 131121
9869 131124
9870 131126
9871 131168
9872 131170
9873 131187
9874 131234
9875 131236
9876 131256
9877 131258
9878 131292
9879 131295
9880 131297
9881 131314
9882 131317
9883 131319
9884 131336
9885 131380
9886 131405
9887 131407
9888 131419
9889 131422
9890 131449
9891 131451
9892 131463
9893 131471
9894 131473
9895 131488
9896 131490
9897 131493
9898 131495
9899 131510
9900 131512
9901 131532
9902 131534
9903 131551
9904 131554
9905 131556
9906 131598
9907 131600
9908 131620
9909 131622
9910 131678
9911 131681
9912 131683
9913 131700
9914 131703
9915 131705
9916 131725
9917 131727
9918 131766
9919 131788
9920 131791
9921 131793
9922 131810
9923 131832
9924 131901
9925 131903
9926 131928
9927 131930
9928 131964
9929 131967
9930 131969
9931 131981
9932 131984
9933 131986
9934 132011
9935 132013
9936 132025
9937 132030
9938 132047
9939 132069
9940 132099
9941 132101
9942 132113
9943 132130
9944 132133
9945 132152
9946 132155
9947 132157
9948 132177
9949 132179
9950 132204
9951 132206
9952 132221
9953 132223
9954 132248
9955 132250
9956 132267
9957 132292
9958 132294
9959 132314
9960 132316
9961 132372
9962 132375
9963 132377
9964 132394
9965 132397
9966 132399
9967 132416
9968 132433
9969 132436
9970 132455
9971 132458
9972 132460
9973 132480
9974 132482
9975 132507
9976 132509
9977 132521
9978 132551
9979 132553
9980 132565
9981 132573
9982 132575
9983 132590
9984 132592
9985 132595
9986 132597
9987 132612
9988 132614
9989 132617
9990 132619
9991 132634
9992 132636
9993 132675
9994 132678
9995 132680
9996 132697
9997 132700
9998 132702
9999 132719
10000 132788







