1 2
2 5
3 17
4 37
5 101
6 197
7 257
8 401
9 577
10 677
11 1297
12 1601
13 2917
14 3137
15 4357
16 5477
17 7057
18 8101
19 8837
20 12101
21 13457
22 14401
23 15377
24 15877
25 16901
26 17957
27 21317
28 22501
29 24337
30 25601
31 28901
32 30977
33 32401
34 33857
35 41617
36 42437
37 44101
38 50177
39 52901
40 55697
41 57601
42 62501
43 65537
44 67601
45 69697
46 72901
47 78401
48 80657
49 90001
50 93637
51 98597
52 106277
53 115601
54 122501
55 147457
56 148997
57 156817
58 160001
59 164837
60 176401
61 184901
62 190097
63 193601
64 197137
65 215297
66 217157
67 220901
68 224677
69 240101
70 246017
71 287297
72 295937
73 309137
74 324901
75 331777
76 341057
77 352837
78 401957
79 404497
80 414737
81 417317
82 427717
83 454277
84 462401
85 470597
86 476101
87 484417
88 490001
89 495617
90 509797
91 512657
92 547601
93 562501
94 577601
95 583697
96 608401
97 614657
98 665857
99 682277
100 739601
101 746497
102 792101
103 820837
104 828101
105 846401
106 864901
107 876097
108 894917
109 902501
110 921601
111 933157
112 972197
113 1008017
114 1020101
115 1073297
116 1110917
117 1123601
118 1136357
119 1144901
120 1166401
121 1196837
122 1201217
123 1223237
124 1263377
125 1299601
126 1308737
127 1313317
128 1322501
129 1336337
130 1378277
131 1382977
132 1401857
133 1464101
134 1547537
135 1552517
136 1623077
137 1628177
138 1664101
139 1674437
140 1705637
141 1726597
142 1731857
143 1742401
144 1752977
145 1795601
146 1822501
147 1833317
148 1865957
149 1887877
150 1893377
151 1943237
152 1976837
153 1988101
154 2005057
155 2016401
156 2044901
157 2056357
158 2073601
159 2119937
160 2131601
161 2232037
162 2262017
163 2322577
164 2390117
165 2402501
166 2421137
167 2446097
168 2452357
169 2464901
170 2483777
171 2496401
172 2515397
173 2604997
174 2611457
175 2689601
176 2702737
177 2735717
178 2755601
179 2768897
180 2802277
181 2808977
182 2835857
183 2842597
184 2890001
185 2944657
186 3013697
187 3083537
188 3118757
189 3147077
190 3182657
191 3204101
192 3218437
193 3297857
194 3326977
195 3422501
196 3459601
197 3496901
198 3519377
199 3549457
200 3587237
201 3648101
202 3686401
203 3763601
204 3857297
205 3865157
206 3880901
207 3896677
208 3920401
209 3960101
210 4024037
211 4104677
212 4137157
213 4202501
214 4218917
215 4227137
216 4260097
217 4301477
218 4326401
219 4343057
220 4351397
221 4384837
222 4393217
223 4435237
224 4477457
225 4494401
226 4519877
227 4562497
228 4639717
229 4726277
230 4884101
231 4946177
232 5107601
233 5134757
234 5225797
235 5262437
236 5308417
237 5336101
238 5354597
239 5382401
240 5410277
241 5428901
242 5456897
243 5541317
244 5569601
245 5664401
246 5779217
247 5788837
248 5856401
249 5904901
250 6022117
251 6031937
252 6051601
253 6071297
254 6100901
255 6230017
256 6330257
257 6421157
258 6431297
259 6502501
260 6604901
261 6635777
262 6728837
263 6760001
264 6780817
265 6885377
266 7001317
267 7043717
268 7096897
269 7107557
270 7160977
271 7203857
272 7290001
273 7322437
274 7452901
275 7485697
276 7540517
277 7584517
278 7617601
279 7650757
280 7672901
281 7706177
282 7728401
283 7806437
284 7862417
285 7974977
286 8031557
287 8042897
288 8122501
289 8202497
290 8271377
291 8317457
292 8352101
293 8386817
294 8410001
295 8503057
296 8549777
297 8561477
298 8608357
299 8667137
300 8761601
301 8785297
302 8844677
303 8916197
304 9096257
305 9156677
306 9278117
307 9326917
308 9449477
309 9572837
310 9647237
311 9672101
312 9821957
313 9834497
314 9859601
315 9960337
316 9985601
317 10074277
318 10137857
319 10214417
320 10265617
321 10329797
322 10368401
323 10497601
324 10536517
325 10588517
326 10666757
327 10719077
328 10758401
329 10824101
330 10916417
331 10929637
332 10982597
333 11062277
334 11115557
335 11155601
336 11222501
337 11262737
338 11289601
339 11383877
340 11492101
341 11806097
342 11874917
343 12068677
344 12110401
345 12180101
346 12278017
347 12362257
348 12390401
349 12460901
350 12489157
351 12503297
352 13133377
353 13278737
354 13322501
355 13395601
356 13468901
357 13586597
358 13808657
359 13912901
360 13942757
361 14032517
362 14092517
363 14107537
364 14167697
365 14243077
366 14258177
367 14318657
368 14364101
369 14394437
370 14440001
371 14485637
372 14638277
373 14822501
374 14976901
375 15085457
376 15132101
377 15163237
378 15210001
379 15288101
380 15397777
381 15570917
382 15729157
383 15872257
384 15952037
385 16048037
386 16192577
387 16208677
388 16273157
389 16370117
390 16451137
391 16564901
392 16646401
393 16695397
394 16924997
395 16974401
396 17007377
397 17106497
398 17139601
399 17189317
400 17255717
401 17272337
402 17388901
403 17422277
404 17438977
405 17472401
406 17505857
407 17690437
408 17859077
409 18062501
410 18147601
411 18198757
412 18438437
413 18490001
414 18576101
415 18748901
416 18800897
417 18835601
418 19044497
419 19061957
420 19096901
421 19131877
422 19219457
423 19395217
424 19448101
425 19483397
426 19749137
427 19855937
428 20016677
429 20124197
430 20214017
431 20286017
432 20340101
433 20466577
434 20520901
435 20557157
436 20611601
437 20738917
438 20848357
439 21068101
440 21160001
441 21196817
442 21215237
443 21288997
444 21307457
445 21566737
446 21622501
447 21771557
448 22090001
449 22127617
450 22240657
451 22335077
452 22410757
453 22429697
454 22600517
455 22848401
456 22886657
457 22905797
458 22982437
459 23001617
460 23367557
461 23522501
462 23775377
463 23872997
464 23951237
465 24049217
466 24108101
467 24206401
468 24364097
469 24443137
470 24542117
471 24561937
472 24900101
473 25040017
474 25140197
475 25160257
476 25300901
477 25441937
478 25542917
479 25563137
480 25765777
481 25806401
482 25867397
483 26214401
484 26275877
485 26563717
486 26728901
487 26790977
488 26832401
489 26977637
490 27040001
491 27081617
492 27311077
493 27415697
494 27520517
495 27604517
496 27625537
497 27709697
498 28026437
499 28132417
500 28238597
501 28515601
502 28558337
503 28729601
504 28836901
505 28987457
506 29203217
507 29376401
508 29419777
509 29484901
510 29658917
511 29877157
512 29964677
513 29986577
514 30096197
515 30140101
516 30250001
517 30316037
518 30360101
519 30514577
520 30647297
521 30802501
522 30913601
523 30958097
524 30980357
525 31069477
526 31181057
527 31203397
528 31248101
529 31584401
530 31990337
531 32080897
532 32490001
533 32604101
534 32764177
535 32787077
536 32878757
537 33131537
538 33177601
539 33339077
540 33686417
541 33802597
542 33918977
543 33988901
544 34035557
545 34222501
546 34292737
547 34409957
548 34503877
549 34527377
550 34574401
551 35164901
552 35331137
553 35521601
554 35569297
555 35640901
556 35808257
557 35880101
558 35952017
559 36072037
560 36120101
561 36192257
562 36360901
563 36554117
564 36723601
565 37161217
566 37332101
567 37454401
568 37527877
569 37576901
570 37625957
571 37699601
572 37896337
573 37994897
574 38019557
575 38142977
576 38316101
577 38638657
578 38688401
579 38862757
580 38887697
581 38937601
582 39112517
583 39262757
584 39765637
585 39866597
586 40195601
587 40322501
588 40449601
589 40525957
590 40960001
591 41216401
592 41396357
593 41731601
594 41990401
595 42432197
596 42640901
597 42719297
598 42771601
599 42850117
600 42902501
601 43243777
602 43428101
603 43612817
604 43744997
605 44036497
606 44169317
607 44943617
608 45024101
609 45077797
610 45212177
611 45346757
612 45751697
613 45914177
614 45968401
615 46022657
616 46049797
617 46240001
618 46321637
619 46566977
620 46594277
621 46922501
622 46977317
623 47141957
624 47251877
625 47389457
626 47748101
627 47969477
628 48024901
629 48219137
630 48385937
631 48580901
632 48720401
633 48776257
634 48860101
635 48944017
636 49140101
637 49196197
638 49224257
639 49617937
640 49702501
641 49928357
642 50410001
643 50608997
644 50836901
645 51122501
646 51265601
647 51322897
648 51696101
649 52070657
650 52417601
651 52475537
652 52707601
653 53085797
654 53348417
655 53523857
656 53670277
657 54228497
658 54523457
659 54819217
660 54908101
661 54967397
662 55056401
663 55264357
664 55591937
665 55651601
666 55741157
667 55860677
668 56100101
669 56310017
670 56490257
671 56550401
672 56610577
673 56791297
674 57002501
675 57699217
676 57820817
677 58125377
678 58614337
679 58890277
680 59536657
681 59598401
682 59814757
683 59969537
684 60124517
685 60372901
686 60435077
687 60528401
688 60777617
689 60902417
690 60933637
691 60996101
692 61152401
693 61402897
694 61685317
695 61716737
696 61842497
697 62504837
698 62568101
699 63107137
700 63138917
701 63297937
702 64224197
703 64480901
704 64545157
705 65028097
706 65286401
707 65610001
708 65836997
709 65869457
710 66814277
711 66846977
712 66912401
713 66977857
714 67141637
715 67174417
716 67338437
717 67404101
718 67667077
719 67732901
720 68128517
721 68392901
722 68724101
723 68823617
724 68956417
725 69288977
726 69722501
727 70157377
728 70324997
729 70896401
730 70963777
731 71132357
732 71470117
733 72250001
734 72931601
735 73102501
736 73170917
737 73547777
738 73685057
739 74132101
740 74407877
741 74545957
742 74926337
743 75168901
744 75342401
745 75411857
746 75585637
747 75794437
748 76038401
749 76562501
750 76737601
751 76983077
752 77158657
753 77193797
754 77264101
755 77721857
756 78251717
757 78393317
758 78783377
759 78854401
760 79103237
761 79923601
762 80353297
763 80532677
764 80568577
765 80928017
766 81000001
767 81180101
768 81288257
769 81360401
770 81432577
771 81830117
772 81974917
773 83174401
774 83247377
775 83283877
776 83795717
777 83978897
778 84272401
779 84713617
780 84897797
781 85377601
782 85488517
783 85747601
784 85858757
785 85932901
786 86044177
787 86118401
788 86378437
789 86676101
790 86750597
791 86936977
792 87160897
793 87235601
794 87534737
795 87871877
796 88096997
797 88472837
798 88811777
799 88849477
800 89000357
801 89038097
802 89491601
803 89756677
804 89794577
805 89984197
806 90136037
807 90630401
808 90820901
809 91126117
810 91278917
811 91470097
812 92083217
813 92160001
814 92736901
815 93122501
816 93431557
817 93508901
818 94012417
819 94361797
820 94556177
821 94945537
822 95257601
823 95452901
824 95765797
825 96118417
826 96157637
827 96550277
828 96904337
829 97219601
830 97495877
831 97535377
832 97614401
833 97891237
834 97930817
835 98010001
836 98089217
837 99121937
838 99400901
839 99600401
840 99720197
841 99800101
842 100120037
843 100280197
844 100320257
845 100480577
846 101002501
847 101123137
848 101485477
849 101687057
850 101727397
851 102333457
852 102535877
853 102616901
854 103022501
855 103225601
856 103347557
857 104366657
858 104857601
859 104980517
860 105185537
861 105472901
862 105596177
863 105760657
864 105966437
865 106584977
866 106626277
867 107122501
868 107329601
869 107661377
870 107827457
871 108451397
872 108493057
873 108659777
874 108701477
875 108784901
876 110040101
877 110334017
878 110376037
879 110586257
880 110670401
881 110880901
882 111302501
883 111429137
884 111513601
885 111936401
886 112232837
887 112656997
888 113081957
889 113209601
890 113507717
891 113763557
892 113934277
893 114276101
894 114490001
895 115047077
896 115218757
897 115433537
898 115863697
899 115992901
900 116208401
901 116294657
902 116424101
903 116553617
904 116726417
905 116942597
906 117418897
907 117505601
908 117592337
909 117635717
910 117809317
911 118069957
912 118592101
913 118679237
914 118722817
915 119115397
916 119596097
917 120121601
918 120253157
919 120340901
920 120648257
921 121220101
922 121528577
923 121572677
924 121749157
925 122235137
926 122633477
927 122677777
928 123121217
929 123565457
930 123876901
931 124411717
932 124768901
933 125440001
934 125529617
935 126247697
936 126427537
937 126472517
938 126697537
939 127012901
940 127373797
941 128142401
942 128368901
943 128504897
944 128731717
945 128822501
946 129140497
947 129367877
948 129960001
949 130051217
950 130325057
951 130782097
952 131239937
953 131790401
954 132572197
955 132710401
956 133633601
957 133772357
958 134235397
959 134467217
960 134560001
961 134792101
962 135163877
963 135722501
964 136282277
965 136422401
966 137358401
967 138062501
968 138438757
969 139004101
970 139240001
971 139334417
972 139476101
973 139570597
974 139617857
975 139948901
976 140801957
977 141276997
978 141467237
979 141848101
980 142181777
981 142420357
982 142706917
983 143280901
984 143520401
985 143760101
986 143904017
987 144000001
988 144336197
989 144384257
990 144576577
991 144865297
992 145443601
993 145540097
994 146023057
995 146168101
996 146264837
997 146313217
998 146894401
999 147039877
1000 147379601
1001 147476737
1002 147719717
1003 148449857
1004 148693637
1005 149181797
1006 149426177
1007 149670757
1008 150209537
1009 150700177
1010 151142437
1011 151290001
1012 151634597
1013 152127557
1014 152176897
1015 152374337
1016 152621317
1017 152670737
1018 152769601
1019 153412997
1020 153512101
1021 153660817
1022 153859217
1023 154157057
1024 154604357
1025 155002501
1026 155102117
1027 155251601
1028 155850257
1029 155900197
1030 156000101
1031 156400037
1032 157402117
1033 157854097
1034 158004901
1035 158508101
1036 159112997
1037 159264401
1038 159365377
1039 159516901
1040 159617957
1041 159668497
1042 160883857
1043 161137637
1044 161544101
1045 161900177
1046 162052901
1047 162409537
1048 162715537
1049 162919697
1050 162970757
1051 163226177
1052 164249857
1053 164352401
1054 164968337
1055 165225317
1056 165739877
1057 165791377
1058 165894401
1059 166306817
1060 166668101
1061 166926401
1062 167081477
1063 168065297
1064 168220901
1065 168636197
1066 170459137
1067 170668097
1068 170720357
1069 170981777
1070 171348101
1071 171610001
1072 171767237
1073 171872101
1074 172396901
1075 172554497
1076 173712401
1077 174874177
1078 175456517
1079 175668517
1080 175986757
1081 176199077
1082 176464657
1083 176517797
1084 177156101
1085 177848897
1086 178062337
1087 178222501
1088 178489601
1089 178917377
1090 179292101
1091 179399237
1092 180096401
1093 180364901
1094 180526097
1095 181333157
1096 181980101
1097 182412037
1098 182682257
1099 182790401
1100 183169157
1101 183494117
1102 183602501
1103 184307777
1104 185504401
1105 186322501
1106 186486337
1107 186595601
1108 186759557
1109 186978277
1110 187142401
1111 187306597
1112 188348177
1113 189172517
1114 189227537
1115 190053797
1116 190605637
1117 190992401
1118 191268901
1119 191711717
1120 191933317
1121 192376901
1122 192654401
1123 192820997
1124 193210001
1125 193877777
1126 194323601
1127 194993297
1128 195552257
1129 195832037
1130 196000001
1131 196280101
1132 196448257
1133 196560401
1134 196728677
1135 196953157
1136 197009297
1137 197121601
1138 198415397
1139 198922817
1140 199374401
1141 200052737
1142 200392337
1143 200675557
1144 201072401
1145 201242597
1146 201356101
1147 201469637
1148 201526417
1149 201640001
1150 201924101
1151 202208401
1152 202379077
1153 203461697
1154 203632901
1155 204204101
1156 204318437
1157 205348901
1158 206094737
1159 206611877
1160 206784401
1161 207532837
1162 207648101
1163 207763397
1164 208109477
1165 209265157
1166 209554577
1167 209786257
1168 209844197
1169 210076037
1170 210134017
1171 210366017
1172 210424037
1173 211527937
1174 211702501
1175 211993601
1176 212168357
1177 212459777
1178 212576401
1179 213335237
1180 214153957
1181 214212497
1182 214915601
1183 215326277
1184 215913637
1185 216501797
1186 216560657
1187 217444517
1188 218271077
1189 218744101
1190 219454597
1191 219750977
1192 219810277
1193 220522501
1194 221592997
1195 222427397
1196 222785477
1197 223084097
1198 223203601
1199 223502501
1200 224880017
1201 225900901
1202 226502501
1203 227104901
1204 227225477
1205 227406401
1206 227587397
1207 228130817
1208 228191237
1209 228916901
1210 229704337
1211 230250277
1212 230432401
1213 230614597
1214 230918417
1215 231161617
1216 231344101
1217 231465797
1218 231770177
1219 231831077
1220 232440517
1221 232745537
1222 232867601
1223 232989697
1224 234396101
1225 234518597
1226 234702401
1227 234886277
1228 235499717
1229 236236901
1230 236975237
1231 239135297
1232 239320901
1233 239506577
1234 239630401
1235 240560101
1236 240746257
1237 240994577
1238 241367297
1239 241802501
1240 242113601
1241 242424901
1242 242736401
1243 242861057
1244 242923397
1245 244109377
1246 244609601
1247 244797317
1248 245047717
1249 245110337
1250 245360897
1251 245674277
1252 245736977
1253 245862401
1254 246804101
1255 246992657
1256 247307077
1257 247747601
1258 247873537
1259 248188517
1260 249134657
1261 249513617
1262 249766417
1263 250272401
1264 251032337
1265 251412737
1266 252492101
1267 252682817
1268 253255397
1269 253573777
1270 253956097
1271 254211137
1272 254530117
1273 255360401
1274 256000001
1275 256128017
1276 256832677
1277 256960901
1278 257474117
1279 258695057
1280 259532101
1281 259725457
1282 260176901
1283 260305957
1284 261016337
1285 261921857
1286 263088401
1287 263218177
1288 263283077
1289 263412901
1290 263737601
1291 263867537
1292 264062501
1293 264192517
1294 264387601
1295 265559617
1296 265820417
1297 266146597
1298 266668901
1299 267780497
1300 268107877
1301 268304401
1302 268763237
1303 268828817
1304 269091217
1305 269156837
1306 269485057
1307 270142097
1308 270470917
1309 272250001
1310 272580101
1311 273240901
1312 273439297
1313 275228101
1314 276224401
1315 276756497
1316 276889601
1317 277222501
1318 278088977
1319 279023617
1320 279558401
1321 280026757
1322 280227601
1323 280428517
1324 280696517
1325 281232901
1326 281568401
1327 281702657
1328 281904101
1329 282038437
1330 282777857
1331 283787717
1332 284057317
1333 284394497
1334 284596901
1335 284934401
1336 285474817
1337 285745217
1338 285812837
1339 286083397
1340 286489477
1341 287302501
1342 287438117
1343 287845157
1344 288116677
1345 288796037
1346 289000001
1347 289340101
1348 289680401
1349 291043601
1350 291384901
1351 291931397
1352 293231377
1353 293642497
1354 294122501
1355 294602897
1356 295289857
1357 295702417
1358 296390657
1359 297700517
1360 298045697
1361 299082437
1362 299497637
1363 299843857
1364 299982401
1365 300190277
1366 300883717
1367 301230737
1368 301577957
1369 302551237
1370 302968837
1371 303595777
1372 303665477
1373 304502501
1374 305061157
1375 306600101
1376 307090577
1377 308002501
1378 308704901
1379 309408101
1380 309760001
1381 309900817
1382 310252997
1383 310957957
1384 311663717
1385 312228901
1386 312370277
1387 312794597
1388 312936101
1389 313077637
1390 313148417
1391 313431617
1392 313998401
1393 315559697
1394 316697617
1395 316982417
1396 317196101
1397 317694977
1398 317908901
1399 318622501
1400 318836737
1401 318979601
1402 319908997
1403 320052101
1404 320553217
1405 321484901
1406 321700097
1407 321843601
1408 322058917
1409 322202501
1410 322346117
1411 322705297
1412 323496197
1413 323856017
1414 324504197
1415 325225157
1416 325441601
1417 325658117
1418 325946917
1419 326163601
1420 326380357
1421 326524901
1422 326741777
1423 326886401
1424 327392837
1425 327610001
1426 328334401
1427 329204737
1428 329277317
1429 329930897
1430 330294277
1431 330366977
1432 331094417
1433 331822657
1434 332332901
1435 333939077
1436 334012177
1437 334158401
1438 334524101
1439 335622401
1440 335768977
1441 335842277
1442 336135557
1443 336502337
1444 337089601
1445 337309957
1446 337677377
1447 337971457
1448 338044997
1449 338412817
1450 338780837
1451 338928101
1452 339664901
1453 340181137
1454 340402501
1455 340919297
1456 341510401
1457 341732197
1458 343138577
1459 343731601
1460 344696357
1461 345067777
1462 345365057
1463 345439397
1464 345960001
1465 346332101
1466 346704401
1467 347598737
1468 348419557
1469 348718277
1470 349091857
1471 349465637
1472 349690001
1473 349914437
1474 350438401
1475 351187601
1476 351937601
1477 353214437
1478 353966597
1479 354568901
1480 355096337
1481 355473317
1482 358723601
1483 359709157
1484 359860901
1485 360240401
1486 360392257
1487 360772037
1488 360848017
1489 361000001
1490 361608257
1491 362140901
1492 362750117
1493 363054917
1494 363283601
1495 364199057
1496 364810001
1497 365574401
1498 365727377
1499 365956901
1500 366186497
1501 366339601
1502 366722501
1503 367335557
1504 368409637
1505 369562177
1506 369792901
1507 370023697
1508 370716517
1509 371564177
1510 372104101
1511 372258437
1512 372644417
1513 373416977
1514 373803557
1515 374035601
1516 374964497
1517 375196901
1518 375584401
1519 376360001
1520 376981057
1521 377136401
1522 377680357
1523 378146917
1524 378458117
1525 379470401
1526 379860101
1527 380016037
1528 380484037
1529 380640101
1530 381186577
1531 381655297
1532 382437137
1533 383219777
1534 384160001
1535 384944401
1536 385179877
1537 385493957
1538 385572497
1539 386751557
1540 388326437
1541 389509697
1542 389667601
1543 391248401
1544 391881617
1545 392040001
1546 393784337
1547 394816901
1548 394975877
1549 395850817
1550 396169217
1551 396647057
1552 397045477
1553 397204901
1554 397763137
1555 397842917
1556 398641157
1557 399360257
1558 399600101
1559 399760037
1560 400560197
1561 401040677
1562 401441297
1563 402644357
1564 403045777
1565 403447397
1566 403849217
1567 404010001
1568 404170817
1569 404814401
1570 405458497
1571 405861317
1572 406264337
1573 406425601
1574 406586897
1575 407474597
1576 408282437
1577 408605797
1578 409657601
1579 409819537
1580 410062501
1581 410305537
1582 410710757
1583 411278401
1584 412090001
1585 412333637
1586 414285317
1587 414692497
1588 415099877
1589 415344401
1590 415507457
1591 416160001
1592 416404837
1593 416731397
1594 417793601
1595 419266577
1596 419594257
1597 420250001
1598 420824197
1599 421727297
1600 422549137
1601 422878097
1602 423948101
1603 424195217
1604 425019457
1605 425184401
1606 425349377
1607 425596901
1608 426174737
1609 426587717
1610 426670337
1611 427248901
1612 427827857
1613 428738437
1614 429898757
1615 430562501
1616 430728517
1617 430977601
1618 433222597
1619 433638977
1620 433888901
1621 435306497
1622 436141457
1623 438651137
1624 439070117
1625 439992577
1626 440160401
1627 440412197
1628 440748037
1629 441252037
1630 441840401
1631 442260901
1632 442681601
1633 443270917
1634 444366401
1635 444619397
1636 446645957
1637 446730497
1638 446899601
1639 448422977
1640 448592401
1641 449609617
1642 449864101
1643 450543077
1644 450967697
1645 451817537
1646 452157697
1647 452242757
1648 453434437
1649 453519617
1650 454116101
1651 455566337
1652 455651717
1653 455822501
1654 456847877
1655 456933377
1656 457275457
1657 457360997
1658 458388101
1659 459073477
1660 459502097
1661 459930917
1662 460359937
1663 460531601
1664 460703297
1665 461132677
1666 461648197
1667 462852197
1668 464402501
1669 464574917
1670 465092357
1671 465264901
1672 465523777
1673 466560001
1674 466819237
1675 468116497
1676 469328897
1677 471497797
1678 472019077
1679 472453697
1680 474194177
1681 474542657
1682 475414417
1683 475676101
1684 475850597
1685 476548901
1686 476985601
1687 477684737
1688 478296901
1689 478734401
1690 478996997
1691 479347237
1692 479434817
1693 479872837
1694 480223397
1695 480311057
1696 480661777
1697 480924901
1698 481363601
1699 481978117
1700 482065937
1701 482417297
1702 483120401
1703 483384197
1704 483560101
1705 483824017
1706 485497157
1707 485937937
1708 486378917
1709 486643601
1710 487261477
1711 489117457
1712 490002497
1713 490622501
1714 490888337
1715 491331557
1716 491686277
1717 491952401
1718 493017617
1719 493461797
1720 494350757
1721 495062501
1722 495329537
1723 495952901
1724 497111617
1725 497736101
1726 497914597
1727 499075601
1728 499254337
1729 499343717
1730 499522501
1731 499790737
1732 500237957
1733 502387397
1734 502835777
1735 504002501
1736 504451601
1737 504721157
1738 505080677
1739 505350401
1740 505620197
1741 505980037
1742 506700101
1743 507871297
1744 508051601
1745 508231937
1746 508773137
1747 511483457
1748 511845377
1749 511935877
1750 512116901
1751 513294337
1752 514654597
1753 515017637
1754 515290001
1755 515471617
1756 516471077
1757 518290757
1758 518928401
1759 519384101
1760 519657617
1761 520022417
1762 521208901
1763 521391557
1764 522122501
1765 522305317
1766 522396737
1767 523677457
1768 523952101
1769 524410001
1770 524593217
1771 524684837
1772 525784901
1773 527161601
1774 527345297
1775 527804677
1776 528264257
1777 529736257
1778 530657297
1779 531118117
1780 531763601
1781 532871057
1782 532963397
1783 533610001
1784 534072101
1785 534534401
1786 535181957
1787 535274497
1788 535459601
1789 535644737
1790 536385601
1791 536570897
1792 536663557
1793 537126977
1794 537590597
1795 537961637
1796 539354177
1797 541306757
1798 541679077
1799 542890001
1800 543169637
1801 544008977
1802 544102277
1803 544475557
1804 544568897
1805 546156901
1806 546811457
1807 547279237
1808 548215397
1809 548683777
1810 549246097
1811 549433601
1812 549714917
1813 550653157
1814 551122577
1815 552720101
1816 554414117
1817 554602501
1818 554885137
1819 555827777
1820 557148817
1821 559322501
1822 559606337
1823 560268901
1824 560931857
1825 561500417
1826 562448657
1827 562923077
1828 564822757
1829 565298177
1830 565678657
1831 565773797
1832 565964101
1833 566725637
1834 567106597
1835 567201857
1836 569013317
1837 569585957
1838 569967877
1839 570732101
1840 571210001
1841 571879397
1842 571975057
1843 572644901
1844 572836357
1845 572932097
1846 573315137
1847 573410917
1848 573602501
1849 574081601
1850 576192017
1851 576672197
1852 577440901
1853 578402501
1854 578883601
1855 579172357
1856 579364901
1857 580135397
1858 580617217
1859 581967377
1860 582449957
1861 583512337
1862 584478977
1863 584865857
1864 585446417
1865 587286757
1866 588547601
1867 589032901
1868 589712657
1869 591656977
1870 591754277
1871 593214737
1872 593604497
1873 593701957
1874 594579457
1875 597020357
1876 597313601
1877 597509137
1878 597606917
1879 598291601
1880 598780901
1881 599760101
1882 599956037
1883 600054017
1884 601426577
1885 601917157
1886 602997137
1887 603390097
1888 604668101
1889 604963217
1890 605160001
1891 605455237
1892 608806277
1893 608904977
1894 610090001
1895 611375077
1896 611572901
1897 611869697
1898 614742437
1899 615040001
1900 615238417
1901 616032401
1902 617224337
1903 618815377
1904 620308837
1905 620707397
1906 621205777
1907 621504901
1908 621804097
1909 623301157
1910 623700677
1911 623800577
1912 624000401
1913 624200257
1914 624800017
1915 625700197
1916 626200577
1917 626801297
1918 629508101
1919 629708837
1920 630010001
1921 630512101
1922 631014401
1923 633730277
1924 634032401
1925 634737637
1926 635040001
1927 635544101
1928 635846657
1929 636754757
1930 636855697
1931 637562501
1932 637865537
1933 638775077
1934 639887617
1935 641102401
1936 641304977
1937 641608901
1938 642419717
1939 642622501
1940 644144401
1941 644448997
1942 646888357
1943 647906117
1944 648211601
1945 648517157
1946 649230401
1947 649434257
1948 649944037
1949 650250001
1950 650760101
1951 651270401
1952 652598117
1953 653006917
1954 653109137
1955 653313601
1956 655052837
1957 655360001
1958 656076997
1959 656691877
1960 659256977
1961 660695617
1962 661209797
1963 661724177
1964 662341697
1965 662753537
1966 663268517
1967 663371537
1968 664917797
1969 665124101
1970 665949637
1971 667188901
1972 668429317
1973 669981457
1974 670084997
1975 670602817
1976 670810001
1977 672053777
1978 672572357
1979 673402501
1980 676832257
1981 677248577
1982 678602501
1983 679332097
1984 679436357
1985 680896837
1986 681210001
1987 681940997
1988 682254401
1989 682463377
1990 682985957
1991 683299601
1992 683508737
1993 684031717
1994 684345601
1995 686125637
1996 687698177
1997 689272517
1998 689377537
1999 689902757
2000 690323077
2001 690848657
2002 691479617
2003 693795601
2004 695165957
2005 695376901
2006 695587877
2007 696220997
2008 697805057
2009 699073601
2010 700449157
2011 700872677
2012 701190401
2013 702038017
2014 702250001
2015 702462017
2016 702568037
2017 702780101
2018 704053157
2019 704583937
2020 707772817
2021 708304997
2022 709902737
2023 710222501
2024 710542337
2025 710968897
2026 711288901
2027 711822401
2028 713637797
2029 713744657
2030 714492901
2031 715883537
2032 716632901
2033 717168401
2034 718776101
2035 719634277
2036 720170897
2037 721459601
2038 722211877
2039 722534401
2040 722856997
2041 723394817
2042 723825217
2043 724363397
2044 725009477
2045 725440357
2046 725548097
2047 725763601
2048 728136257
2049 728460101
2050 728676037
2051 729756197
2052 730296577
2053 731486117
2054 732460097
2055 732568357
2056 732784901
2057 734193217
2058 735277457
2059 735494401
2060 735711377
2061 736036901
2062 736579601
2063 736905317
2064 737122501
2065 737339717
2066 737665601
2067 738534977
2068 738969857
2069 739513637
2070 740384101
2071 740710657
2072 740928401
2073 741146177
2074 741799697
2075 742235537
2076 742562501
2077 744416657
2078 744525797
2079 745071617
2080 746054597
2081 746163857
2082 746600977
2083 749883457
2084 752734097
2085 752953601
2086 753502501
2087 754381157
2088 754600901
2089 756030017
2090 757020197
2091 757570577
2092 759553601
2093 759774097
2094 762091237
2095 762643457
2096 763195877
2097 763637957
2098 765960977
2099 766736101
2100 767511617
2101 767844101
2102 768731077
2103 768952901
2104 771728401
2105 772284101
2106 772617617
2107 772840001
2108 773062417
2109 773173637
2110 773396101
2111 773618597
2112 773952401
2113 774286277
2114 774842897
2115 775288337
2116 775956737
2117 776736901
2118 776959877
2119 779749777
2120 780308357
2121 780420097
2122 781202501
2123 781537937
2124 781985297
2125 783776017
2126 784000001
2127 784336037
2128 784896257
2129 785344577
2130 785680901
2131 785905157
2132 786465937
2133 787588097
2134 788823397
2135 789610001
2136 792197317
2137 793210897
2138 793548901
2139 793774277
2140 794112401
2141 794450597
2142 795465617
2143 795578437
2144 796932901
2145 798627601
2146 800550437
2147 802022401
2148 802588901
2149 802815557
2150 804062737
2151 804629957
2152 805424401
2153 806900837
2154 807355397
2155 808264901
2156 809061137
2157 809402501
2158 810540901
2159 811908037
2160 812250001
2161 812592037
2162 812820101
2163 813732677
2164 815102501
2165 815673601
2166 816816401
2167 817045057
2168 817960001
2169 818532101
2170 819447877
2171 820020497
2172 821051717
2173 821166337
2174 822771857
2175 825068177
2176 825412901
2177 826217537
2178 826332517
2179 827482757
2180 827712901
2181 829209617
2182 830016101
2183 831745601
2184 832322501
2185 834054401
2186 834400997
2187 835788101
2188 836597777
2189 836713477
2190 837176357
2191 837292097
2192 838681601
2193 839029157
2194 840652037
2195 841000001
2196 841232017
2197 841580101
2198 841928257
2199 844134917
2200 845646401
2201 846228101
2202 846460837
2203 846577217
2204 847624997
2205 848207377
2206 848323877
2207 849139601
2208 849489317
2209 850655557
2210 851705857
2211 852289637
2212 852406417
2213 852873617
2214 854626757
2215 854977601
2216 855562501
2217 856147601
2218 856381697
2219 857084177
2220 858255617
2221 860014277
2222 860483557
2223 860835601
2224 861422501
2225 862244497
2226 862361957
2227 862596901
2228 863536997
2229 864124817
2230 864360001
2231 865301057
2232 866124901
2233 866949137
2234 868127297
2235 869070401
2236 869424197
2237 869896037
2238 870250001
2239 871784677
2240 873557137
2241 874148357
2242 875331397
2243 875568101
2244 876160001
2245 876988997
2246 877344401
2247 877581377
2248 877936901
2249 878885317
2250 880071557
2251 881496101
2252 882446437
2253 884705537
2254 885062501
2255 885895697
2256 886252901
2257 886491077
2258 887682437
2259 889590277
2260 891022501
2261 891619601
2262 891858497
2263 892575377
2264 893651237
2265 894249217
2266 894847397
2267 896762917
2268 897361937
2269 900240017
2270 900360037
2271 901200401
2272 902041157
2273 902161297
2274 903964357
2275 904806401
2276 905769217
2277 906250817
2278 907816901
2279 908178497
2280 908419601
2281 911436101
2282 912040001
2283 914215697
2284 915304517
2285 916030757
2286 916272901
2287 916636177
2288 917847617
2289 919666277
2290 920515601
2291 921365317
2292 921486737
2293 921972497
2294 923187457
2295 923916817
2296 925133057
2297 926958917
2298 928177157
2299 928420901
2300 928786577
2301 930250001
2302 932325157
2303 932691601
2304 935136401
2305 936360001
2306 937951877
2307 939054737
2308 941016977
2309 941262401
2310 942244417
2311 943718401
2312 944087077
2313 944701697
2314 948393617
2315 948886417
2316 949009637
2317 950242277
2318 950488901
2319 950858897
2320 951722501
2321 952709957
2322 953944997
2323 954439237
2324 955057217
2325 956293777
2326 956912357
2327 957283601
2328 958150117
2329 958893157
2330 960132197
2331 960380101
2332 960628037
2333 960752017
2334 961868197
2335 962240401
2336 962488577
2337 963109157
2338 963481601
2339 964475137
2340 964972097
2341 965096357
2342 966961217
2343 968454401
2344 970073317
2345 971568901
2346 971942977
2347 972566597
2348 972816101
2349 973440001
2350 974313797
2351 975063077
2352 975312901
2353 975687697
2354 976812517
2355 977437697
2356 980065637
2357 981192977
2358 983073317
2359 983449601
2360 984704401
2361 984955457
2362 988096357
2363 988473601
2364 989731601
2365 989983297
2366 990109157
2367 990360901
2368 990612677
2369 990738577
2370 991242257
2371 991368197
2372 992250001
2373 993762577
2374 994519297
2375 995402501
2376 996664901
2377 997549057
2378 999444997
2379 1000203877
2380 1001089601
2381 1003242277
2382 1005524101
2383 1005904657
2384 1006792901
2385 1007046757
2386 1007681537
2387 1008443537
2388 1009714177
2389 1011240001
2390 1011494417
2391 1013530897
2392 1014040337
2393 1014167717
2394 1014422501
2395 1014804737
2396 1015059601
2397 1015314497
2398 1015696901
2399 1019780357
2400 1020419137
2401 1021058117
2402 1021825157
2403 1022976257
2404 1023104197
2405 1023744017
2406 1025664677
2407 1026817937
2408 1028100097
2409 1029768101
2410 1030153217
2411 1030666817
2412 1030795237
2413 1031308997
2414 1031437457
2415 1034008337
2416 1034522897
2417 1035166277
2418 1035938597
2419 1036840001
2420 1037870657
2421 1039417601
2422 1040062501
2423 1042385797
2424 1042644101
2425 1044323857
2426 1044582401
2427 1044840977
2428 1045487557
2429 1046522501
2430 1046910737
2431 1048075877
2432 1048723457
2433 1048852997
2434 1049371237
2435 1049760001
2436 1051445477
2437 1052094097
2438 1053002501
2439 1053651601
2440 1055210257
2441 1055340197
2442 1055990017
2443 1056900101
2444 1057160197
2445 1057290257
2446 1058200901
2447 1060414097
2448 1062108101
2449 1063803457
2450 1064977957
2451 1066022501
2452 1066414337
2453 1066675601
2454 1067720977
2455 1067982401
2456 1071252901
2457 1072824517
2458 1072955537
2459 1073610757
2460 1074135077
2461 1075577617
2462 1078071557
2463 1079779601
2464 1080042497
2465 1080831377
2466 1081488997
2467 1082015237
2468 1082673217
2469 1082804837
2470 1085438917
2471 1087020901
2472 1087284677
2473 1089000001
2474 1089264017
2475 1089396037
2476 1090716677
2477 1090980901
2478 1091377297
2479 1091641601
2480 1092302501
2481 1093360357
2482 1093624901
2483 1094021777
2484 1095610001
2485 1096536997
2486 1098922501
2487 1099983557
2488 1100646977
2489 1101310597
2490 1101576101
2491 1102240001
2492 1102505617
2493 1102638437
2494 1103967077
2495 1105562501
2496 1106892901
2497 1107824657
2498 1107957797
2499 1109556101
2500 1110622277
2501 1111288897
2502 1111822337
2503 1113556901
2504 1113823877
2505 1115560001
2506 1116495397
2507 1116629057
2508 1117832357
2509 1117966097
2510 1118233601
2511 1118634917
2512 1118902501
2513 1119839297
2514 1121178257
2515 1123858577
2516 1124260901
2517 1125199937
2518 1125602501
2519 1126273601
2520 1126542097
2521 1126676357
2522 1129228817
2523 1129900997
2524 1130035457
2525 1132053317
2526 1132322501
2527 1135690001
2528 1136094437
2529 1137443077
2530 1138117697
2531 1139332517
2532 1142034437
2533 1142169617
2534 1142845637
2535 1144874897
2536 1149210001
2537 1149481217
2538 1149616837
2539 1149888101
2540 1150837777
2541 1151516357
2542 1152874117
2543 1157632577
2544 1158449297
2545 1158721601
2546 1158993937
2547 1159402501
2548 1160764901
2549 1161037477
2550 1161855397
2551 1162537217
2552 1164447377
2553 1165129957
2554 1166905601
2555 1167178897
2556 1167588901
2557 1168272401
2558 1168682597
2559 1169913617
2560 1171008401
2561 1172103697
2562 1172377601
2563 1172788517
2564 1174432901
2565 1174707077
2566 1175118401
2567 1176078437
2568 1176490001
2569 1176764417
2570 1179647717
2571 1183084817
2572 1183360001
2573 1185700357
2574 1187215937
2575 1188456677
2576 1189974017
2577 1190250001
2578 1190526017
2579 1192320901
2580 1193287937
2581 1193702501
2582 1194393601
2583 1196053057
2584 1196744837
2585 1197160001
2586 1197575237
2587 1197852101
2588 1199236901
2589 1199513957
2590 1200345317
2591 1202008901
2592 1203673637
2593 1205061797
2594 1205200657
2595 1206867601
2596 1208257601
2597 1209926657
2598 1212153857
2599 1213128901
2600 1213546897
2601 1214940737
2602 1215498497
2603 1216335377
2604 1217032997
2605 1217730817
2606 1221222917
2607 1222621157
2608 1223180677
2609 1223600401
2610 1225000001
2611 1230185477
2612 1231729217
2613 1232290817
2614 1232431237
2615 1232992997
2616 1233695377
2617 1235522501
2618 1235803717
2619 1236506897
2620 1237350977
2621 1237913857
2622 1238336101
2623 1239321617
2624 1240025797
2625 1241575697
2626 1242139537
2627 1243267601
2628 1243690757
2629 1244678401
2630 1247502401
2631 1248632897
2632 1251036901
2633 1251461377
2634 1252168997
2635 1254151397
2636 1254293057
2637 1256277137
2638 1257411601
2639 1257695297
2640 1258120901
2641 1258546577
2642 1259256197
2643 1259824037
2644 1260534017
2645 1265224901
2646 1267075217
2647 1268356997
2648 1270494737
2649 1271350337
2650 1271635601
2651 1273347857
2652 1273490597
2653 1274490001
2654 1275204101
2655 1279492901
2656 1280924101
2657 1283502277
2658 1285222501
2659 1286226497
2660 1287087377
2661 1287374401
2662 1289959057
2663 1290677477
2664 1290964901
2665 1291396097
2666 1292833937
2667 1294128677
2668 1296288017
2669 1298449157
2670 1300035137
2671 1300756357
2672 1301333477
2673 1301477777
2674 1302055057
2675 1302776837
2676 1304220997
2677 1305087877
2678 1305665957
2679 1305810497
2680 1306099601
2681 1306388737
2682 1306822501
2683 1307111717
2684 1307834897
2685 1307979557
2686 1308268901
2687 1309426597
2688 1311598657
2689 1312178177
2690 1313627537
2691 1313772517
2692 1314787601
2693 1316673797
2694 1318416101
2695 1320304897
2696 1320886337
2697 1322049601
2698 1322340497
2699 1323067877
2700 1323504401
2701 1324232101
2702 1324523237
2703 1325251217
2704 1326125057
2705 1326416401
2706 1326853477
2707 1327144901
2708 1328310917
2709 1329769157
2710 1330352677
2711 1330790401
2712 1332250001
2713 1332688037
2714 1333418257
2715 1336341137
2716 1337072357
2717 1337364901
2718 1339120837
2719 1341756901
2720 1342489601
2721 1343515717
2722 1343955601
2723 1344248897
2724 1344982277
2725 1345128977
2726 1345715857
2727 1347917797
2728 1349386757
2729 1350121537
2730 1351591697
2731 1352474177
2732 1354240001
2733 1354534417
2734 1354976101
2735 1355270597
2736 1355712401
2737 1356448901
2738 1359396901
2739 1362052837
2740 1363381777
2741 1363529477
2742 1364563601
2743 1365006917
2744 1366041601
2745 1367964197
2746 1369296017
2747 1370480401
2748 1370924677
2749 1371517157
2750 1372257937
2751 1372406117
2752 1373443601
2753 1373888357
2754 1376410001
2755 1376855237
2756 1377597457
2757 1378933957
2758 1379379601
2759 1379676737
2760 1380122501
2761 1381906277
2762 1382798597
2763 1384584101
2764 1386072901
2765 1387264517
2766 1387860517
2767 1388009537
2768 1389351077
2769 1390991617
2770 1391290001
2771 1391588417
2772 1392036101
2773 1392483857
2774 1393230277
2775 1395022501
2776 1397563457
2777 1397712997
2778 1398012101
2779 1398760001
2780 1399508101
2781 1403701157
2782 1404000901
2783 1407450257
2784 1408801157
2785 1409551937
2786 1410002501
2787 1411504901
2788 1411955777
2789 1412256401
2790 1412557057
2791 1413008101
2792 1413308837
2793 1414963457
2794 1415565377
2795 1416468497
2796 1417221317
2797 1417522501
2798 1419782401
2799 1420083857
2800 1420234597
2801 1420536101
2802 1420837637
2803 1420988417
2804 1422798401
2805 1423251077
2806 1423552901
2807 1424307601
2808 1425515537
2809 1429293637
2810 1430654977
2811 1430806277
2812 1431562897
2813 1432925317
2814 1434591377
2815 1435197457
2816 1436713217
2817 1437168101
2818 1438229777
2819 1439140097
2820 1439898917
2821 1440506117
2822 1440961601
2823 1441265297
2824 1441720901
2825 1442176577
2826 1446585157
2827 1447345937
2828 1450848101
2829 1453134401
2830 1455117317
2831 1455880337
2832 1460462657
2833 1461532901
2834 1463062501
2835 1463521537
2836 1464286757
2837 1465052177
2838 1467656101
2839 1468728977
2840 1469188901
2841 1471029317
2842 1471489601
2843 1471796497
2844 1471949957
2845 1472563877
2846 1472717377
2847 1474867217
2848 1475020837
2849 1477633601
2850 1479940901
2851 1482558017
2852 1482712037
2853 1484560901
2854 1485639937
2855 1485794117
2856 1486565137
2857 1487182097
2858 1487953477
2859 1488416401
2860 1490732101
2861 1492276901
2862 1493513317
2863 1494286337
2864 1494904897
2865 1495059557
2866 1497690001
2867 1498464101
2868 1498773797
2869 1499703077
2870 1500787601
2871 1501562501
2872 1502337601
2873 1503578177
2874 1503888401
2875 1505129617
2876 1505750417
2877 1506681857
2878 1509633317
2879 1510099601
2880 1510410497
2881 1510876901
2882 1512432101
2883 1514455057
2884 1514766401
2885 1515077777
2886 1517102501
2887 1518972677
2888 1519752257
2889 1524121601
2890 1525214917
2891 1525371137
2892 1526777477
2893 1526933777
2894 1529904997
2895 1530374401
2896 1531626497
2897 1533192337
2898 1534288901
2899 1535072401
2900 1535542597
2901 1536953617
2902 1539463697
2903 1541033537
2904 1542132901
2905 1542604177
2906 1543232657
2907 1543389797
2908 1543704101
2909 1544961637
2910 1548422501
2911 1553621057
2912 1553936401
2913 1554409477
2914 1554724901
2915 1555986917
2916 1556618117
2917 1557407297
2918 1559460101
2919 1559934017
2920 1560250001
2921 1560724037
2922 1561356197
2923 1563411601
2924 1565468357
2925 1566259777
2926 1570061377
2927 1570853957
2928 1571012497
2929 1573232897
2930 1574184977
2931 1574502401
2932 1574978597
2933 1575772417
2934 1576407617
2935 1576566437
2936 1577201797
2937 1578790757
2938 1580539537
2939 1580857601
2940 1581652901
2941 1581971077
2942 1583244101
2943 1583721617
2944 1587703717
2945 1588500737
2946 1591212101
2947 1592010001
2948 1593925777
2949 1594404901
2950 1594884097
2951 1597121297
2952 1599520037
2953 1600320017
2954 1600800101
2955 1602080677
2956 1602400901
2957 1603521937
2958 1604322917
2959 1604803601
2960 1607528837
2961 1608491237
2962 1611219601
2963 1611701317
2964 1612343717
2965 1612504337
2966 1613628901
2967 1615236101
2968 1618774757
2969 1619579537
2970 1619740517
2971 1621672901
2972 1623284101
2973 1624412417
2974 1624573637
2975 1627799717
2976 1628122501
2977 1629252497
2978 1633776401
2979 1634908357
2980 1635070097
2981 1635717137
2982 1636202501
2983 1640736037
2984 1641060101
2985 1641384197
2986 1643167297
2987 1643815937
2988 1644789137
2989 1646736401
2990 1647061057
2991 1648847237
2992 1649496997
2993 1651284497
2994 1651934737
2995 1652422501
2996 1652747717
2997 1653560897
2998 1654862401
2999 1655187857
3000 1656164417
3001 1656490001
3002 1657304101
3003 1657629797
3004 1659747601
3005 1660236517
3006 1661051537
3007 1661866757
3008 1663824101
3009 1664640001
3010 1665456101
3011 1666762277
3012 1668395717
3013 1669539601
3014 1672482817
3015 1673628101
3016 1673955397
3017 1676411137
3018 1679032577
3019 1679852197
3020 1681492037
3021 1682148197
3022 1683460901
3023 1686416357
3024 1686744901
3025 1687073477
3026 1690525457
3027 1690854401
3028 1691676901
3029 1693816337
3030 1694145601
3031 1696121857
3032 1698264101
3033 1699088401
3034 1700242757
3035 1702882757
3036 1704864101
3037 1705194437
3038 1707838277
3039 1708499557
3040 1709491717
3041 1711973377
3042 1712800997
3043 1713132101
3044 1714291217
3045 1719760901
3046 1720590401
3047 1722250001
3048 1722748037
3049 1724408677
3050 1726402501
3051 1726734917
3052 1727233601
3053 1728896401
3054 1729728101
3055 1731891457
3056 1732723877
3057 1733056901
3058 1733556497
3059 1735888897
3060 1738389637
3061 1739223617
3062 1740224657
3063 1740558401
3064 1741893697
3065 1742227601
3066 1742728517
3067 1743396517
3068 1743897601
3069 1744398757
3070 1745234177
3071 1748076101
3072 1748410597
3073 1748912401
3074 1750083557
3075 1750250897
3076 1751087717
3077 1751757317
3078 1752761957
3079 1753599377
3080 1756112837
3081 1756951057
3082 1757621777
3083 1759299137
3084 1759802501
3085 1760138117
3086 1761480901
3087 1764840101
3088 1766520901
3089 1767025297
3090 1768707137
3091 1769884901
3092 1770221477
3093 1770726401
3094 1771568101
3095 1772915237
3096 1773588997
3097 1774431377
3098 1775442497
3099 1777465601
3100 1778814977
3101 1779489857
3102 1780333637
3103 1780502417
3104 1781177617
3105 1781684101
3106 1787091077
3107 1787260177
3108 1789628417
3109 1790643857
3110 1792675601
3111 1793861317
3112 1794030737
3113 1794877957
3114 1796064401
3115 1802342117
3116 1804040677
3117 1806250001
3118 1807950401
3119 1809141157
3120 1809651601
3121 1812545477
3122 1814760001
3123 1815952997
3124 1816805377
3125 1819534337
3126 1820216897
3127 1822777637
3128 1822948417
3129 1824998401
3130 1825340177
3131 1828759697
3132 1830984101
3133 1832353637
3134 1833552401
3135 1834066277
3136 1835779717
3137 1836979601
3138 1838351377
3139 1838694401
3140 1839037457
3141 1839208997
3142 1839552101
3143 1841268101
3144 1842469777
3145 1846764677
3146 1849344017
3147 1849860101
3148 1853302501
3149 1853646917
3150 1853819137
3151 1855541777
3152 1856231057
3153 1856403397
3154 1858816997
3155 1861404737
3156 1861577317
3157 1862267717
3158 1864512401
3159 1865030597
3160 1865894417
3161 1867449797
3162 1867622657
3163 1868314177
3164 1869178757
3165 1870562501
3166 1872292901
3167 1872639077
3168 1872812177
3169 1874890001
3170 1875756101
3171 1880436497
3172 1881303877
3173 1882692101
3174 1883039237
3175 1883560001
3176 1885817477
3177 1886686097
3178 1887554917
3179 1889640901
3180 1889988677
3181 1890858257
3182 1896079937
3183 1897473601
3184 1900088101
3185 1901483237
3186 1902355457
3187 1903925957
3188 1906544897
3189 1907942401
3190 1910564101
3191 1914937601
3192 1915287697
3193 1916163077
3194 1916688401
3195 1917038657
3196 1917564101
3197 1917914437
3198 1918440001
3199 1918790417
3200 1919316101
3201 1921419557
3202 1921945601
3203 1924927877
3204 1925980997
3205 1927561217
3206 1930196357
3207 1930372097
3208 1931250917
3209 1934240401
3210 1935120101
3211 1935648017
3212 1938640901
3213 1940931137
3214 1944810001
3215 1946927377
3216 1948692737
3217 1949575717
3218 1950105601
3219 1950458897
3220 1951342277
3221 1951872401
3222 1952756101
3223 1953640001
3224 1954170437
3225 1955054657
3226 1955762177
3227 1955939077
3228 1961604101
3229 1961958437
3230 1963730597
3231 1963907857
3232 1965503557
3233 1966922501
3234 1967277317
3235 1968696901
3236 1972248101
3237 1976158117
3238 1976335937
3239 1976691601
3240 1977047297
3241 1977580901
3242 1980250001
3243 1980784037
3244 1981496197
3245 1981674257
3246 1982564677
3247 1985950097
3248 1986128357
3249 1987911397
3250 1989160001
3251 1989695237
3252 1993979717
3253 1995051557
3254 1995408901
3255 1996659857
3256 1997553637
3257 1998090001
3258 1999878401
3259 2002204517
3260 2003099537
3261 2003457601
3262 2005785797
3263 2006502437
3264 2007040001
3265 2007936101
3266 2008832401
3267 2009370277
3268 2010625601
3269 2012060737
3270 2012957957
3271 2013316901
3272 2015650817
3273 2018345477
3274 2019603601
3275 2021401601
3276 2021761297
3277 2022300901
3278 2024100101
3279 2025360017
3280 2028061157
3281 2028961937
3282 2030764097
3283 2031665477
3284 2032567057
3285 2033468837
3286 2034370817
3287 2036175377
3288 2037619601
3289 2039786897
3290 2039967557
3291 2040690277
3292 2040870977
3293 2041593857
3294 2043401617
3295 2045752901
3296 2046295697
3297 2047924517
3298 2048829697
3299 2049010757
3300 2049372901
3301 2049916177
3302 2052452417
3303 2053539857
3304 2053902401
3305 2054808901
3306 2056622501
3307 2057892497
3308 2058073957
3309 2058436901
3310 2067520901
3311 2067884677
3312 2068430401
3313 2070250001
3314 2071160101
3315 2071524197
3316 2072616677
3317 2073527297
3318 2076260357
3319 2076989477
3320 2077536401
3321 2079724817
3322 2080636997
3323 2080819457
3324 2082644497
3325 2083557317
3326 2083922501
3327 2084287717
3328 2087210597
3329 2089404101
3330 2089769797
3331 2090318401
3332 2092147601
3333 2094526757
3334 2094892901
3335 2095442177
3336 2096174657
3337 2096357797
3338 2098556101
3339 2098922597
3340 2099838977
3341 2100755557
3342 2102222501
3343 2104607377
3344 2106259237
3345 2106810001
3346 2108095397
3347 2108279057
3348 2108646401
3349 2109197477
3350 2111034917
3351 2111770117
3352 2114528257
3353 2116368017
3354 2117472257
3355 2117840401
3356 2118208577
3357 2118392677
3358 2118760901
3359 2120602501
3360 2121155137
3361 2122997777
3362 2123919397
3363 2125578817
3364 2127423377
3365 2129268737
3366 2130745601
3367 2133516101
3368 2134440001
3369 2136843077
3370 2137212901
3371 2139062501
3372 2141283077
3373 2142393797
3374 2142764101
3375 2143690001
3376 2145171857
3377 2145542401
3378 2146098277
3379 2149620497
3380 2150176901
3381 2152032101
3382 2152403237
3383 2152960001
3384 2155373477
3385 2155744901
3386 2160948197
3387 2161692037
3388 2164110401
3389 2165040901
3390 2166530117
3391 2167833601
3392 2168764901
3393 2169696401
3394 2170628101
3395 2173051457
3396 2174729957
3397 2177155601
3398 2177715557
3399 2180329637
3400 2180516417
3401 2181824101
3402 2184066757
3403 2188742657
3404 2188929797
3405 2190801637
3406 2191737857
3407 2192486977
3408 2192674277
3409 2194547717
3410 2194922501
3411 2203739137
3412 2205241601
3413 2208436037
3414 2209376017
3415 2209564037
3416 2209940101
3417 2210316197
3418 2211256577
3419 2215020097
3420 2215961477
3421 2217468101
3422 2218033217
3423 2219352101
3424 2219917457
3425 2220671377
3426 2220859877
3427 2224065601
3428 2225008901
3429 2226518597
3430 2226896101
3431 2227273637
3432 2229350657
3433 2229728401
3434 2230295077
3435 2235776657
3436 2240128901
3437 2240696897
3438 2242590737
3439 2246191237
3440 2246380817
3441 2247708101
3442 2248656401
3443 2249035777
3444 2250933137
3445 2251502501
3446 2253021157
3447 2253780677
3448 2256250001
3449 2256630017
3450 2260051601
3451 2263285477
3452 2265188837
3453 2267664401
3454 2268997957
3455 2269950737
3456 2273763857
3457 2273954597
3458 2274717637
3459 2276625797
3460 2277198401
3461 2278534757
3462 2281017601
3463 2283884101
3464 2284266437
3465 2286369857
3466 2286752401
3467 2287134977
3468 2287326277
3469 2287708901
3470 2288665601
3471 2289048337
3472 2289239717
3473 2290579601
3474 2291153957
3475 2292494401
3476 2293068997
3477 2296709777
3478 2299202501
3479 2300161601
3480 2302080401
3481 2304000001
3482 2304576037
3483 2305536257
3484 2306304577
3485 2309763601
3486 2310148097
3487 2311301777
3488 2313225217
3489 2315534401
3490 2316496901
3491 2318422501
3492 2319770897
3493 2322661637
3494 2324589797
3495 2326132901
3496 2328641537
3497 2329992901
3498 2332503617
3499 2333276417
3500 2334242597
3501 2337722501
3502 2338302737
3503 2339076497
3504 2339656901
3505 2340237377
3506 2342172817
3507 2342560001
3508 2343528101
3509 2344109057
3510 2346046097
3511 2346433601
3512 2348371601
3513 2350892197
3514 2351862017
3515 2356519937
3516 2357490917
3517 2359044901
3518 2359433477
3519 2360016401
3520 2360405057
3521 2361571217
3522 2361960001
3523 2362348817
3524 2362932101
3525 2365460497
3526 2365849601
3527 2366433317
3528 2367795601
3529 2371105637
3530 2371690001
3531 2372664101
3532 2373053797
3533 2373638401
3534 2375977537
3535 2378903077
3536 2379488401
3537 2381440001
3538 2386908737
3539 2389254401
3540 2389840997
3541 2390232101
3542 2391210001
3543 2393753477
3544 2397081601
3545 2398060901
3546 2401000001
3547 2401588037
3548 2403940901
3549 2404333157
3550 2405510117
3551 2407276097
3552 2409239057
3553 2412774401
3554 2414346497
3555 2415132737
3556 2418278977
3557 2418672401
3558 2419262597
3559 2419656101
3560 2423002177
3561 2423986757
3562 2424971537
3563 2427138757
3564 2428518401
3565 2430490001
3566 2431081637
3567 2431476101
3568 2432067857
3569 2434040897
3570 2437791877
3571 2437989377
3572 2440360001
3573 2441941057
3574 2444906917
3575 2445698117
3576 2447874577
3577 2448666257
3578 2450844037
3579 2451240101
3580 2452626577
3581 2452824677
3582 2453220901
3583 2454806117
3584 2455202501
3585 2458176401
3586 2459763217
3587 2460755237
3588 2462541377
3589 2463533957
3590 2465519717
3591 2466711557
3592 2468102401
3593 2470090001
3594 2473669697
3595 2475062501
3596 2475460517
3597 2476057601
3598 2476654757
3599 2477451077
3600 2478446657
3601 2485421317
3602 2486418497
3603 2486617957
3604 2489012101
3605 2489411237
3606 2490010001
3607 2492405777
3608 2493004901
3609 2493404357
3610 2493604097
3611 2494003601
3612 2494602917
3613 2500000001
3614 2501400197
3615 2503401157
3616 2504001601
3617 2505002501
3618 2505603137
3619 2506003601
3620 2508006401
3621 2511412997
3622 2512615877
3623 2514420737
3624 2516025601
3625 2517430277
3626 2520642437
3627 2521044101
3628 2522048401
3629 2522651077
3630 2523655697
3631 2524459537
3632 2528078401
3633 2528480657
3634 2530492417
3635 2530693637
3636 2531096101
3637 2533511557
3638 2534719717
3639 2536532497
3640 2536733957
3641 2539555237
3642 2540563217
3643 2541168101
3644 2542579777
3645 2544193601
3646 2544597137
3647 2545807937
3648 2546615297
3649 2546817157
3650 2550654017
3651 2551664197
3652 2555302501
3653 2555909137
3654 2556313601
3655 2557324901
3656 2557729477
3657 2557931777
3658 2559752837
3659 2560360001
3660 2562384401
3661 2564004497
3662 2569881637
3663 2571098437
3664 2571504101
3665 2571909797
3666 2572518401
3667 2573532901
3668 2574141697
3669 2575156517
3670 2576171537
3671 2578608401
3672 2579014657
3673 2581656101
3674 2582062597
3675 2587349957
3676 2588367377
3677 2592846401
3678 2594272357
3679 2595291137
3680 2595902501
3681 2597329297
3682 2601612037
3683 2602020101
3684 2602428197
3685 2603448577
3686 2604469157
3687 2605081601
3688 2607123601
3689 2608144901
3690 2609575057
3691 2611210001
3692 2614276901
3693 2617754897
3694 2621030417
3695 2625127697
3696 2625947537
3697 2626152517
3698 2628202757
3699 2628612901
3700 2632100417
3701 2633742401
3702 2634358277
3703 2634768901
3704 2635795601
3705 2637233317
3706 2637438737
3707 2637849601
3708 2640520997
3709 2640932101
3710 2641548817
3711 2643399397
3712 2646485137
3713 2647514117
3714 2647719937
3715 2648131601
3716 2649160901
3717 2651220101
3718 2651632037
3719 2652662017
3720 2654928677
3721 2656783937
3722 2657814917
3723 2659464901
3724 2663179237
3725 2664004997
3726 2665656901
3727 2670202277
3728 2673303617
3729 2675579077
3730 2676406757
3731 2677648517
3732 2681168401
3733 2682204101
3734 2682825617
3735 2684897857
3736 2685726977
3737 2686348901
3738 2686763557
3739 2690081957
3740 2695686401
3741 2698386917
3742 2698802501
3743 2700257297
3744 2701296677
3745 2701504577
3746 2702336257
3747 2702544197
3748 2704000001
3749 2704624037
3750 2707120901
3751 2707745297
3752 2708161601
3753 2711701477
3754 2712326401
3755 2715868997
3756 2716911377
3757 2717953957
3758 2722752401
3759 2724422417
3760 2725466437
3761 2727346177
3762 2728599697
3763 2730689537
3764 2731107601
3765 2731525697
3766 2732571077
3767 2736336101
3768 2736963857
3769 2741569601
3770 2743035877
3771 2743664401
3772 2746388837
3773 2752471297
3774 2755830017
3775 2757930257
3776 2758350401
3777 2761502501
3778 2762133137
3779 2763184357
3780 2765287397
3781 2767180817
3782 2769285377
3783 2769495877
3784 2770337957
3785 2770969601
3786 2771390737
3787 2771601317
3788 2772022501
3789 2774550277
3790 2775814597
3791 2777922437
3792 2778765797
3793 2780031077
3794 2781507601
3795 2786150657
3796 2787206437
3797 2787840001
3798 2788262417
3799 2789529857
3800 2791431557
3801 2792699717
3802 2794179601
3803 2797775237
3804 2797986817
3805 2800526401
3806 2802220097
3807 2803702501
3808 2806244677
3809 2810696257
3810 2811756677
3811 2813241601
3812 2813878117
3813 2814726917
3814 2816000357
3815 2819185217
3816 2821096997
3817 2822796901
3818 2824922501
3819 2825347717
3820 2826623557
3821 2827048901
3822 2829601637
3823 2831304101
3824 2832368401
3825 2832794177
3826 2833858757
3827 2835988517
3828 2836627601
3829 2837692901
3830 2838332177
3831 2838758401
3832 2839184657
3833 2841529637
3834 2843022401
3835 2843448977
3836 2845155601
3837 2848783877
3838 2851987217
3839 2853269057
3840 2853696401
3841 2854123777
3842 2856902501
3843 2857971601
3844 2859682577
3845 2860110401
3846 2861608037
3847 2865889157
3848 2868245137
3849 2869102097
3850 2870173477
3851 2870387777
3852 2876820497
3853 2877249601
3854 2878322501
3855 2879824897
3856 2880468901
3857 2881112977
3858 2881542401
3859 2882186597
3860 2883045637
3861 2883690001
3862 2887557697
3863 2888417537
3864 2889707537
3865 2890567697
3866 2892288401
3867 2893794437
3868 2894009617
3869 2894440001
3870 2895085637
3871 2895946597
3872 2896592401
3873 2899822501
3874 2900468737
3875 2902623377
3876 2906719397
3877 2908013477
3878 2908444901
3879 2908876357
3880 2909092097
3881 2911681601
3882 2912329157
3883 2916000001
3884 2922483601
3885 2924213777
3886 2924646401
3887 2928541457
3888 2930056901
3889 2932655717
3890 2932872337
3891 2936556101
3892 2936989637
3893 2938724101
3894 2939374657
3895 2939808401
3896 2940242177
3897 2942628517
3898 2943062501
3899 2944581697
3900 2946752657
3901 2954574737
3902 2955444497
3903 2956749377
3904 2963713601
3905 2964149137
3906 2965455937
3907 2966545157
3908 2967634577
3909 2968724197
3910 2969814017
3911 2972430401
3912 2972866577
3913 2973084677
3914 2973957157
3915 2976138917
3916 2979631397
3917 2980723217
3918 2982688997
3919 2982907457
3920 2984436901
3921 2985529601
3922 2990339857
3923 2990996101
3924 2993621797
3925 2993840657
3926 2994716177
3927 2997124517
3928 3000410177
3929 3001286657
3930 3003697637
3931 3004574597
3932 3006328901
3933 3006767557
3934 3006986897
3935 3010277957
3936 3013570817
3937 3015108101
3938 3017964097
3939 3021261157
3940 3025440017
3941 3026100101
3942 3029401601
3943 3032264357
3944 3032704901
3945 3040419601
3946 3043287557
3947 3051457601
3948 3052562501
3949 3053667601
3950 3054772901
3951 3056984101
3952 3061851557
3953 3064065317
3954 3064729601
3955 3065836901
3956 3066279877
3957 3067608997
3958 3068716817
3959 3069603217
3960 3074037137
3961 3075367937
3962 3076920901
3963 3077364677
3964 3078696197
3965 3080250001
3966 3081360101
3967 3082026257
3968 3082470401
3969 3083580901
3970 3084025157
3971 3084247297
3972 3086469137
3973 3087580357
3974 3095809601
3975 3096922501
3976 3098480897
3977 3100930597
3978 3103158437
3979 3104049797
3980 3104718401
3981 3106278757
3982 3113640001
3983 3114309637
3984 3117435557
3985 3117658897
3986 3118552337
3987 3120339601
3988 3123244997
3989 3124362817
3990 3126599057
3991 3128836097
3992 3129283601
3993 3129954917
3994 3132193157
3995 3136000001
3996 3136448017
3997 3136672037
3998 3138912677
3999 3139360901
4000 3141154117
4001 3143396357
4002 3144517777
4003 3144966401
4004 3145415057
4005 3146536837
4006 3149903377
4007 3151025957
4008 3151250497
4009 3151699601
4010 3153271717
4011 3155518277
4012 3156192401
4013 3156641857
4014 3156866597
4015 3158440001
4016 3161138177
4017 3161363077
4018 3164062501
4019 3165187601
4020 3165637697
4021 3166988177
4022 3168113797
4023 3169239617
4024 3170140417
4025 3174195601
4026 3178027877
4027 3178704401
4028 3179832101
4029 3180960001
4030 3181411217
4031 3181636837
4032 3183216401
4033 3183667777
4034 3184344901
4035 3184796357
4036 3185473601
4037 3190442257
4038 3190668197
4039 3191572037
4040 3192250001
4041 3193380101
4042 3193832197
4043 3199033601
4044 3199486097
4045 3199712357
4046 3203560001
4047 3208542737
4048 3210355601
4049 3211035557
4050 3212168977
4051 3214890001
4052 3215570437
4053 3217158401
4054 3218746757
4055 3219881537
4056 3221697601
4057 3223287077
4058 3230330897
4059 3233741957
4060 3235789457
4061 3236472101
4062 3238065217
4063 3241024901
4064 3241708097
4065 3249684037
4066 3251280401
4067 3252420901
4068 3256300097
4069 3256528357
4070 3258811397
4071 3259724837
4072 3261095237
4073 3269552401
4074 3273441797
4075 3274586177
4076 3275272901
4077 3275959697
4078 3277104517
4079 3277562501
4080 3279165697
4081 3280998401
4082 3283290001
4083 3284436101
4084 3286040977
4085 3286728901
4086 3287416897
4087 3287875601
4088 3288563717
4089 3290169601
4090 3292464401
4091 3295219217
4092 3295448837
4093 3296367397
4094 3297056401
4095 3303950401
4096 3304640197
4097 3306250001
4098 3311311937
4099 3313614097
4100 3314765477
4101 3314995777
4102 3316608101
4103 3318220817
4104 3318912101
4105 3319603457
4106 3322830737
4107 3323061317
4108 3326290277
4109 3326982401
4110 3327443857
4111 3328136101
4112 3329290001
4113 3330444101
4114 3332752901
4115 3333214757
4116 3335062501
4117 3336910757
4118 3343614977
4119 3343846277
4120 3345002897
4121 3345465601
4122 3351252101
4123 3355421477
4124 3358202501
4125 3358897937
4126 3362376197
4127 3362840101
4128 3367016677
4129 3367480901
4130 3370963601
4131 3372589477
4132 3377469457
4133 3378631877
4134 3380259601
4135 3380957317
4136 3382120337
4137 3382585601
4138 3384446977
4139 3386541637
4140 3389102657
4141 3391431697
4142 3393062501
4143 3393761537
4144 3398190437
4145 3399356417
4146 3404255717
4147 3405422737
4148 3408691457
4149 3410560001
4150 3411728101
4151 3412896401
4152 3413363777
4153 3413597477
4154 3417571601
4155 3418740901
4156 3420612197
4157 3422718017
4158 3423888197
4159 3428102501
4160 3429742097
4161 3431147777
4162 3440526337
4163 3441699557
4164 3442168901
4165 3444046597
4166 3446159617
4167 3446864101
4168 3449212901
4169 3449682757
4170 3453912901
4171 3454618177
4172 3455088401
4173 3456969617
4174 3459086597
4175 3462145601
4176 3464970497
4177 3465676901
4178 3466147877
4179 3468738817
4180 3470859397
4181 3474395137
4182 3476753297
4183 3477460901
4184 3481708037
4185 3482888257
4186 3483832577
4187 3484068677
4188 3485013157
4189 3485249297
4190 3488792357
4191 3489264901
4192 3493282817
4193 3497539601
4194 3498012737
4195 3498249317
4196 3504640001
4197 3506297797
4198 3508666757
4199 3509851537
4200 3510562501
4201 3511747601
4202 3513644177
4203 3515304101
4204 3515778437
4205 3516015617
4206 3517201637
4207 3518387857
4208 3518862401
4209 3523134737
4210 3524796901
4211 3529548101
4212 3530736401
4213 3532400357
4214 3533826917
4215 3537156677
4216 3537394577
4217 3539536037
4218 3541440101
4219 3541916197
4220 3542154257
4221 3544297157
4222 3545487937
4223 3545726117
4224 3548584901
4225 3552636817
4226 3554067457
4227 3554544401
4228 3558599717
4229 3559315601
4230 3562179857
4231 3562418597
4232 3562896101
4233 3563612417
4234 3564806437
4235 3568389697
4236 3570062501
4237 3572452901
4238 3576518417
4239 3578432401
4240 3578910977
4241 3579150277
4242 3581543717
4243 3582740737
4244 3583937957
4245 3587291237
4246 3588010001
4247 3589687397
4248 3589927057
4249 3592803601
4250 3594002501
4251 3594721937
4252 3599520017
4253 3602880577
4254 3603600901
4255 3604321297
4256 3606002501
4257 3606482917
4258 3607684097
4259 3610087057
4260 3613212101
4261 3615135877
4262 3616338497
4263 3616819601
4264 3617300737
4265 3623317637
4266 3624040001
4267 3624521617
4268 3627171077
4269 3629580517
4270 3633678401
4271 3635366437
4272 3638984977
4273 3639708901
4274 3642122501
4275 3644536901
4276 3646468997
4277 3647435237
4278 3650576401
4279 3651784901
4280 3653477137
4281 3655411601
4282 3657346577
4283 3657830401
4284 3664365157
4285 3667513601
4286 3668724901
4287 3670663397
4288 3671875217
4289 3672844817
4290 3674784401
4291 3676481957
4292 3677937317
4293 3680848901
4294 3685704101
4295 3686432657
4296 3687647077
4297 3688861697
4298 3689347601
4299 3692263697
4300 3693479077
4301 3694694657
4302 3695424101
4303 3696640001
4304 3699072401
4305 3702235717
4306 3703939601
4307 3704669957
4308 3705156901
4309 3712952357
4310 3713683601
4311 3715390117
4312 3717828677
4313 3719048257
4314 3720512017
4315 3721732037
4316 3730277777
4317 3733698817
4318 3733943237
4319 3736143377
4320 3736387877
4321 3738833317
4322 3741034897
4323 3742258277
4324 3742992401
4325 3743481857
4326 3746174437
4327 3746664101
4328 3748378177
4329 3748623077
4330 3749602757
4331 3750337601
4332 3752052517
4333 3754012901
4334 3758916101
4335 3760142401
4336 3763822501
4337 3764558737
4338 3765540497
4339 3768732101
4340 3769468817
4341 3770696837
4342 3776594117
4343 3777331601
4344 3778069157
4345 3778560901
4346 3779790401
4347 3780282257
4348 3781020101
4349 3782742017
4350 3787171601
4351 3787910117
4352 3793328101
4353 3794067217
4354 3795792101
4355 3797517377
4356 3798256901
4357 3799489601
4358 3803682277
4359 3806149637
4360 3807383617
4361 3812321537
4362 3812568517
4363 3813556517
4364 3813803537
4365 3816274177
4366 3818004101
4367 3819981637
4368 3826164737
4369 3827401957
4370 3831610001
4371 3834086401
4372 3837306917
4373 3839537297
4374 3840280901
4375 3843256037
4376 3843504017
4377 3844000001
4378 3848465297
4379 3850202501
4380 3850947137
4381 3851443601
4382 3852188357
4383 3854423057
4384 3855664837
4385 3856410001
4386 3857652101
4387 3860633957
4388 3860882497
4389 3861379601
4390 3863865601
4391 3866352401
4392 3867098597
4393 3868093637
4394 3868342417
4395 3870581797
4396 3874315537
4397 3876307601
4398 3876805697
4399 3879545797
4400 3880044101
4401 3880542437
4402 3889268497
4403 3890515877
4404 3891264401
4405 3892512101
4406 3893760001
4407 3894508837
4408 3895757057
4409 3897504901
4410 3898254097
4411 3898753601
4412 3902001157
4413 3904250257
4414 3907000037
4415 3908750401
4416 3909500677
4417 3911751937
4418 3913002917
4419 3914504357
4420 3916256401
4421 3916757057
4422 3919260817
4423 3921264401
4424 3923017957
4425 3925523717
4426 3925774337
4427 3927528901
4428 3928030277
4429 3935805697
4430 3937562501
4431 3940072901
4432 3940575077
4433 3940826177
4434 3942081797
4435 3945096101
4436 3950625317
4437 3956410001
4438 3957668101
4439 3958171397
4440 3958423057
4441 3961443601
4442 3966984257
4443 3967236197
4444 3969504017
4445 3971520401
4446 3974545937
4447 3975302501
4448 3982367237
4449 3985396901
4450 3986659601
4451 3989690897
4452 3989943557
4453 3991712401
4454 3992217857
4455 3993734417
4456 3994240001
4457 3997527077
4458 4001321537
4459 4001827601
4460 4004358401
4461 4004864657
4462 4006130437
4463 4006890001
4464 4008156101
4465 4008915857
4466 4010688901
4467 4013982737
4468 4020067217
4469 4025141137
4470 4026410117
4471 4028440901
4472 4029202577
4473 4033012037
4474 4036569157
4475 4037839937
4476 4038094117
4477 4043179397
4478 4043688101
4479 4049540497
4480 4052595601
4481 4053868901
4482 4054378277
4483 4055651857
4484 4058199617
4485 4058454437
4486 4058964101
4487 4059728657
4488 4060748177
4489 4061003077
4490 4066102757
4491 4067378177
4492 4069164101
4493 4071205637
4494 4072992401
4495 4073502977
4496 4074779557
4497 4075034897
4498 4076056337
4499 4076822501
4500 4078865957
4501 4080143377
4502 4081165457
4503 4082698817
4504 4088835137
4505 4090114117
4506 4090369937
4507 4090881601
4508 4091649157
4509 4092928577
4510 4095488017
4511 4096768037
4512 4100353157
4513 4101121601
4514 4102402501
4515 4104452357
4516 4105733777
4517 4108297217
4518 4109579237
4519 4112143877
4520 4117275557
4521 4119585857
4522 4121640001
4523 4122924101
4524 4128062501
4525 4133718437
4526 4137834277
4527 4140407717
4528 4142209601
4529 4142724497
4530 4143496901
4531 4144269377
4532 4144784401
4533 4146072101
4534 4146844817
4535 4147875217
4536 4150451777
4537 4152513601
4538 4155607297
4539 4157670401
4540 4159734017
4541 4160250001
4542 4161024037
4543 4161540101
4544 4162314257
4545 4162830401
4546 4164120901
4547 4165927937
4548 4171351397
4549 4172384837
4550 4175227457
4551 4176519877
4552 4177553957
4553 4178329601
4554 4180915601
4555 4184019857
4556 4184278597
4557 4186607617
4558 4188678401
4559 4189455077
4560 4192044517
4561 4192562501
4562 4193857601
4563 4195152901
4564 4195930177
4565 4197225797
4566 4197744101
4567 4199817637
4568 4204225601
4569 4204744337
4570 4207338497
4571 4207597957
4572 4208635877
4573 4209414401
4574 4211490817
4575 4215385477
4576 4218502501
4577 4222920257
4578 4227600401
4579 4229681297
4580 4233584357
4581 4235927057
4582 4236708101
4583 4237228837
4584 4238530817
4585 4239312101
4586 4241916901
4587 4242698497
4588 4244522501
4589 4245304337
4590 4247128901
4591 4247910977
4592 4252344101
4593 4252865797
4594 4256779537
4595 4258084517
4596 4259389697
4597 4260172901
4598 4262784101
4599 4264090001
4600 4268531557
4601 4270622501
4602 4272452497
4603 4272713957
4604 4273759877
4605 4274544401
4606 4276636817
4607 4280561477
4608 4282393601
4609 4285797157
4610 4290250001
4611 4290774017
4612 4291036037
4613 4292870401
4614 4293394577
4615 4294705157
4616 4295491601
4617 4296278117
4618 4298113601
4619 4298900357
4620 4307296901
4621 4308084497
4622 4309397317
4623 4311760897
4624 4312023557
4625 4312548901
4626 4313074277
4627 4313336977
4628 4313862401
4629 4319644177
4630 4320432901
4631 4321747601
4632 4323851537
4633 4324903697
4634 4328324101
4635 4334115557
4636 4334378897
4637 4335695717
4638 4338856901
4639 4340701457
4640 4343600837
4641 4344128101
4642 4345973777
4643 4352568677
4644 4353888257
4645 4356000001
4646 4359432677
4647 4359960901
4648 4360489157
4649 4363395137
4650 4367359397
4651 4368416837
4652 4370003237
4653 4374499601
4654 4375293317
4655 4377674897
4656 4384558657
4657 4389592517
4658 4398872977
4659 4405773377
4660 4406304401
4661 4407632101
4662 4408163237
4663 4411085057
4664 4412147777
4665 4412413477
4666 4412944901
4667 4413476357
4668 4420122257
4669 4420388197
4670 4421718017
4671 4423048037
4672 4427039297
4673 4430233601
4674 4433429057
4675 4434228101
4676 4437424997
4677 4438757377
4678 4443555601
4679 4444088897
4680 4445422277
4681 4447556101
4682 4448356417
4683 4448890001
4684 4449690437
4685 4452359077
4686 4453693697
4687 4454761537
4688 4457431697
4689 4458767077
4690 4462240001
4691 4464912401
4692 4465446977
4693 4468387717
4694 4470259601
4695 4471596901
4696 4472399377
4697 4473469457
4698 4475610001
4699 4476145217
4700 4479624901
4701 4488464017
4702 4489000001
4703 4489536017
4704 4491144257
4705 4493557157
4706 4494361601
4707 4497580097
4708 4497848357
4709 4499189777
4710 4499726401
4711 4501873217
4712 4504557457
4713 4506436901
4714 4510465601
4715 4511002897
4716 4513689857
4717 4515033637
4718 4515840001
4719 4519335077
4720 4522024517
4721 4524445697
4722 4524714757
4723 4525791077
4724 4531174597
4725 4533328901
4726 4534136897
4727 4536830737
4728 4537908497
4729 4538716901
4730 4540064401
4731 4544647397
4732 4546804901
4733 4548153601
4734 4551391297
4735 4554090257
4736 4557060037
4737 4557600101
4738 4562462117
4739 4564894097
4740 4567056401
4741 4567597057
4742 4567867397
4743 4568408101
4744 4568948837
4745 4573005377
4746 4574628497
4747 4575981317
4748 4578687557
4749 4584644101
4750 4587352901
4751 4588707601
4752 4590062501
4753 4592772901
4754 4593586177
4755 4594128401
4756 4594941797
4757 4600908901
4758 4603622501
4759 4607151377
4760 4608237457
4761 4612311397
4762 4613669777
4763 4615028357
4764 4616387137
4765 4617746117
4766 4619377157
4767 4620464677
4768 4621280401
4769 4624816037
4770 4626720401
4771 4628897297
4772 4629441601
4773 4629985937
4774 4631346917
4775 4631619137
4776 4633524901
4777 4636792837
4778 4641696901
4779 4642241957
4780 4643604737
4781 4647148901
4782 4649330597
4783 4651785617
4784 4656151697
4785 4656697601
4786 4658062501
4787 4662158401
4788 4663524101
4789 4665436417
4790 4665709637
4791 4666802597
4792 4667075857
4793 4668168977
4794 4672269317
4795 4673089601
4796 4676371457
4797 4677192101
4798 4678012817
4799 4679380837
4800 4679928101
4801 4682664901
4802 4683486097
4803 4685950117
4804 4688140901
4805 4688688677
4806 4690058257
4807 4694442257
4808 4696909157
4809 4697183297
4810 4699102501
4811 4700473601
4812 4701296357
4813 4704588101
4814 4708704401
4815 4709253377
4816 4711449601
4817 4713646337
4818 4717766597
4819 4718865637
4820 4719140417
4821 4722988177
4822 4723812901
4823 4724362757
4824 4727112517
4825 4731238657
4826 4734265637
4827 4734816101
4828 4735641857
4829 4738394897
4830 4742250497
4831 4743903377
4832 4745005457
4833 4745280997
4834 4745832101
4835 4746383237
4836 4747761217
4837 4750517777
4838 4758792257
4839 4761000001
4840 4761828037
4841 4762932197
4842 4765693157
4843 4767073937
4844 4767350117
4845 4768731137
4846 4769283601
4847 4778956901
4848 4781722501
4849 4782552337
4850 4783658897
4851 4784488901
4852 4785042277
4853 4790577797
4854 4794731537
4855 4796947601
4856 4804707857
4857 4812196901
4858 4814139457
4859 4817748101
4860 4821913601
4861 4826914577
4862 4833586577
4863 4835255297
4864 4835811601
4865 4837202501
4866 4838037137
4867 4844160001
4868 4844716817
4869 4844995237
4870 4848336901
4871 4848893957
4872 4850286737
4873 4851679717
4874 4851958337
4875 4856696101
4876 4857253637
4877 4860320657
4878 4860878401
4879 4872040001
4880 4878463717
4881 4880419601
4882 4884612101
4883 4887408101
4884 4889645477
4885 4892163137
4886 4892442917
4887 4893002501
4888 4895241157
4889 4900840037
4890 4901960197
4891 4902240257
4892 4905601601
4893 4912047397
4894 4913168837
4895 4914851237
4896 4917375377
4897 4919058497
4898 4921022501
4899 4922986897
4900 4923828901
4901 4925793857
4902 4926636101
4903 4927197637
4904 4928601617
4905 4929444101
4906 4932252901
4907 4933095697
4908 4934500517
4909 4935624517
4910 4937310757
4911 4940684101
4912 4942652417
4913 4943496101
4914 4944902401
4915 4946308901
4916 4946871557
4917 4950529601
4918 4954188997
4919 4955315237
4920 4958976401
4921 4960384901
4922 4965175297
4923 4966584677
4924 4966866577
4925 4970250001
4926 4971096037
4927 4972224197
4928 4975045157
4929 4976455937
4930 4977302501
4931 4984360001
4932 4984924817
4933 4985207237
4934 4986619457
4935 4988596901
4936 4994814277
4937 4995662401
4938 4996227857
4939 4997924417
4940 4999055617
4941 4999338437
4942 5004147601
4943 5004713537
4944 5006411537
4945 5009242177
4946 5012073617
4947 5012640001
4948 5018872337
4949 5019155717
4950 5020289317
4951 5025392101
4952 5026242817
4953 5031064901
4954 5033902501
4955 5036740901
4956 5039012197
4957 5041852037
4958 5046113297
4959 5050944901
4960 5051513477
4961 5052366401
4962 5055210001
4963 5055778817
4964 5059476901
4965 5060045957
4966 5064314897
4967 5067161857
4968 5071433797
4969 5073712901
4970 5075137601
4971 5075992517
4972 5080268177
4973 5081693797
4974 5084260417
4975 5088539557
4976 5090822501
4977 5093105957
4978 5095104401
4979 5095675457
4980 5101673477
4981 5102816357
4982 5103102097
4983 5109962257
4984 5110248197
4985 5111678017
4986 5112250001
4987 5114538257
4988 5116540901
4989 5119402501
4990 5127132817
4991 5127992101
4992 5128851457
4993 5133722501
4994 5134295717
4995 5135155601
4996 5136015557
4997 5138022401
4998 5140316417
4999 5141750437
5000 5147488517
5001 5148062501
5002 5149497601
5003 5150071697
5004 5151794177
5005 5153804101
5006 5154665617
5007 5156101637
5008 5160123557
5009 5160410897
5010 5160985601
5011 5162997317
5012 5168747237
5013 5171048101
5014 5171911057
5015 5173349477
5016 5177665937
5017 5181120401
5018 5183136037
5019 5187744677
5020 5189185297
5021 5189761601
5022 5190337937
5023 5192643601
5024 5194661477
5025 5197544837
5026 5201294401
5027 5202159877
5028 5202736901
5029 5203313957
5030 5203602497
5031 5206199717
5032 5207931557
5033 5209374977
5034 5209952401
5035 5212262417
5036 5213417617
5037 5218617601
5038 5221507601
5039 5222085697
5040 5223820177
5041 5225265797
5042 5225844101
5043 5230182401
5044 5231628901
5045 5233943717
5046 5238864401
5047 5239732997
5048 5241760001
5049 5242339217
5050 5243208101
5051 5245525477
5052 5250451601
5053 5251031297
5054 5252770577
5055 5255380037
5056 5256830017
5057 5259730577
5058 5260600901
5059 5262631937
5060 5264373137
5061 5271631237
5062 5272792997
5063 5273083457
5064 5274245377
5065 5277441317
5066 5278022501
5067 5278894337
5068 5279475601
5069 5283836101
5070 5284417637
5071 5292562501
5072 5298966437
5073 5300713637
5074 5301878597
5075 5303626277
5076 5304208901
5077 5307122501
5078 5307705317
5079 5310619877
5080 5316451397
5081 5319660097
5082 5321702501
5083 5322577937
5084 5326956197
5085 5328416017
5086 5331920401
5087 5334841601
5088 5336302501
5089 5337763601
5090 5339809477
5091 5340101777
5092 5340686401
5093 5341271057
5094 5348874497
5095 5349459601
5096 5353263557
5097 5354434277
5098 5358825617
5099 5359704101
5100 5361168401
5101 5363511697
5102 5364683537
5103 5369958401
5104 5371424101
5105 5372010437
5106 5373476417
5107 5374942597
5108 5375822401
5109 5379342337
5110 5381689601
5111 5383743877
5112 5385211457
5113 5386972817
5114 5387560001
5115 5390496401
5116 5391083777
5117 5395490117
5118 5395783937
5119 5401662017
5120 5403132037
5121 5404308197
5122 5406072677
5123 5408131601
5124 5408719937
5125 5410190917
5126 5411073601
5127 5411956357
5128 5413427777
5129 5414605057
5130 5418432101
5131 5419904401
5132 5421965957
5133 5424911717
5134 5427268901
5135 5430805637
5136 5436702757
5137 5439947537
5138 5446440001
5139 5448801857
5140 5449392401
5141 5454413317
5142 5456185957
5143 5456776901
5144 5457663377
5145 5460323237
5146 5460618817
5147 5466236357
5148 5467123601
5149 5467715137
5150 5470081601
5151 5471560901
5152 5473632257
5153 5478368257
5154 5479552577
5155 5479848677
5156 5481033157
5157 5483402501
5158 5489920837
5159 5492884997
5160 5497629317
5161 5501782277
5162 5502672401
5163 5506233617
5164 5507124101
5165 5508608401
5166 5510983697
5167 5511577601
5168 5513062501
5169 5515438757
5170 5521381637
5171 5522570597
5172 5524948901
5173 5526435601
5174 5527922501
5175 5532384401
5176 5532979457
5177 5540420357
5178 5548164197
5179 5549356037
5180 5550250001
5181 5554124677
5182 5555615297
5183 5556211601
5184 5558298917
5185 5558597137
5186 5559790097
5187 5562176401
5188 5563668101
5189 5565756817
5190 5568741377
5191 5569636901
5192 5570532497
5193 5576206277
5194 5576504977
5195 5577998597
5196 5586067601
5197 5592048401
5198 5593544101
5199 5595040001
5200 5598630977
5201 5601025601
5202 5604019601
5203 5606415377
5204 5607613457
5205 5607912997
5206 5609410817
5207 5613006401
5208 5624100037
5209 5625600017
5210 5626500101
5211 5627100197
5212 5627400257
5213 5628000401
5214 5628900677
5215 5630401297
5216 5637607057
5217 5637907397
5218 5643915877
5219 5649626897
5220 5652934597
5221 5654438417
5222 5658048401
5223 5664970757
5224 5665572901
5225 5666175077
5226 5666476177
5227 5672499857
5228 5675211557
5229 5682747457
5230 5686064837
5231 5686668101
5232 5688176401
5233 5689081477
5234 5689684901
5235 5691193601
5236 5694815297
5237 5695117157
5238 5699344037
5239 5704176677
5240 5704780901
5241 5707198117
5242 5707802501
5243 5712336401
5244 5718989377
5245 5719896901
5246 5723830337
5247 5725948901
5248 5730490001
5249 5732004101
5250 5737153537
5251 5741699077
5252 5743214657
5253 5743517797
5254 5745033617
5255 5746246417
5256 5750188901
5257 5751098897
5258 5752615717
5259 5755346497
5260 5757774401
5261 5759899237
5262 5762935397
5263 5763846401
5264 5767491137
5265 5768402501
5266 5772048677
5267 5772352577
5268 5777520101
5269 5785123601
5270 5787253477
5271 5787557777
5272 5789079397
5273 5789688101
5274 5791210001
5275 5791818817
5276 5793645457
5277 5795167877
5278 5796385957
5279 5802782977
5280 5803392401
5281 5808878657
5282 5813452517
5283 5814672517
5284 5817112901
5285 5819248657
5286 5819553797
5287 5820774437
5288 5821079617
5289 5822605637
5290 5824742401
5291 5825352977
5292 5827184897
5293 5830238737
5294 5834515457
5295 5836960001
5296 5838488101
5297 5839405057
5298 5840933477
5299 5841544901
5300 5843073601
5301 5845214117
5302 5846743297
5303 5851332037
5304 5855310401
5305 5857453157
5306 5864496401
5307 5865415397
5308 5871237377
5309 5872769957
5310 5874609317
5311 5875222501
5312 5875835717
5313 5879822401
5314 5880742597
5315 5881356101
5316 5881969637
5317 5883810437
5318 5886572177
5319 5886879077
5320 5887492901
5321 5891483537
5322 5892711697
5323 5896704101
5324 5898240001
5325 5902234277
5326 5903463557
5327 5905922501
5328 5906537317
5329 5906844737
5330 5917301777
5331 5918840357
5332 5919148097
5333 5922841601
5334 5923457297
5335 5924996677
5336 5930540101
5337 5932696577
5338 5935777937
5339 5940709777
5340 5945026817
5341 5945335237
5342 5945952101
5343 5948419877
5344 5949962497
5345 5950579601
5346 5953048337
5347 5959222417
5348 5962928401
5349 5968489537
5350 5972816657
5351 5985188497
5352 5986735877
5353 5993237057
5354 5995404901
5355 5996024357
5356 5998502501
5357 5999122117
5358 6000051601
5359 6004080197
5360 6011831297
5361 6013071937
5362 6015553601
5363 6017104901
5364 6018656401
5365 6020208101
5366 6020828837
5367 6021139217
5368 6025485377
5369 6027037957
5370 6035736101
5371 6038844101
5372 6039465797
5373 6041020177
5374 6041331077
5375 6044440517
5376 6049106177
5377 6053462417
5378 6053773637
5379 6059065601
5380 6059999717
5381 6063113957
5382 6064671377
5383 6067786817
5384 6069968101
5385 6077761601
5386 6091802501
5387 6100547237
5388 6101172101
5389 6103359377
5390 6104921957
5391 6108047717
5392 6112112401
5393 6116178437
5394 6118368401
5395 6120871697
5396 6121497601
5397 6123062501
5398 6125566757
5399 6127758401
5400 6128384657
5401 6132456101
5402 6136215557
5403 6136528897
5404 6144051457
5405 6145619237
5406 6147500837
5407 6150637477
5408 6155343937
5409 6158168677
5410 6159738257
5411 6160680101
5412 6161308037
5413 6164448197
5414 6166960901
5415 6168531601
5416 6173873477
5417 6175445057
5418 6175759397
5419 6177331217
5420 6180160997
5421 6181104401
5422 6181733377
5423 6185822501
5424 6188024897
5425 6188339557
5426 6192116101
5427 6193060417
5428 6194319617
5429 6199042757
5430 6200617537
5431 6201562501
5432 6203767697
5433 6204082757
5434 6206288401
5435 6209440001
5436 6214168901
5437 6215114897
5438 6216376337
5439 6217953317
5440 6218899601
5441 6220476901
5442 6221107877
5443 6225210001
5444 6227419397
5445 6228366401
5446 6229944901
5447 6239420101
5448 6240052037
5449 6244792577
5450 6247321601
5451 6247953937
5452 6248902501
5453 6249851137
5454 6251116097
5455 6255860837
5456 6257442817
5457 6264722501
5458 6270105857
5459 6272640001
5460 6273590437
5461 6275808401
5462 6278026757
5463 6278343697
5464 6279928517
5465 6281196517
5466 6285318401
5467 6286904101
5468 6287538437
5469 6287855617
5470 6288490001
5471 6289124417
5472 6298961957
5473 6300231877
5474 6301184401
5475 6304360001
5476 6305948101
5477 6306901057
5478 6311349137
5479 6311666917
5480 6312302501
5481 6313255937
5482 6313891601
5483 6317070401
5484 6318024197
5485 6321840101
5486 6322476197
5487 6323430401
5488 6325975297
5489 6328202501
5490 6328838917
5491 6330748357
5492 6333613057
5493 6333931397
5494 6335523217
5495 6338388997
5496 6340299877
5497 6346352897
5498 6350496101
5499 6355278401
5500 6363891077
5501 6368678417
5502 6368997637
5503 6371870977
5504 6376980737
5505 6379855877
5506 6381453457
5507 6385608101
5508 6389444357
5509 6391362917
5510 6394561157
5511 6396800401
5512 6397760197
5513 6398400101
5514 6400640017
5515 6403840577
5516 6404160677
5517 6407041937
5518 6408002501
5519 6408963137
5520 6411204901
5521 6415048837
5522 6420816901
5523 6424663717
5524 6427870277
5525 6431077637
5526 6431398417
5527 6434606657
5528 6435890177
5529 6437494757
5530 6438457601
5531 6442630757
5532 6445841797
5533 6446484101
5534 6452908901
5535 6453551557
5536 6454515601
5537 6457729601
5538 6458372497
5539 6463195237
5540 6463516817
5541 6472846117
5542 6476386577
5543 6479606017
5544 6485725157
5545 6489913601
5546 6500229377
5547 6503777317
5548 6506680897
5549 6508616977
5550 6509262401
5551 6509907857
5552 6511521637
5553 6513458437
5554 6514104101
5555 6523792901
5556 6527670437
5557 6527993617
5558 6534135557
5559 6535752337
5560 6539309957
5561 6539956901
5562 6541574401
5563 6542544997
5564 6545780837
5565 6547075397
5566 6554521601
5567 6556788677
5568 6557112577
5569 6558732197
5570 6561000001
5571 6565860901
5572 6572993477
5573 6578183237
5574 6579805457
5575 6583050497
5576 6583699601
5577 6584348737
5578 6584673317
5579 6586945601
5580 6588568901
5581 6589218277
5582 6589542977
5583 6593440001
5584 6599937601
5585 6600587537
5586 6602212517
5587 6609039617
5588 6611966597
5589 6613918277
5590 6614568901
5591 6616846337
5592 6617822501
5593 6620100497
5594 6621076901
5595 6621727877
5596 6623355457
5597 6626611217
5598 6631822097
5599 6636383297
5600 6637360901
5601 6642250001
5602 6642902017
5603 6645510401
5604 6646162577
5605 6646488677
5606 6650402501
5607 6653012357
5608 6655949057
5609 6658560001
5610 6660192101
5611 6662803877
5612 6664436497
5613 6665742737
5614 6682081537
5615 6683716517
5616 6684697601
5617 6687968401
5618 6698440337
5619 6703351877
5620 6704334401
5621 6706954817
5622 6708265217
5623 6715146917
5624 6720720401
5625 6727280401
5626 6728920901
5627 6729905297
5628 6739424837
5629 6739753217
5630 6749279717
5631 6751908901
5632 6754209857
5633 6754538597
5634 6758484101
5635 6765720517
5636 6767365697
5637 6773948417
5638 6780863717
5639 6782181317
5640 6784157957
5641 6787123457
5642 6790419217
5643 6791408101
5644 6796353601
5645 6800641157
5646 6801300901
5647 6805590017
5648 6809550401
5649 6810540677
5650 6816814097
5651 6818795777
5652 6827716901
5653 6834328901
5654 6834990277
5655 6835320977
5656 6836974597
5657 6837636101
5658 6838297637
5659 6839290001
5660 6839951617
5661 6844252901
5662 6844914757
5663 6863459717
5664 6864122501
5665 6865116737
5666 6866442497
5667 6870752101
5668 6879707137
5669 6880038917
5670 6888336017
5671 6889664017
5672 6889996037
5673 6896638117
5674 6898299137
5675 6903283397
5676 6903948101
5677 6904612837
5678 6909599377
5679 6911594497
5680 6912924737
5681 6913922501
5682 6923238437
5683 6923904101
5684 6926234177
5685 6930562501
5686 6934559077
5687 6937224101
5688 6937890437
5689 6940556101
5690 6941555857
5691 6943222277
5692 6947889317
5693 6948889601
5694 6952224401
5695 6953224997
5696 6957228101
5697 6958896401
5698 6960564901
5699 6963234917
5700 6964570117
5701 6964903937
5702 6966239297
5703 6968242577
5704 6969912197
5705 6970580101
5706 6980602501
5707 6982942097
5708 6986285057
5709 6988960001
5710 6989963237
5711 6991635457
5712 6995649601
5713 7009038401
5714 7010043077
5715 7015067537
5716 7022440001
5717 7026798277
5718 7028139557
5719 7037532101
5720 7040216837
5721 7043573477
5722 7048274117
5723 7049953297
5724 7059360401
5725 7060368677
5726 7066083601
5727 7073482817
5728 7078866497
5729 7079539601
5730 7082232337
5731 7083915557
5732 7085598977
5733 7087282597
5734 7093008401
5735 7095366757
5736 7095703697
5737 7105815617
5738 7108850597
5739 7113235601
5740 7118296901
5741 7119309377
5742 7119984401
5743 7121672101
5744 7126061057
5745 7126736401
5746 7127411777
5747 7131802501
5748 7135180901
5749 7136194577
5750 7136870401
5751 7137546257
5752 7140250001
5753 7141264037
5754 7144306577
5755 7145320901
5756 7146335297
5757 7148702501
5758 7149717137
5759 7151070097
5760 7155468101
5761 7160544401
5762 7161559877
5763 7164606737
5764 7171379857
5765 7174767617
5766 7177478401
5767 7179172901
5768 7179850757
5769 7181545537
5770 7181884517
5771 7184257601
5772 7186631077
5773 7188665797
5774 7189344101
5775 7193753857
5776 7195110977
5777 7197146897
5778 7200201317
5779 7204614401
5780 7206312101
5781 7208689217
5782 7210387397
5783 7213104901
5784 7218881297
5785 7221600401
5786 7226700101
5787 7227380197
5788 7229080577
5789 7229420677
5790 7230781157
5791 7232822117
5792 7234523137
5793 7242010001
5794 7246095377
5795 7246435877
5796 7249841317
5797 7250522501
5798 7251203717
5799 7252225601
5800 7253928901
5801 7259721617
5802 7261766657
5803 7266539537
5804 7269267601
5805 7271655077
5806 7272678401
5807 7273360657
5808 7273701797
5809 7275066437
5810 7280526277
5811 7288719877
5812 7290768997
5813 7292476817
5814 7293160001
5815 7295893057
5816 7310250001
5817 7312986257
5818 7318118117
5819 7319486917
5820 7320513601
5821 7324963397
5822 7328044817
5823 7328387237
5824 7329756997
5825 7332496901
5826 7335237317
5827 7338663557
5828 7339348901
5829 7340034277
5830 7341062401
5831 7343804417
5832 7344490001
5833 7345518437
5834 7355463697
5835 7362669637
5836 7370222501
5837 7371252737
5838 7374687377
5839 7381559057
5840 7386714917
5841 7387402501
5842 7391872577
5843 7397720101
5844 7399440401
5845 7405290917
5846 7408044901
5847 7409077777
5848 7409766401
5849 7414243237
5850 7419065957
5851 7420099601
5852 7420788737
5853 7422511717
5854 7427681857
5855 7436647697
5856 7438372517
5857 7441822757
5858 7444928657
5859 7446654437
5860 7448725637
5861 7449416101
5862 7451832977
5863 7459085957
5864 7459776901
5865 7462195457
5866 7463923237
5867 7473602501
5868 7474294117
5869 7478098577
5870 7481558017
5871 7482942017
5872 7483288037
5873 7484672197
5874 7487440901
5875 7489171601
5876 7489863937
5877 7490902501
5878 7491594917
5879 7493326097
5880 7493672357
5881 7496789057
5882 7499560001
5883 7500252817
5884 7505449957
5885 7507182737
5886 7515156101
5887 7519317797
5888 7523133697
5889 7524868517
5890 7525562501
5891 7532504101
5892 7534240001
5893 7534934417
5894 7537017857
5895 7538754277
5896 7540490897
5897 7542227717
5898 7547439377
5899 7549176997
5900 7552305217
5901 7555086401
5902 7555781777
5903 7558563601
5904 7563085157
5905 7565520401
5906 7566564197
5907 7567956037
5908 7569000001
5909 7577702501
5910 7580140097
5911 7583971397
5912 7585713217
5913 7586410001
5914 7587455237
5915 7588152101
5916 7590939877
5917 7591636901
5918 7593379601
5919 7596168337
5920 7597562897
5921 7599306277
5922 7601049857
5923 7602793637
5924 7608026177
5925 7612562501
5926 7615354757
5927 7618496657
5928 7620591617
5929 7621988417
5930 7625480977
5931 7629323717
5932 7632817957
5933 7633516901
5934 7643305477
5935 7645054097
5936 7645753601
5937 7649251601
5938 7650301157
5939 7655550017
5940 7661500901
5941 7666053137
5942 7670957057
5943 7672708837
5944 7673059217
5945 7676563457
5946 7677264401
5947 7680068497
5948 7681470737
5949 7686028901
5950 7691991617
5951 7693745797
5952 7695851077
5953 7698307601
5954 7699009537
5955 7699360517
5956 7702519697
5957 7708137617
5958 7714811557
5959 7717622501
5960 7720082497
5961 7721136901
5962 7723597457
5963 7730981477
5964 7732388357
5965 7736257937
5966 7741536197
5967 7742240101
5968 7744704017
5969 7746464197
5970 7746816257
5971 7752098117
5972 7754563601
5973 7757029477
5974 7763372101
5975 7773948901
5976 7776770597
5977 7778534417
5978 7779945617
5979 7782062657
5980 7782768401
5981 7783474177
5982 7795124101
5983 7796890001
5984 7799715857
5985 7801128977
5986 7804662337
5987 7811731457
5988 7813499237
5989 7815620837
5990 7816328101
5991 7817035397
5992 7817389057
5993 7818096401
5994 7821633601
5995 7823402501
5996 7824463937
5997 7827648677
5998 7828002577
5999 7829418257
6000 7834728197
6001 7836498577
6002 7837560901
6003 7838269157
6004 7838623297
6005 7840039937
6006 7844644901
6007 7849251217
6008 7851023237
6009 7852440997
6010 7853504401
6011 7855276901
6012 7861659557
6013 7871948177
6014 7874787601
6015 7877272517
6016 7881888401
6017 7882598657
6018 7883664101
6019 7884729617
6020 7888281857
6021 7890058277
6022 7892545601
6023 7895033317
6024 7909612097
6025 7913169937
6026 7919932037
6027 7920288017
6028 7921000001
6029 7921712017
6030 7925628677
6031 7927409297
6032 7928121601
6033 7931683601
6034 7932396097
6035 7943087377
6036 7943443877
6037 7948435717
6038 7948792337
6039 7954856101
6040 7957710437
6041 7963063697
6042 7964491537
6043 7967347601
6044 7974490001
6045 7976276101
6046 7977347857
6047 7981635601
6048 7987711877
6049 7991287237
6050 7992360001
6051 7993075217
6052 7997009477
6053 8000586917
6054 8003807297
6055 8008460101
6056 8010966017
6057 8012756197
6058 8014546577
6059 8015620901
6060 8019918917
6061 8020277137
6062 8022068357
6063 8024576401
6064 8025293057
6065 8026368101
6066 8034253957
6067 8034612497
6068 8040708901
6069 8046090001
6070 8047884101
6071 8050755077
6072 8055062501
6073 8059371077
6074 8060448401
6075 8066554597
6076 8070147557
6077 8076616901
6078 8079133457
6079 8079492997
6080 8083808101
6081 8088484097
6082 8089203601
6083 8089923137
6084 8097120257
6085 8101080037
6086 8101800101
6087 8102520197
6088 8102880257
6089 8109722917
6090 8110803601
6091 8111884357
6092 8114406401
6093 8116928837
6094 8118010001
6095 8120532997
6096 8125219601
6097 8134236101
6098 8136761617
6099 8138565797
6100 8139648401
6101 8140370177
6102 8143979537
6103 8153367617
6104 8158424977
6105 8161315601
6106 8162038337
6107 8163845317
6108 8165652497
6109 8166013957
6110 8167459877
6111 8168544401
6112 8172160001
6113 8176499777
6114 8181202501
6115 8185906577
6116 8187354257
6117 8188440101
6118 8192060101
6119 8196405157
6120 8200389137
6121 8205823397
6122 8217422501
6123 8223587857
6124 8224676101
6125 8227215617
6126 8229029797
6127 8230118401
6128 8242824101
6129 8248272401
6130 8254812737
6131 8256266497
6132 8259901457
6133 8262810001
6134 8269356097
6135 8276268677
6136 8278452197
6137 8280272017
6138 8282820101
6139 8287553297
6140 8290102501
6141 8293016357
6142 8294473477
6143 8294837777
6144 8298116837
6145 8299938817
6146 8301032101
6147 8306499601
6148 8309051717
6149 8310145601
6150 8311239557
6151 8314886597
6152 8316345637
6153 8321088401
6154 8325467537
6155 8327657537
6156 8330212901
6157 8330943077
6158 8331308177
6159 8332768657
6160 8341899557
6161 8343726337
6162 8346649601
6163 8347380497
6164 8353960001
6165 8367492677
6166 8371152037
6167 8372250001
6168 8373348037
6169 8375910401
6170 8378473157
6171 8382501137
6172 8394224401
6173 8397889601
6174 8398989317
6175 8399722501
6176 8400822337
6177 8408890001
6178 8409990437
6179 8413292177
6180 8414392901
6181 8420631697
6182 8423568401
6183 8428341637
6184 8429076101
6185 8430912401
6186 8435320337
6187 8435687717
6188 8437524737
6189 8440831877
6190 8450389477
6191 8456641601
6192 8465840101
6193 8466576197
6194 8467680401
6195 8471361601
6196 8474307137
6197 8476148357
6198 8481673217
6199 8483146817
6200 8492359717
6201 8492728337
6202 8494571557
6203 8497889857
6204 8503790657
6205 8504528401
6206 8507110757
6207 8511907601
6208 8513752901
6209 8514860177
6210 8516705797
6211 8518182437
6212 8522243857
6213 8524090277
6214 8529261317
6215 8534803457
6216 8548111937
6217 8548851601
6218 8549961157
6219 8550700901
6220 8555510017
6221 8560690577
6222 8561800901
6223 8562541157
6224 8563651601
6225 8565502501
6226 8571797057
6227 8574760001
6228 8575871237
6229 8579205377
6230 8579575877
6231 8582169601
6232 8584022501
6233 8586987557
6234 8590323857
6235 8590694597
6236 8599965697
6237 8600707601
6238 8605530757
6239 8610726437
6240 8611097617
6241 8615552401
6242 8618522897
6243 8620008337
6244 8624093957
6245 8629666817
6246 8630410001
6247 8634126401
6248 8636728357
6249 8638958917
6250 8644164677
6251 8645280401
6252 8648256017
6253 8653836677
6254 8661280357
6255 8670589457
6256 8672451877
6257 8673941957
6258 8681394277
6259 8682512401
6260 8686240001
6261 8688849797
6262 8689968401
6263 8698173697
6264 8703770437
6265 8709368977
6266 8710488901
6267 8719077377
6268 8720944997
6269 8721692101
6270 8724307217
6271 8728043777
6272 8729912357
6273 8733650117
6274 8734771601
6275 8737388677
6276 8738510401
6277 8743372037
6278 8757216401
6279 8757965057
6280 8762832101
6281 8770322501
6282 8771071717
6283 8771446337
6284 8780439617
6285 8780814437
6286 8781564101
6287 8783438401
6288 8784563077
6289 8785312901
6290 8786437697
6291 8787937537
6292 8789062501
6293 8792062757
6294 8795438657
6295 8797689617
6296 8802192401
6297 8818336837
6298 8823596357
6299 8825475137
6300 8827354117
6301 8828481601
6302 8829233297
6303 8834872037
6304 8839760401
6305 8851046401
6306 8851799057
6307 8852928101
6308 8860456901
6309 8861586497
6310 8866105601
6311 8867988901
6312 8868742277
6313 8873640001
6314 8878162177
6315 8879292901
6316 8882308517
6317 8888718401
6318 8893244417
6319 8895130597
6320 8898148901
6321 8908716997
6322 8911360001
6323 8912115217
6324 8913248101
6325 8916269477
6326 8919669137
6327 8922691601
6328 8923447297
6329 8925336677
6330 8931384037
6331 8936677157
6332 8942350097
6333 8947268101
6334 8951808997
6335 8955593957
6336 8961272897
6337 8964302401
6338 8980215697
6339 8980594757
6340 8982490177
6341 8983248401
6342 8985144101
6343 8988936101
6344 9002214401
6345 9004871237
6346 9005250817
6347 9008667397
6348 9009047057
6349 9010945477
6350 9016262117
6351 9020440577
6352 9031841297
6353 9033742117
6354 9035643137
6355 9037544357
6356 9049716901
6357 9050477957
6358 9054664337
6359 9055425601
6360 9058090277
6361 9059993857
6362 9067991077
6363 9069895697
6364 9070657601
6365 9072562501
6366 9076372901
6367 9078278401
6368 9079040657
6369 9082090001
6370 9083996101
6371 9085902401
6372 9087808901
6373 9088952897
6374 9090859717
6375 9092766737
6376 9100015237
6377 9103068101
6378 9103831397
6379 9105739777
6380 9108030097
6381 9112611601
6382 9115284677
6383 9119486017
6384 9124834577
6385 9126745157
6386 9129038117
6387 9132478097
6388 9132860357
6389 9134389477
6390 9136683397
6391 9145861957
6392 9147009601
6393 9148922501
6394 9150835601
6395 9157341637
6396 9158490001
6397 9161552657
6398 9164998757
6399 9165381697
6400 9168828517
6401 9169977601
6402 9170743697
6403 9174574657
6404 9175724101
6405 9183388901
6406 9184155557
6407 9190289957
6408 9199495397
6409 9199879057
6410 9201413777
6411 9202564901
6412 9205634917
6413 9207553937
6414 9210240901
6415 9212160401
6416 9214848037
6417 9219072257
6418 9220608577
6419 9221760901
6420 9222529157
6421 9224449937
6422 9232135057
6423 9234441217
6424 9236363237
6425 9239823377
6426 9247514897
6427 9248668901
6428 9250592401
6429 9254440001
6430 9260212901
6431 9262137601
6432 9272534437
6433 9274845637
6434 9276771857
6435 9277542401
6436 9281395601
6437 9282551717
6438 9284478737
6439 9286405957
6440 9299516357
6441 9301445137
6442 9302602501
6443 9307232677
6444 9307618577
6445 9308390401
6446 9314952197
6447 9317268677
6448 9319971601
6449 9322674917
6450 9325764901
6451 9327696401
6452 9328469057
6453 9328855397
6454 9333492101
6455 9336583877
6456 9342382337
6457 9343928897
6458 9349729637
6459 9351663617
6460 9352050437
6461 9354758401
6462 9360562501
6463 9364432901
6464 9365594177
6465 9371014417
6466 9374112401
6467 9374886977
6468 9376823557
6469 9379922501
6470 9385734401
6471 9389610001
6472 9392711057
6473 9394261777
6474 9400078117
6475 9402405157
6476 9405896257
6477 9408224017
6478 9409000001
6479 9409776017
6480 9412104257
6481 9414044677
6482 9415597157
6483 9422584901
6484 9433071377
6485 9438122501
6486 9445118597
6487 9446673637
6488 9447840001
6489 9450561797
6490 9452506177
6491 9452895077
6492 9455617601
6493 9459507601
6494 9460674757
6495 9462620177
6496 9464565797
6497 9465344101
6498 9470014597
6499 9471182401
6500 9473907557
6501 9475854337
6502 9478190737
6503 9479748497
6504 9485980817
6505 9490656401
6506 9491435777
6507 9501570577
6508 9502350401
6509 9503130257
6510 9505080037
6511 9516782917
6512 9523808101
6513 9524588837
6514 9526931237
6515 9529664401
6516 9536303717
6517 9539428901
6518 9546071617
6519 9547244101
6520 9548025797
6521 9552325697
6522 9553889537
6523 9558190757
6524 9562101797
6525 9562884101
6526 9569926277
6527 9571882897
6528 9573448337
6529 9574622501
6530 9576579601
6531 9578536901
6532 9581277457
6533 9581668997
6534 9590284901
6535 9596945297
6536 9597337157
6537 9602040101
6538 9606744197
6539 9611057297
6540 9613018117
6541 9613802501
6542 9617724901
6543 9623610001
6544 9630674497
6545 9631459601
6546 9632244737
6547 9637348901
6548 9638134277
6549 9647954177
6550 9648347077
6551 9651883537
6552 9653062501
6553 9658172177
6554 9659744657
6555 9661710437
6556 9666822401
6557 9668002277
6558 9669575557
6559 9671935717
6560 9673509317
6561 9674689601
6562 9677443877
6563 9679804997
6564 9681772817
6565 9685709057
6566 9686496401
6567 9687283777
6568 9688464901
6569 9689646097
6570 9691614917
6571 9693583937
6572 9695159297
6573 9697128677
6574 9705402257
6575 9710919937
6576 9713285137
6577 9714862097
6578 9718016401
6579 9719988101
6580 9725115457
6581 9732611717
6582 9736952977
6583 9738926597
6584 9746823077
6585 9748402757
6586 9748797697
6587 9750377537
6588 9751562501
6589 9752352517
6590 9757488401
6591 9762230417
6592 9766578277
6593 9770531717
6594 9774485957
6595 9778045457
6596 9780023237
6597 9782001217
6598 9786353477
6599 9790310917
6600 9792289937
6601 9794269157
6602 9798228197
6603 9802980101
6604 9804960401
6605 9813676097
6606 9839449637
6607 9840640001
6608 9841830437
6609 9842624101
6610 9846592901
6611 9856518401
6612 9860490001
6613 9861284417
6614 9864462401
6615 9865256977
6616 9868435601
6617 9872409601
6618 9874396901
6619 9877179457
6620 9879564817
6621 9881155217
6622 9885529477
6623 9886324901
6624 9887518097
6625 9889109137
6626 9893485157
6627 9894280901
6628 9895076677
6629 9899454017
6630 9907017157
6631 9917371397
6632 9920160001
6633 9921355237
6634 9925339877
6635 9926136901
6636 9932912897
6637 9937298597
6638 9944078401
6639 9946870757
6640 9953254757
6641 9954851077
6642 9958044101
6643 9960040001
6644 9960838417
6645 9962834597
6646 9966827557
6647 9974016901
6648 9975215377
6649 9983207057
6650 9984805777
6651 9988803137
6652 9992001601
6653 9995200577
6654 9996800257
6655 9998800037
6656 9999200017
6657 10008801937
6658 10012804097
6659 10015205777
6660 10016006401
6661 10022812997
6662 10033227557
6663 10034830277
6664 10045251077
6665 10048057601
6666 10048859537
6667 10053270757
6668 10064904977
6669 10069319717
6670 10070925317
6671 10082971397
6672 10083373057
6673 10092211601
6674 10096230401
6675 10099446017
6676 10101456037
6677 10104270401
6678 10106280901
6679 10109095937
6680 10111106917
6681 10113520357
6682 10114324901
6683 10123176997
6684 10123579457
6685 10126396901
6686 10133643557
6687 10137267857
6688 10137670597
6689 10139684417
6690 10145727077
6691 10147741697
6692 10150562501
6693 10151771537
6694 10153383697
6695 10158624101
6696 10165478977
6697 10167495557
6698 10172739601
6699 10173546497
6700 10174756901
6701 10177581457
6702 10177984997
6703 10178792101
6704 10181617217
6705 10186057477
6706 10192113937
6707 10193729297
6708 10194940901
6709 10196960401
6710 10203828197
6711 10206252677
6712 10207060901
6713 10207869157
6714 10208273297
6715 10221210001
6716 10224445457
6717 10230108737
6718 10239416101
6719 10240225637
6720 10242249617
6721 10248322757
6722 10252372517
6723 10254397697
6724 10255612901
6725 10258853797
6726 10260879617
6727 10268984897
6728 10270606337
6729 10272633317
6730 10277904401
6731 10279932101
6732 10281960001
6733 10289262097
6734 10302250001
6735 10303062017
6736 10303468037
6737 10312402501
6738 10319309057
6739 10319715397
6740 10323779237
6741 10325404997
6742 10326624401
6743 10330689601
6744 10332722501
6745 10333535717
6746 10344924101
6747 10349806757
6748 10350213697
6749 10351027601
6750 10357947077
6751 10359982657
6752 10362425617
6753 10366497857
6754 10372607717
6755 10379534401
6756 10384832837
6757 10386871057
6758 10388501777
6759 10388909477
6760 10389724901
6761 10391763601
6762 10392579137
6763 10406856197
6764 10413386117
6765 10418284901
6766 10420326401
6767 10422368101
6768 10423593217
6769 10425226817
6770 10427677457
6771 10429311377
6772 10430536901
6773 10435848337
6774 10436665601
6775 10444022417
6776 10448928401
6777 10450155077
6778 10455880517
6779 10457925697
6780 10463244101
6781 10473475601
6782 10474703717
6783 10476750737
6784 10477569601
6785 10478388497
6786 10484531237
6787 10485760001
6788 10489856401
6789 10497231937
6790 10498051601
6791 10503380197
6792 10510350401
6793 10511170577
6794 10513221157
6795 10515682117
6796 10517322917
6797 10523477057
6798 10523887397
6799 10531685377
6800 10543182401
6801 10546057637
6802 10547290001
6803 10548111617
6804 10551398401
6805 10552220177
6806 10554685697
6807 10556740517
6808 10557562501
6809 10569896101
6810 10572774977
6811 10573186277
6812 10574831557
6813 10575242897
6814 10583471377
6815 10589644837
6816 10590468101
6817 10595820097
6818 10604880401
6819 10610236037
6820 10621363601
6821 10623424901
6822 10625486401
6823 10626723397
6824 10627548101
6825 10629610001
6826 10632496997
6827 10633734401
6828 10639097317
6829 10641160337
6830 10642810897
6831 10643223557
6832 10649414417
6833 10651065617
6834 10652304101
6835 10655607077
6836 10659736517
6837 10662627601
6838 10670890001
6839 10673782597
6840 10679155601
6841 10680395717
6842 10681222501
6843 10682049317
6844 10686597377
6845 10691560001
6846 10697764901
6847 10707282577
6848 10711008037
6849 10713078017
6850 10714320101
6851 10718460901
6852 10723845137
6853 10730059397
6854 10737933377
6855 10744566337
6856 10746224897
6857 10750786597
6858 10751616101
6859 10755764101
6860 10756593797
6861 10761157697
6862 10768212901
6863 10772364101
6864 10773194437
6865 10780668901
6866 10785653317
6867 10787730497
6868 10790223377
6869 10799366401
6870 10802692097
6871 10805602501
6872 10806434117
6873 10809760901
6874 10810592677
6875 10812672257
6876 10816000001
6877 10816832017
6878 10831813777
6879 10832646401
6880 10833479057
6881 10836810001
6882 10838059237
6883 10838892101
6884 10839724997
6885 10844306497
6886 10848055717
6887 10849305601
6888 10854305857
6889 10856389637
6890 10856806417
6891 10862642177
6892 10865143697
6893 10866811537
6894 10870981697
6895 10875569797
6896 10879741637
6897 10883496977
6898 10886835601
6899 10893096901
6900 10900612837
6901 10902283397
6902 10902701057
6903 10904789477
6904 10905624901
6905 10912727297
6906 10916070401
6907 10916906257
6908 10921504037
6909 10932793601
6910 10934048357
6911 10934884901
6912 10935721477
6913 10936139777
6914 10940323217
6915 10952459717
6916 10953715601
6917 10954971557
6918 10956646277
6919 10957064977
6920 10965021797
6921 10969210757
6922 10976752901
6923 10977591077
6924 10980105797
6925 10982201617
6926 10985136101
6927 10986393857
6928 10987232401
6929 10992264337
6930 10994361317
6931 10994780737
6932 11001912101
6933 11003170817
6934 11004010001
6935 11005268837
6936 11013662917
6937 11014502501
6938 11017441297
6939 11017861157
6940 11027940197
6941 11030040577
6942 11032141157
6943 11034241937
6944 11041806401
6945 11045169217
6946 11050214401
6947 11053157957
6948 11055681317
6949 11057363717
6950 11061990977
6951 11064094597
6952 11064936101
6953 11066198417
6954 11068302437
6955 11069144101
6956 11070406657
6957 11076720517
6958 11077562501
6959 11078404517
6960 11082615077
6961 11083036177
6962 11083878401
6963 11085141797
6964 11089353637
6965 11091038597
6966 11104944401
6967 11105787457
6968 11109160001
6969 11110424837
6970 11118858917
6971 11123077157
6972 11129406017
6973 11135314577
6974 11140802501
6975 11142069137
6976 11145024901
6977 11146291777
6978 11161922501
6979 11164035601
6980 11168262401
6981 11169107857
6982 11173335617
6983 11175449797
6984 11176718401
6985 11177987077
6986 11188139077
6987 11197025857
6988 11202105601
6989 11204222501
6990 11205492737
6991 11208456901
6992 11228369297
6993 11231760401
6994 11235152017
6995 11236848017
6996 11237272037
6997 11247875137
6998 11249572097
6999 11249996357
7000 11254239397
7001 11257210001
7002 11260605457
7003 11261454401
7004 11262727877
7005 11263576901
7006 11266973317
7007 11268671717
7008 11269096337
7009 11270794897
7010 11272918277
7011 11274192401
7012 11278440001
7013 11279714437
7014 11285662757
7015 11290337537
7016 11296288657
7017 11296713797
7018 11301816101
7019 11303091857
7020 11304792977
7021 11307344897
7022 11308195601
7023 11311173317
7024 11313300497
7025 11314576901
7026 11316704401
7027 11325216401
7028 11329473601
7029 11335009157
7030 11340120101
7031 11340972037
7032 11341398017
7033 11343528037
7034 11344380101
7035 11345658257
7036 11346510401
7037 11347362577
7038 11352050117
7039 11363560001
7040 11364412817
7041 11366544997
7042 11371236497
7043 11377208897
7044 11379768977
7045 11385743617
7046 11386170437
7047 11387024101
7048 11390012177
7049 11392146757
7050 11393427601
7051 11394708517
7052 11401968401
7053 11403249797
7054 11416067717
7055 11421196901
7056 11423334401
7057 11424189457
7058 11425472101
7059 11429748101
7060 11430603397
7061 11438302501
7062 11439158117
7063 11446004197
7064 11449856017
7065 11450284037
7066 11460558917
7067 11464841477
7068 11473837457
7069 11477693957
7070 11481122501
7071 11482408337
7072 11488838597
7073 11492697617
7074 11502562501
7075 11516723857
7076 11531752997
7077 11534760001
7078 11541204901
7079 11546791937
7080 11547651601
7081 11548511297
7082 11551950401
7083 11554100101
7084 11557540037
7085 11562700901
7086 11570014097
7087 11570444357
7088 11572165477
7089 11574317057
7090 11574747397
7091 11577760001
7092 11578620817
7093 11579912101
7094 11582925377
7095 11594982401
7096 11597136101
7097 11607907601
7098 11608769537
7099 11609200517
7100 11611355537
7101 11614372901
7102 11619977617
7103 11620840001
7104 11624289857
7105 11628602897
7106 11632485317
7107 11635936901
7108 11636799877
7109 11638957457
7110 11643704837
7111 11644568101
7112 11645431397
7113 11650180097
7114 11658384677
7115 11664000001
7116 11665296037
7117 11672641601
7118 11674802501
7119 11679124901
7120 11684312837
7121 11686907237
7122 11692961957
7123 11693394497
7124 11695557317
7125 11698585601
7126 11699883557
7127 11704210597
7128 11708538437
7129 11714598757
7130 11716763537
7131 11718928517
7132 11724558401
7133 11725424657
7134 11728023617
7135 11729756417
7136 11730189637
7137 11732355857
7138 11744056901
7139 11744923877
7140 11746224401
7141 11747091457
7142 11749259237
7143 11751860837
7144 11752728101
7145 11754896401
7146 11756197477
7147 11761402501
7148 11769212197
7149 11770948037
7150 11777892677
7151 11781799937
7152 11783970917
7153 11784405137
7154 11785273601
7155 11787444901
7156 11788747777
7157 11789616401
7158 11799173377
7159 11804822501
7160 11810038277
7161 11812211857
7162 11813516101
7163 11820038401
7164 11823082757
7165 11825692517
7166 11827432517
7167 11827867537
7168 11833088401
7169 11836134437
7170 11839616101
7171 11842662977
7172 11843098277
7173 11845274897
7174 11846145601
7175 11848322501
7176 11851805957
7177 11853983377
7178 11856160997
7179 11857903237
7180 11862259397
7181 11862695057
7182 11863566401
7183 11870102501
7184 11870974117
7185 11871409937
7186 11875768577
7187 11878820101
7188 11901500837
7189 11904119237
7190 11906301457
7191 11914595717
7192 11915905601
7193 11916778897
7194 11919398977
7195 11921145857
7196 11921582597
7197 11922456101
7198 11927697797
7199 11928134657
7200 11939058757
7201 11941244177
7202 11956110337
7203 11958297317
7204 11967484817
7205 11974924901
7206 11978426917
7207 11980615937
7208 11981491601
7209 11983680901
7210 11985870401
7211 11988060101
7212 11989374017
7213 11999011601
7214 12003393601
7215 12004270097
7216 12010844837
7217 12015667457
7218 12017859877
7219 12020052497
7220 12020929601
7221 12021806737
7222 12024438337
7223 12036284101
7224 12037600657
7225 12041550757
7226 12047257601
7227 12054722437
7228 12056040001
7229 12060432401
7230 12063946897
7231 12070537957
7232 12071416901
7233 12072735377
7234 12073614401
7235 12075812101
7236 12081087397
7237 12087683137
7238 12089882117
7239 12099120017
7240 12103520257
7241 12107481157
7242 12107921297
7243 12110122117
7244 12112323137
7245 12118927397
7246 12127295377
7247 12129497957
7248 12129938497
7249 12149771077
7250 12153739537
7251 12163884101
7252 12170502401
7253 12180653957
7254 12185952101
7255 12187276817
7256 12188160001
7257 12193459777
7258 12193901477
7259 12205830401
7260 12212460101
7261 12215554577
7262 12224840357
7263 12226609477
7264 12228821057
7265 12235456997
7266 12238111877
7267 12238996901
7268 12242094737
7269 12242537317
7270 12244307717
7271 12245635601
7272 12250062401
7273 12258918401
7274 12262461697
7275 12266891537
7276 12269992901
7277 12274424101
7278 12281958977
7279 12284175557
7280 12293043877
7281 12293487377
7282 12302359057
7283 12304577477
7284 12306796097
7285 12307683601
7286 12313009297
7287 12317448257
7288 12323220101
7289 12324552257
7290 12325440401
7291 12326772677
7292 12327660901
7293 12330769937
7294 12335656357
7295 12337877777
7296 12339655057
7297 12340099397
7298 12342321217
7299 12343210001
7300 12346320997
7301 12348543377
7302 12351210497
7303 12357879557
7304 12366329617
7305 12371223077
7306 12374337601
7307 12376562501
7308 12379677697
7309 12380122757
7310 12381903077
7311 12382348177
7312 12387690001
7313 12388580417
7314 12393478277
7315 12400158737
7316 12401049601
7317 12403276901
7318 12406840997
7319 12409960001
7320 12410851217
7321 12415753477
7322 12417536357
7323 12424669157
7324 12426898577
7325 12428682257
7326 12434480101
7327 12439833157
7328 12444741137
7329 12446526097
7330 12446972357
7331 12449203777
7332 12453667217
7333 12455899237
7334 12459917377
7335 12465722501
7336 12466615717
7337 12470188901
7338 12471082277
7339 12471528977
7340 12474656101
7341 12479124101
7342 12482699077
7343 12486721537
7344 12491191697
7345 12500581637
7346 12502370597
7347 12510422501
7348 12528324901
7349 12530563601
7350 12532802501
7351 12533698117
7352 12537280901
7353 12542656037
7354 12547136197
7355 12552961601
7356 12555202501
7357 12556547137
7358 12563271397
7359 12564168101
7360 12565513217
7361 12569548997
7362 12571791377
7363 12574033957
7364 12575379601
7365 12577622501
7366 12584352401
7367 12585698597
7368 12590186437
7369 12591084101
7370 12593328401
7371 12601409537
7372 12603654757
7373 12606798401
7374 12609942437
7375 12621174337
7376 12622522501
7377 12628365377
7378 12632411237
7379 12643653137
7380 12644102917
7381 12648151297
7382 12649500901
7383 12651750401
7384 12654000101
7385 12659850257
7386 12675157057
7387 12677408837
7388 12677859217
7389 12680111237
7390 12681012101
7391 12682363457
7392 12683264401
7393 12688670737
7394 12690923717
7395 12692275601
7396 12693176897
7397 12695430277
7398 12698134597
7399 12699036101
7400 12699937637
7401 12702191617
7402 12703544101
7403 12720230657
7404 12720681797
7405 12722486437
7406 12724742417
7407 12729706277
7408 12730608901
7409 12734219717
7410 12739636901
7411 12747764837
7412 12751829777
7413 12758606117
7414 12763576577
7415 12767644037
7416 12771260101
7417 12772616257
7418 12774424577
7419 12784824901
7420 12791610001
7421 12796134401
7422 12797491877
7423 12803827717
7424 12809712401
7425 12812881637
7426 12814240001
7427 12821938757
7428 12823297601
7429 12824656517
7430 12827827601
7431 12831452177
7432 12832358401
7433 12835530437
7434 12839156101
7435 12847315717
7436 12851396497
7437 12859560001
7438 12860920837
7439 12875440901
7440 12878618257
7441 12879980101
7442 12882250001
7443 12892239937
7444 12897236357
7445 12898144901
7446 12899053477
7447 12910867877
7448 12916322501
7449 12917686337
7450 12922232977
7451 12933148177
7452 12934512901
7453 12943612901
7454 12951350417
7455 12959545601
7456 12961822501
7457 12964099601
7458 12980956357
7459 12981412097
7460 12985969937
7461 12993720101
7462 12995088017
7463 12996912017
7464 12999192197
7465 13001472577
7466 13013333777
7467 13021092101
7468 13025656901
7469 13027026497
7470 13031135717
7471 13032505601
7472 13033875557
7473 13037072401
7474 13040726417
7475 13043010437
7476 13045294657
7477 13063118437
7478 13064490001
7479 13076837317
7480 13083699457
7481 13085072101
7482 13091021057
7483 13094224901
7484 13095598097
7485 13110250001
7486 13118037157
7487 13128576401
7488 13136368997
7489 13141412497
7490 13146915601
7491 13152419857
7492 13153796101
7493 13156090001
7494 13159760657
7495 13163890757
7496 13170775697
7497 13176744101
7498 13179958417
7499 13180417637
7500 13185928901
7501 13193738497
7502 13194197957
7503 13198333457
7504 13202010001
7505 13207985477
7506 13208904901
7507 13212582917
7508 13225000001
7509 13225920017
7510 13231900901
7511 13235121937
7512 13235582117
7513 13237883137
7514 13241104901
7515 13245708101
7516 13248010001
7517 13248930817
7518 13251232997
7519 13258140737
7520 13260904337
7521 13262746897
7522 13263207557
7523 13264128901
7524 13272422437
7525 13287172901
7526 13294090001
7527 13301008901
7528 13301931557
7529 13302392897
7530 13304699717
7531 13307006737
7532 13313467457
7533 13319468101
7534 13321776401
7535 13324084901
7536 13325470097
7537 13327317137
7538 13333320901
7539 13337016197
7540 13339326017
7541 13343946257
7542 13349491601
7543 13351802501
7544 13355038097
7545 13357811777
7546 13363360001
7547 13365672101
7548 13367984401
7549 13368909377
7550 13369371877
7551 13371684497
7552 13374922501
7553 13375847717
7554 13385564417
7555 13392044177
7556 13398062501
7557 13405934657
7558 13408250437
7559 13414272401
7560 13422149317
7561 13422612737
7562 13425856901
7563 13428174401
7564 13429101457
7565 13434200837
7566 13436055397
7567 13437446401
7568 13442083601
7569 13443474917
7570 13445793937
7571 13446721601
7572 13452288257
7573 13452752197
7574 13466209937
7575 13468530917
7576 13469923601
7577 13478281217
7578 13491751717
7579 13492216337
7580 13503369617
7581 13505693797
7582 13510807697
7583 13513132517
7584 13515457537
7585 13519643077
7586 13524294437
7587 13526620417
7588 13531272977
7589 13534995601
7590 13538253317
7591 13541045957
7592 13544304401
7593 13549891217
7594 13552219397
7595 13552685057
7596 13554547777
7597 13561999937
7598 13568988197
7599 13573648037
7600 13575978257
7601 13576910401
7602 13580639297
7603 13592295397
7604 13594160837
7605 13600224401
7606 13604889601
7607 13609555601
7608 13612822277
7609 13615622597
7610 13622624657
7611 13623558401
7612 13628227601
7613 13639904101
7614 13641305617
7615 13652520337
7616 13653922501
7617 13655324737
7618 13658596901
7619 13659531877
7620 13659999377
7621 13661869457
7622 13663272101
7623 13667012837
7624 13670286401
7625 13683384577
7626 13685724197
7627 13688064017
7628 13693680401
7629 13695084677
7630 13696020901
7631 13707726401
7632 13713815237
7633 13717094401
7634 13721779601
7635 13722716737
7636 13725528337
7637 13731152401
7638 13732558597
7639 13740528401
7640 13743810757
7641 13746624517
7642 13748500517
7643 13749907601
7644 13753191077
7645 13753660177
7646 13756005797
7647 13756944101
7648 13760697637
7649 13763043857
7650 13764920977
7651 13771961317
7652 13777125377
7653 13779472997
7654 13780412101
7655 13781351237
7656 13787456401
7657 13795442117
7658 13799200901
7659 13804840037
7660 13807190017
7661 13810010257
7662 13813300901
7663 13818002501
7664 13821764357
7665 13822704901
7666 13829760001
7667 13830700817
7668 13835875877
7669 13841522501
7670 13842934337
7671 13844816897
7672 13847170277
7673 13853290001
7674 13854702437
7675 13856585797
7676 13858940177
7677 13861294757
7678 13863649537
7679 13865062501
7680 13867417601
7681 13868830757
7682 13870715077
7683 13876840001
7684 13884851557
7685 13885322897
7686 13889565317
7687 13898052101
7688 13900410001
7689 13902768101
7690 13909843601
7691 13911258917
7692 13913617937
7693 13920696197
7694 13924000001
7695 13927776257
7696 13932025157
7697 13937219137
7698 13946192837
7699 13951389457
7700 13958004737
7701 13963203557
7702 13964148901
7703 13970294417
7704 13971240001
7705 13973604101
7706 13976914177
7707 13986373697
7708 13998202597
7709 14005775717
7710 14008142737
7711 14012403877
7712 14013824401
7713 14023296401
7714 14029454917
7715 14031350117
7716 14031823937
7717 14052679937
7718 14058844901
7719 14063588101
7720 14065960001
7721 14068332101
7722 14072127877
7723 14078771717
7724 14080195601
7725 14085891857
7726 14088265637
7727 14089690001
7728 14096812901
7729 14099187601
7730 14102512517
7731 14108688401
7732 14109638657
7733 14116766597
7734 14119142977
7735 14121994897
7736 14133405457
7737 14138161217
7738 14139588101
7739 14140539397
7740 14143393477
7741 14144344901
7742 14146723601
7743 14150054117
7744 14152909157
7745 14155288577
7746 14162428037
7747 14167188677
7748 14171473937
7749 14174331137
7750 14177664901
7751 14179093777
7752 14193386497
7753 14200058897
7754 14205302597
7755 14207209637
7756 14210070437
7757 14211024101
7758 14211977797
7759 14212454657
7760 14219608517
7761 14220562501
7762 14226287077
7763 14233444417
7764 14238216977
7765 14240603557
7766 14254927237
7767 14261136401
7768 14270691601
7769 14272125157
7770 14274514577
7771 14276426257
7772 14277860101
7773 14285030401
7774 14299376401
7775 14307508997
7776 14310379877
7777 14313729601
7778 14315165317
7779 14317079717
7780 14329526437
7781 14331441797
7782 14335272901
7783 14348206657
7784 14353477637
7785 14355394597
7786 14372173457
7787 14381765777
7788 14382245477
7789 14384644097
7790 14386563137
7791 14391361297
7792 14392800901
7793 14393760677
7794 14396640197
7795 14400000001
7796 14408641297
7797 14411042117
7798 14412962917
7799 14415844357
7800 14417765477
7801 14421608101
7802 14426412101
7803 14435061317
7804 14451405797
7805 14454291077
7806 14455252901
7807 14456695697
7808 14460062501
7809 14463429697
7810 14463910757
7811 14464872901
7812 14465835077
7813 14468721797
7814 14473533637
7815 14475458597
7816 14477864977
7817 14480271557
7818 14487973957
7819 14491344401
7820 14494715237
7821 14497604837
7822 14498568101
7823 14500013057
7824 14513020901
7825 14513984677
7826 14516394257
7827 14521214017
7828 14522660101
7829 14523624197
7830 14524106257
7831 14531338117
7832 14536160357
7833 14544360001
7834 14548219457
7835 14550149377
7836 14554974737
7837 14559800897
7838 14560283557
7839 14567041637
7840 14572352657
7841 14573318401
7842 14578147601
7843 14580562501
7844 14584426757
7845 14585392901
7846 14586842177
7847 14587808401
7848 14588774657
7849 14603755717
7850 14611007377
7851 14611974401
7852 14613424997
7853 14615359237
7854 14618260837
7855 14622613777
7856 14626483601
7857 14627934917
7858 14628902501
7859 14632289297
7860 14632773157
7861 14644388197
7862 14646808577
7863 14648260901
7864 14650681601
7865 14653102501
7866 14654070917
7867 14655523601
7868 14659397777
7869 14661819397
7870 14667632101
7871 14672476901
7872 14673930497
7873 14681199557
7874 14682168901
7875 14686046597
7876 14689440001
7877 14695258177
7878 14702532517
7879 14706412901
7880 14707868177
7881 14710293797
7882 14712719617
7883 14722424897
7884 14724366337
7885 14724851717
7886 14730676901
7887 14731647877
7888 14733104401
7889 14736503237
7890 14736988817
7891 14738931217
7892 14742816401
7893 14746216357
7894 14746702097
7895 14751559937
7896 14756418577
7897 14758362257
7898 14763222017
7899 14764680101
7900 14768082577
7901 14769540901
7902 14774402501
7903 14778292357
7904 14783155397
7905 14786560001
7906 14787532817
7907 14788019237
7908 14792397377
7909 14794829957
7910 14799695717
7911 14802615557
7912 14809429637
7913 14810890001
7914 14811863617
7915 14813324101
7916 14819166757
7917 14828907077
7918 14838650597
7919 14848884737
7920 14851321957
7921 14853271877
7922 14867900357
7923 14868388097
7924 14874241601
7925 14876680901
7926 14879120401
7927 14893761601
7928 14895226117
7929 14898643601
7930 14901084901
7931 14902549777
7932 14904503057
7933 14904991397
7934 14912317457
7935 14919156737
7936 14920622501
7937 14925508901
7938 14926974977
7939 14928929857
7940 14930396101
7941 14933817617
7942 14934306437
7943 14935284101
7944 14936750657
7945 14946529537
7946 14948485697
7947 14963160977
7948 14964628901
7949 14967075601
7950 14968543717
7951 14969522501
7952 14973437957
7953 14977843457
7954 14983228837
7955 14997921157
7956 15002820197
7957 15009680197
7958 15010170257
7959 15012130577
7960 15012620677
7961 15014581157
7962 15023404901
7963 15025856401
7964 15034192997
7965 15034683457
7966 15037135877
7967 15042041317
7968 15044003717
7969 15046947557
7970 15050382401
7971 15051363857
7972 15052836101
7973 15053817637
7974 15058725797
7975 15061180177
7976 15063634757
7977 15069035537
7978 15078857617
7979 15095562497
7980 15097036901
7981 15103426817
7982 15110309777
7983 15115227137
7984 15118177937
7985 15124080401
7986 15128016017
7987 15129984017
7988 15139825937
7989 15142286917
7990 15147209477
7991 15150163397
7992 15151148101
7993 15161981957
7994 15165922501
7995 15167400337
7996 15168385601
7997 15169863557
7998 15175776101
7999 15186618757
8000 15187111697
8001 15189083537
8002 15194013697
8003 15196972177
8004 15206835857
8005 15212755601
8006 15219169957
8007 15222624401
8008 15226079237
8009 15235952357
8010 15238914917
8011 15248792197
8012 15251262017
8013 15254720101
8014 15265590917
8015 15271027777
8016 15272016401
8017 15284376901
8018 15286849601
8019 15290806337
8020 15296742401
8021 15297731857
8022 15298226597
8023 15304164101
8024 15307628177
8025 15310597697
8026 15313072517
8027 15318022757
8028 15320498177
8029 15326440001
8030 15327925637
8031 15336345601
8032 15337336337
8033 15338822501
8034 15344767877
8035 15350218817
8036 15352201217
8037 15354679397
8038 15358644901
8039 15360132097
8040 15364594117
8041 15368560901
8042 15378480101
8043 15380960401
8044 15382448677
8045 15386913937
8046 15387410117
8047 15390883601
8048 15394853777
8049 15397335397
8050 15403292101
8051 15404284997
8052 15407263877
8053 15415705601
8054 15418188901
8055 15419182277
8056 15419678977
8057 15429614657
8058 15434086757
8059 15436571537
8060 15438062501
8061 15439056517
8062 15439553537
8063 15441541697
8064 15443032901
8065 15455462401
8066 15474364817
8067 15476852837
8068 15481331777
8069 15483820357
8070 15486806917
8071 15490291601
8072 15496266257
8073 15500250001
8074 15502740101
8075 15507720901
8076 15512702501
8077 15514197137
8078 15515193601
8079 15516190097
8080 15526156817
8081 15529147457
8082 15536625317
8083 15540115601
8084 15542608901
8085 15550090001
8086 15556076177
8087 15559069697
8088 15565057601
8089 15574041617
8090 15575040001
8091 15578534597
8092 15582528901
8093 15585025601
8094 15591018497
8095 15591517957
8096 15593515877
8097 15600010001
8098 15602508101
8099 15608504357
8100 15612502501
8101 15615001601
8102 15617500901
8103 15627500101
8104 15630000401
8105 15631000577
8106 15633501157
8107 15641004097
8108 15642504901
8109 15645006401
8110 15646007057
8111 15646507397
8112 15649009217
8113 15653512997
8114 15658517957
8115 15659018497
8116 15663523717
8117 15668530277
8118 15670032401
8119 15673537637
8120 15674038417
8121 15676542437
8122 15680048401
8123 15692572901
8124 15695078401
8125 15696080657
8126 15697584101
8127 15699087617
8128 15700090001
8129 15701092417
8130 15710115601
8131 15715129601
8132 15736698917
8133 15737702501
8134 15742720901
8135 15744226577
8136 15751756037
8137 15754266257
8138 15757780901
8139 15761295937
8140 15762802501
8141 15765313601
8142 15767824901
8143 15769331777
8144 15771843397
8145 15773852837
8146 15780384401
8147 15784404497
8148 15791440897
8149 15792948901
8150 15795462401
8151 15804512657
8152 15807027077
8153 15808032901
8154 15810547601
8155 15815577601
8156 15817086757
8157 15819099077
8158 15834195557
8159 15835705601
8160 15837215717
8161 15840739601
8162 15854839057
8163 15856853777
8164 15861891137
8165 15863402501
8166 15872472197
8167 15874488037
8168 15874992017
8169 15882552677
8170 15885073297
8171 15891123601
8172 15893644901
8173 15894653477
8174 15897679397
8175 15901210001
8176 15908776901
8177 15921392401
8178 15922401857
8179 15932498177
8180 15935022757
8181 15944112901
8182 15947648657
8183 15950174437
8184 15962806337
8185 15965838737
8186 15970893377
8187 15978476837
8188 15979488101
8189 15983027777
8190 15983533477
8191 15988085137
8192 15994660901
8193 16003262017
8194 16007310401
8195 16015914917
8196 16020977477
8197 16023509057
8198 16025028101
8199 16026547217
8200 16041742337
8201 16060492901
8202 16066576517
8203 16068097601
8204 16069618757
8205 16077225617
8206 16084834277
8207 16088385601
8208 16089400337
8209 16097011877
8210 16105132837
8211 16106148101
8212 16112240357
8213 16115286917
8214 16117825937
8215 16127984017
8216 16131540101
8217 16136620901
8218 16139161601
8219 16140686117
8220 16148309777
8221 16150343057
8222 16158477457
8223 16163562497
8224 16165596737
8225 16166105317
8226 16168139717
8227 16169665601
8228 16171191557
8229 16173734977
8230 16174752401
8231 16184928401
8232 16188490757
8233 16191544517
8234 16200198401
8235 16206817637
8236 16211400977
8237 16224645377
8238 16226683457
8239 16232288837
8240 16243502501
8241 16247071297
8242 16247581157
8243 16249620677
8244 16250130577
8245 16259820197
8246 16261350401
8247 16262880677
8248 16286864401
8249 16298096897
8250 16301160977
8251 16302182401
8252 16306268417
8253 16309844101
8254 16313931077
8255 16317507601
8256 16320062501
8257 16330284101
8258 16336418597
8259 16336929857
8260 16340508901
8261 16346645317
8262 16356875237
8263 16360968101
8264 16362503057
8265 16367108357
8266 16369667137
8267 16377856577
8268 16384000001
8269 16385024017
8270 16390144577
8271 16391680901
8272 16406023397
8273 16410634817
8274 16411147237
8275 16423447717
8276 16423960337
8277 16426523557
8278 16435240001
8279 16447036517
8280 16464995857
8281 16469615557
8282 16473722501
8283 16491696401
8284 16495806097
8285 16496833601
8286 16501971601
8287 16502999297
8288 16510708037
8289 16513792037
8290 16524074117
8291 16526130917
8292 16529216357
8293 16535388101
8294 16536416837
8295 16540532101
8296 16543104401
8297 16544133377
8298 16546705957
8299 16547220497
8300 16563690001
8301 16567808657
8302 16569868177
8303 16572957697
8304 16576562501
8305 16578107537
8306 16583258177
8307 16593046597
8308 16598199557
8309 16598714897
8310 16604899601
8311 16607476901
8312 16609023377
8313 16611085457
8314 16614178817
8315 16623976357
8316 16625523601
8317 16628102501
8318 16633260901
8319 16637388197
8320 16642548037
8321 16647192577
8322 16652353937
8323 16654934917
8324 16660613777
8325 16663195397
8326 16667842817
8327 16670941457
8328 16677139601
8329 16687472401
8330 16690056101
8331 16694190437
8332 16696257797
8333 16705562501
8334 16718490001
8335 16723662401
8336 16727283557
8337 16727800897
8338 16732457317
8339 16747983397
8340 16751089477
8341 16759891601
8342 16760927297
8343 16761445157
8344 16774394257
8345 16778020901
8346 16786830097
8347 16800307457
8348 16803936901
8349 16813271557
8350 16817939857
8351 16819496101
8352 16823127617
8353 16827278401
8354 16828316177
8355 16828835077
8356 16833505537
8357 16837657601
8358 16839214757
8359 16840252901
8360 16842848401
8361 16854270977
8362 16859464337
8363 16862061317
8364 16863619601
8365 16865177957
8366 16880245777
8367 16883364097
8368 16889601601
8369 16895840257
8370 16909361297
8371 16919245477
8372 16923408101
8373 16928612101
8374 16937981317
8375 16954644101
8376 16966104517
8377 16967667601
8378 16968709697
8379 16971836177
8380 16979653637
8381 16982259857
8382 16988515601
8383 16994772497
8384 16996336901
8385 16998944401
8386 17005724837
8387 17008333057
8388 17013550097
8389 17015637137
8390 17020855297
8391 17021377157
8392 17023464677
8393 17026074257
8394 17032860101
8395 17047480357
8396 17049569477
8397 17056360001
8398 17065764497
8399 17068377317
8400 17070990337
8401 17074648901
8402 17075694277
8403 17086149797
8404 17108640001
8405 17110209637
8406 17113872401
8407 17116488901
8408 17140046401
8409 17141093777
8410 17143712357
8411 17146854917
8412 17158380101
8413 17159428037
8414 17161000001
8415 17164668197
8416 17165192257
8417 17167812677
8418 17179344901
8419 17181966401
8420 17186161217
8421 17188783237
8422 17192454401
8423 17208192401
8424 17220263077
8425 17225512517
8426 17229187601
8427 17235488657
8428 17236013797
8429 17238639617
8430 17241265637
8431 17244942401
8432 17246518277
8433 17249144897
8434 17261755457
8435 17275422097
8436 17280154117
8437 17280679937
8438 17285938577
8439 17286990401
8440 17288042257
8441 17288568197
8442 17298562577
8443 17301193157
8444 17301719297
8445 17311717477
8446 17332775717
8447 17336988901
8448 17343836417
8449 17344890001
8450 17362278757
8451 17363332901
8452 17364387077
8453 17367022657
8454 17372294417
8455 17376512401
8456 17381785601
8457 17389696901
8458 17391279377
8459 17400248101
8460 17401303397
8461 17402886401
8462 17404469477
8463 17406580357
8464 17409746917
8465 17413441601
8466 17417136677
8467 17421360101
8468 17428224257
8469 17432977157
8470 17434561601
8471 17441428357
8472 17454637457
8473 17465208337
8474 17466265601
8475 17467322897
8476 17469966277
8477 17471552401
8478 17474196101
8479 17477897617
8480 17501702437
8481 17504348417
8482 17510170277
8483 17512816897
8484 17519169601
8485 17526052997
8486 17527112101
8487 17533467397
8488 17533997057
8489 17541942917
8490 17544591937
8491 17555190017
8492 17557840037
8493 17568442117
8494 17569502501
8495 17570562917
8496 17572153601
8497 17580108101
8498 17581168837
8499 17584351237
8500 17587003457
8501 17593369601
8502 17594961317
8503 17596022501
8504 17606636101
8505 17609290001
8506 17618845697
8507 17620969537
8508 17629466177
8509 17634777617
8510 17637433637
8511 17638496101
8512 17641152401
8513 17643808901
8514 17646465601
8515 17647528337
8516 17648059717
8517 17650185317
8518 17650716737
8519 17654436901
8520 17657094401
8521 17666131397
8522 17666663057
8523 17675702501
8524 17679425297
8525 17682084677
8526 17687936017
8527 17691660101
8528 17692724197
8529 17700705937
8530 17707624901
8531 17708689477
8532 17711351057
8533 17715610001
8534 17719869457
8535 17724661957
8536 17727324737
8537 17734248901
8538 17743305617
8539 17748634177
8540 17749167077
8541 17752897601
8542 17753963537
8543 17758227601
8544 17759826757
8545 17760892901
8546 17773155857
8547 17775822277
8548 17777955557
8549 17782222501
8550 17786489957
8551 17787556901
8552 17788623877
8553 17790224401
8554 17791291457
8555 17793959237
8556 17797160837
8557 17802497477
8558 17805166097
8559 17810503937
8560 17815308677
8561 17821182017
8562 17824920101
8563 17826522257
8564 17827590401
8565 17831863297
8566 17850028817
8567 17856976901
8568 17858045957
8569 17863391717
8570 17866599557
8571 17867668901
8572 17870342401
8573 17871946597
8574 17889062501
8575 17892807697
8576 17894412901
8577 17897088401
8578 17899764101
8579 17901369617
8580 17905116101
8581 17906721857
8582 17914216337
8583 17915822501
8584 17927603237
8585 17929210001
8586 17930281217
8587 17935637777
8588 17936173477
8589 17939923601
8590 17942602501
8591 17950640401
8592 17957072017
8593 17966721601
8594 17977446401
8595 17983882817
8596 17985492101
8597 17986564997
8598 17990856901
8599 17999978897
8600 18002662277
8601 18004272401
8602 18005882597
8603 18011250437
8604 18012324101
8605 18013397797
8606 18018766757
8607 18020377601
8608 18021451537
8609 18025747601
8610 18026821697
8611 18030044177
8612 18031118401
8613 18032729797
8614 18039176101
8615 18040250597
8616 18043474277
8617 18048847717
8618 18057984401
8619 18066048101
8620 18067661057
8621 18070349477
8622 18073038097
8623 18075726917
8624 18086484197
8625 18089174017
8626 18092940101
8627 18101011601
8628 18105317137
8629 18106393601
8630 18113391397
8631 18116083217
8632 18127929601
8633 18131699717
8634 18132238337
8635 18138702401
8636 18146784101
8637 18149478401
8638 18151095077
8639 18152172901
8640 18158640517
8641 18162952901
8642 18167265797
8643 18168344101
8644 18173736101
8645 18175353857
8646 18176432401
8647 18179128901
8648 18180746897
8649 18191535377
8650 18196391237
8651 18198010001
8652 18199089217
8653 18206104901
8654 18207184357
8655 18207724097
8656 18214201601
8657 18215281297
8658 18215821157
8659 18219600401
8660 18221220197
8661 18222300101
8662 18226620037
8663 18229320257
8664 18233100901
8665 18239582917
8666 18241203601
8667 18242824357
8668 18246606401
8669 18253631237
8670 18263900737
8671 18268225601
8672 18269306897
8673 18276336101
8674 18285530177
8675 18287152901
8676 18296349697
8677 18300678401
8678 18307172417
8679 18321246737
8680 18331535237
8681 18332076817
8682 18334243217
8683 18354830401
8684 18355914257
8685 18367296677
8686 18371091601
8687 18376513601
8688 18378140357
8689 18379224901
8690 18380851777
8691 18387360001
8692 18388987237
8693 18398209601
8694 18399294737
8695 18402007717
8696 18413404417
8697 18421547077
8698 18434579077
8699 18440010437
8700 18449788901
8701 18452505601
8702 18455222501
8703 18465004997
8704 18467722817
8705 18468810001
8706 18475877477
8707 18476964901
8708 18486753157
8709 18501440401
8710 18505249157
8711 18505793297
8712 18507969937
8713 18518855057
8714 18521576837
8715 18522121217
8716 18523210001
8717 18524298817
8718 18527565457
8719 18528654401
8720 18529743377
8721 18538456337
8722 18540634897
8723 18543902977
8724 18546081857
8725 18547716101
8726 18554253797
8727 18555888401
8728 18568422757
8729 18579325637
8730 18591322501
8731 18592958737
8732 18595685957
8733 18597867877
8734 18599504401
8735 18601140997
8736 18612053477
8737 18614236357
8738 18616965137
8739 18621331601
8740 18625698577
8741 18629520101
8742 18631158017
8743 18632250001
8744 18634980101
8745 18636618257
8746 18640440901
8747 18644810117
8748 18650272357
8749 18653003777
8750 18655189057
8751 18667756901
8752 18670489601
8753 18677595557
8754 18683062597
8755 18688530437
8756 18693452177
8757 18696733697
8758 18701656517
8759 18703297601
8760 18707127077
8761 18724090897
8762 18727922501
8763 18731754497
8764 18734491877
8765 18737776997
8766 18744348101
8767 18747086401
8768 18752563601
8769 18759137297
8770 18761876677
8771 18770096017
8772 18772836197
8773 18779961601
8774 18781057937
8775 18789281477
8776 18789829777
8777 18800248997
8778 18801894401
8779 18804636901
8780 18808476737
8781 18809025317
8782 18811768337
8783 18813962897
8784 18814511557
8785 18817254977
8786 18822742417
8787 18825486437
8788 18827681797
8789 18830426177
8790 18830975077
8791 18832072901
8792 18839209537
8793 18841954757
8794 18846896657
8795 18848544101
8796 18849642437
8797 18855683857
8798 18856782401
8799 18861176897
8800 18863374337
8801 18873264401
8802 18874912997
8803 18877111237
8804 18879859217
8805 18888654097
8806 18894151937
8807 18899100677
8808 18904600037
8809 18910100197
8810 18920002501
8811 18927155777
8812 18928256401
8813 18931008101
8814 18932659217
8815 18935411237
8816 18938163457
8817 18939264401
8818 18944769601
8819 18947522501
8820 18950275601
8821 18954680977
8822 18956883857
8823 18957434597
8824 18965696657
8825 18973960517
8826 18988840001
8827 18992698597
8828 18998762897
8829 19002622501
8830 19010894401
8831 19014755237
8832 19028547137
8833 19029098917
8834 19030202501
8835 19031306117
8836 19040136197
8837 19049520401
8838 19061668097
8839 19064429477
8840 19071610001
8841 19076029457
8842 19088185601
8843 19089843557
8844 19090948901
8845 19092054277
8846 19100345617
8847 19109191697
8848 19111403537
8849 19114721537
8850 19116933697
8851 19117486757
8852 19124124101
8853 19125783617
8854 19129656101
8855 19133528977
8856 19135188901
8857 19142382737
8858 19146256901
8859 19155667217
8860 19158435397
8861 19161757477
8862 19164526097
8863 19175048677
8864 19181142017
8865 19186128197
8866 19188898577
8867 19193331601
8868 19199982097
8869 19200536357
8870 19201644901
8871 19203307777
8872 19208296837
8873 19211068817
8874 19215504401
8875 19217167877
8876 19222713317
8877 19237690001
8878 19240464101
8879 19258223077
8880 19266550417
8881 19268216101
8882 19270992401
8883 19274879557
8884 19275434897
8885 19277656337
8886 19280433317
8887 19280988737
8888 19283765957
8889 19284876901
8890 19294876837
8891 19299877777
8892 19301544901
8893 19307102501
8894 19312660901
8895 19314328577
8896 19318220101
8897 19322668037
8898 19323780101
8899 19331009297
8900 19336014917
8901 19344915397
8902 19371072401
8903 19374969637
8904 19378310437
8905 19388891537
8906 19392233537
8907 19398918401
8908 19403375617
8909 19410062401
8910 19413963557
8911 19432360001
8912 19434032837
8913 19436821057
8914 19439609477
8915 19447418117
8916 19456344197
8917 19460250001
8918 19461366017
8919 19464714257
8920 19465830401
8921 19472527937
8922 19475318917
8923 19475877137
8924 19485368101
8925 19492627457
8926 19495419877
8927 19516090001
8928 19520001797
8929 19522796177
8930 19523355077
8931 19524472901
8932 19530062501
8933 19531739537
8934 19540125797
8935 19544040001
8936 19553547557
8937 19565295377
8938 19572010001
8939 19573129217
8940 19577606401
8941 19581524357
8942 19584882917
8943 19587681937
8944 19588801601
8945 19601120017
8946 19602800101
8947 19608400901
8948 19609521157
8949 19617924097
8950 19618484357
8951 19624087397
8952 19626328837
8953 19628010001
8954 19634735377
8955 19635295877
8956 19638098497
8957 19640901317
8958 19643704337
8959 19650432401
8960 19654918417
8961 19665574757
8962 19684090001
8963 19689702401
8964 19696999717
8965 19700929601
8966 19713283217
8967 19716091397
8968 19719461477
8969 19723393601
8970 19727326117
8971 19741374017
8972 19744184197
8973 19748680901
8974 19761611777
8975 19763861057
8976 19767235217
8977 19771172101
8978 19772296997
8979 19775109377
8980 19779609601
8981 19781297317
8982 19789174277
8983 19789736977
8984 19793676101
8985 19799304101
8986 19803244177
8987 19803807077
8988 19806058757
8989 19810562501
8990 19813377601
8991 19816192901
8992 19822950437
8993 19824640001
8994 19827456101
8995 19833088901
8996 19837595717
8997 19842666497
8998 19847174401
8999 19857319057
9000 19858446401
9001 19859573777
9002 19865211137
9003 19871413157
9004 19873668677
9005 19879872017
9006 19881000001
9007 19901873477
9008 19918805957
9009 19920499601
9010 19928968901
9011 19931792401
9012 19934616101
9013 19936310417
9014 19937440001
9015 19947042757
9016 19949867537
9017 19957212901
9018 19961733797
9019 19966820417
9020 19967385637
9021 19968516101
9022 19969646597
9023 19971342401
9024 19979822501
9025 19981518737
9026 19990000997
9027 19992263237
9028 19997919397
9029 20000747777
9030 20002444901
9031 20005273601
9032 20006970917
9033 20009799937
9034 20012063297
9035 20026212197
9036 20026778257
9037 20029042577
9038 20030740901
9039 20037534917
9040 20046029057
9041 20055091457
9042 20056224401
9043 20072088977
9044 20074922597
9045 20077189637
9046 20085692177
9047 20087392901
9048 20094196517
9049 20112912401
9050 20114046977
9051 20116883557
9052 20120287717
9053 20144124901
9054 20152641601
9055 20155480901
9056 20159456257
9057 20161160101
9058 20170816577
9059 20173657157
9060 20178202501
9061 20182180097
9062 20191273217
9063 20195252101
9064 20202642497
9065 20213446277
9066 20219133637
9067 20222546437
9068 20232217601
9069 20242460177
9070 20244736657
9071 20249290001
9072 20258967557
9073 20260675601
9074 20263522501
9075 20265230737
9076 20267508497
9077 20270925377
9078 20302260197
9079 20306250001
9080 20307390017
9081 20315941157
9082 20321642917
9083 20333048837
9084 20336471237
9085 20339323457
9086 20341605377
9087 20346169601
9088 20350734337
9089 20355870277
9090 20358723857
9091 20363290001
9092 20367856657
9093 20368998401
9094 20370140177
9095 20375849537
9096 20376420517
9097 20378704517
9098 20386128401
9099 20396409857
9100 20404408337
9101 20406122501
9102 20408979601
9103 20416408997
9104 20426126401
9105 20427841477
9106 20432987137
9107 20457580901
9108 20462158117
9109 20464446917
9110 20481616997
9111 20484479377
9112 20493067717
9113 20511968401
9114 20515978757
9115 20517697601
9116 20518843537
9117 20523427601
9118 20524573697
9119 20530304657
9120 20532024101
9121 20533743617
9122 20544635557
9123 20564707217
9124 20569296401
9125 20576181137
9126 20579050117
9127 20579623937
9128 20581919297
9129 20589380101
9130 20591102017
9131 20593972037
9132 20596842257
9133 20599138577
9134 20600860901
9135 20602583297
9136 20603731601
9137 20609473601
9138 20614067777
9139 20616365057
9140 20627853377
9141 20630725957
9142 20631300497
9143 20635322501
9144 20639344897
9145 20642218277
9146 20654288657
9147 20657163077
9148 20662337537
9149 20672688401
9150 20678440001
9151 20680165637
9152 20685918277
9153 20687068901
9154 20705483237
9155 20706058817
9156 20707210001
9157 20711815057
9158 20718723601
9159 20726209157
9160 20729088577
9161 20731392257
9162 20737152017
9163 20744640901
9164 20748673937
9165 20749250117
9166 20757893777
9167 20760775397
9168 20765962817
9169 20776339601
9170 20779222501
9171 20783835557
9172 20787872401
9173 20789602597
9174 20791909637
9175 20796524101
9176 20806331537
9177 20808062501
9178 20817872657
9179 20823644417
9180 20840964497
9181 20853092837
9182 20855981057
9183 20860024901
9184 20868691601
9185 20875626257
9186 20881984037
9187 20884296197
9188 20892967937
9189 20893546117
9190 20894702501
9191 20896437137
9192 20897593601
9193 20902219777
9194 20903376401
9195 20921886737
9196 20923622501
9197 20929408901
9198 20933459857
9199 20934038597
9200 20935196101
9201 20936932417
9202 20940984101
9203 20949667601
9204 20950825537
9205 20965302437
9206 20965881617
9207 20971673857
9208 20975728901
9209 20976887557
9210 20991373457
9211 20996010001
9212 20998908101
9213 21010502501
9214 21012241937
9215 21016300901
9216 21017460677
9217 21018040577
9218 21022100101
9219 21026160017
9220 21029640257
9221 21033700901
9222 21037761937
9223 21039502501
9224 21044144357
9225 21048206401
9226 21049947397
9227 21054010001
9228 21055751237
9229 21056912101
9230 21061555877
9231 21064458497
9232 21069683717
9233 21070264337
9234 21071425601
9235 21072586897
9236 21075490277
9237 21077232401
9238 21084201617
9239 21084782437
9240 21090591077
9241 21093495697
9242 21100467601
9243 21102210757
9244 21105116177
9245 21109184101
9246 21121971557
9247 21126622501
9248 21130692497
9249 21134181377
9250 21137088997
9251 21142904837
9252 21151048357
9253 21152793601
9254 21156866117
9255 21164430401
9256 21165594257
9257 21168504037
9258 21183055937
9259 21185966917
9260 21196448101
9261 21202272101
9262 21204019457
9263 21205184401
9264 21211009601
9265 21212757317
9266 21215670337
9267 21218583557
9268 21221496977
9269 21229655617
9270 21236067077
9271 21238398757
9272 21238981697
9273 21248892901
9274 21261722597
9275 21263472401
9276 21272222501
9277 21279223877
9278 21279807377
9279 21297316097
9280 21311912197
9281 21317168017
9282 21317752037
9283 21320672257
9284 21324760901
9285 21327681601
9286 21331770917
9287 21339366401
9288 21353976901
9289 21355145957
9290 21356899601
9291 21367422977
9292 21370346597
9293 21372685637
9294 21374440001
9295 21384382757
9296 21387307537
9297 21393742757
9298 21394912901
9299 21397838401
9300 21399593797
9301 21400764101
9302 21403690001
9303 21410712977
9304 21411298277
9305 21413639557
9306 21422420497
9307 21428860997
9308 21431788817
9309 21443502097
9310 21453460901
9311 21458148197
9312 21462250001
9313 21466938257
9314 21469282577
9315 21471040901
9316 21473971601
9317 21479833601
9318 21487455397
9319 21495664997
9320 21496251457
9321 21499183877
9322 21507395717
9323 21522063617
9324 21533801537
9325 21538497601
9326 21541432901
9327 21556112401
9328 21557874277
9329 21563747717
9330 21571971877
9331 21580785217
9332 21583723397
9333 21584311057
9334 21590188097
9335 21594302501
9336 21606060101
9337 21609000001
9338 21610176017
9339 21611940101
9340 21616056577
9341 21619585297
9342 21623702501
9343 21625467137
9344 21629584901
9345 21634291397
9346 21636644837
9347 21639586817
9348 21651356737
9349 21651945317
9350 21653122501
9351 21654299717
9352 21656065601
9353 21657242897
9354 21669606437
9355 21677850757
9356 21680795537
9357 21685507601
9358 21688452901
9359 21691398401
9360 21694344101
9361 21699057637
9362 21701414597
9363 21707896897
9364 21710254337
9365 21713790737
9366 21720864401
9367 21722043457
9368 21725580817
9369 21728528837
9370 21735604901
9371 21737374097
9372 21738553601
9373 21744451601
9374 21756250001
9375 21757430017
9376 21763330577
9377 21763920677
9378 21766871297
9379 21778675777
9380 21785760001
9381 21787531237
9382 21789892997
9383 21795797957
9384 21798750737
9385 21804656897
9386 21810563857
9387 21828289537
9388 21835972901
9389 21838928401
9390 21841884101
9391 21846022417
9392 21849569857
9393 21850752401
9394 21851934977
9395 21852526277
9396 21863762497
9397 21867311377
9398 21871452101
9399 21879143057
9400 21884468357
9401 21896896577
9402 21898080401
9403 21899856197
9404 21901040101
9405 21908144197
9406 21922948097
9407 21935387237
9408 21936572101
9409 21938349457
9410 21941311877
9411 21951385601
9412 21958497857
9413 21959090597
9414 21963240001
9415 21967389797
9416 21976876517
9417 21979248517
9418 21988144657
9419 21997042597
9420 22000602277
9421 22018404997
9422 22023747217
9423 22035621137
9424 22039183937
9425 22047498257
9426 22064131601
9427 22068290917
9428 22070073601
9429 22071856357
9430 22078988101
9431 22080176837
9432 22083743237
9433 22086120997
9434 22090876901
9435 22093849601
9436 22098606337
9437 22105742401
9438 22114664101
9439 22119423077
9440 22123587601
9441 22129537601
9442 22132512901
9443 22137273797
9444 22149178277
9445 22150368901
9446 22162276901
9447 22180144901
9448 22187294117
9449 22195040401
9450 22201000001
9451 22202192017
9452 22203980101
9453 22217094917
9454 22223057477
9455 22224846401
9456 22227828101
9457 22230810001
9458 22241546497
9459 22242739601
9460 22245722501
9461 22248705601
9462 22253478977
9463 22258849637
9464 22264817797
9465 22266608401
9466 22267802177
9467 22270786757
9468 22272577601
9469 22273771537
9470 22278547601
9471 22280338757
9472 22300643557
9473 22305422501
9474 22308409601
9475 22312591877
9476 22314384401
9477 22316176997
9478 22323348101
9479 22327531777
9480 22334106917
9481 22349054017
9482 22364006117
9483 22366997137
9484 22369988357
9485 22374176401
9486 22383152101
9487 22384348997
9488 22384947457
9489 22386144401
9490 22402904977
9491 22404102401
9492 22420869697
9493 22426260517
9494 22426859537
9495 22428057601
9496 22435246657
9497 22435845797
9498 22438841617
9499 22443036101
9500 22444234597
9501 22447230977
9502 22471209217
9503 22471808837
9504 22476006401
9505 22494000401
9506 22501800037
9507 22504200197
9508 22507200577
9509 22507800677
9510 22510801297
9511 22512001601
9512 22516803137
9513 22521004901
9514 22528208837
9515 22537215377
9516 22549827557
9517 22554032401
9518 22555834597
9519 22557036101
9520 22567250177
9521 22572057601
9522 22588887617
9523 22591893637
9524 22594899857
9525 22608129601
9526 22609332497
9527 22611136901
9528 22614144401
9529 22618355237
9530 22623168101
9531 22624371397
9532 22642424677
9533 22645434257
9534 22655066257
9535 22657474577
9536 22662291601
9537 22664098117
9538 22669518097
9539 22678552837
9540 22681564817
9541 22682167237
9542 22694217317
9543 22696627717
9544 22698435601
9545 22699640897
9546 22707476101
9547 22710490001
9548 22717724177
9549 22725562501
9550 22729783697
9551 22731592901
9552 22732799077
9553 22735814657
9554 22737624101
9555 22747878977
9556 22748482277
9557 22757532737
9558 22760549957
9559 22772620837
9560 22781072357
9561 22782883601
9562 22784091137
9563 22784694917
9564 22791940901
9565 22796168257
9566 22799792017
9567 22802208017
9568 22805228197
9569 22811269157
9570 22811873297
9571 22817915137
9572 22819123601
9573 22822144901
9574 22850554897
9575 22851159557
9576 22853578277
9577 22855392401
9578 22858416101
9579 22860230417
9580 22867488401
9581 22883823077
9582 22885638401
9583 22888664101
9584 22889874437
9585 22896531857
9586 22905006337
9587 22906822501
9588 22911665957
9589 22914087877
9590 22917115457
9591 22920143237
9592 22926199397
9593 22938919937
9594 22941343297
9595 22943160901
9596 22946190401
9597 22956492197
9598 22959522577
9599 22968614917
9600 22970433601
9601 22971646097
9602 22983772817
9603 22998935717
9604 23006822401
9605 23012890001
9606 23023206757
9607 23029883537
9608 23035954177
9609 23038382657
9610 23040204101
9611 23048097857
9612 23056600337
9613 23062674497
9614 23063281957
9615 23066319377
9616 23074825217
9617 23079686401
9618 23082724901
9619 23090625937
9620 23091841601
9621 23097920401
9622 23099744197
9623 23102176037
9624 23114945297
9625 23131368101
9626 23143536901
9627 23163013637
9628 23167884101
9629 23170928401
9630 23175799697
9631 23180062501
9632 23181280517
9633 23183107601
9634 23186152901
9635 23189198401
9636 23190416657
9637 23193462437
9638 23198336101
9639 23199554597
9640 23207475601
9641 23214788497
9642 23215397957
9643 23216616901
9644 23217835877
9645 23221492997
9646 23224540817
9647 23233075777
9648 23245881157
9649 23248930577
9650 23255030017
9651 23260520197
9652 23261130257
9653 23276384357
9654 23278825477
9655 23281877057
9656 23283708101
9657 23286760001
9658 23287980817
9659 23288591237
9660 23294695877
9661 23298969601
9662 23300801317
9663 23302022501
9664 23312403857
9665 23313014597
9666 23332562501
9667 23336839697
9668 23338672901
9669 23339895077
9670 23344784101
9671 23352118597
9672 23364956737
9673 23367402497
9674 23373517457
9675 23377186817
9676 23380244837
9677 23381468101
9678 23384526401
9679 23391867137
9680 23395537937
9681 23401044677
9682 23405940101
9683 23407164037
9684 23410836037
9685 23416344577
9686 23420017297
9687 23421241601
9688 23426139137
9689 23432261777
9690 23435323397
9691 23440834817
9692 23442672101
9693 23445734401
9694 23446959377
9695 23450634497
9696 23454922501
9697 23464112401
9698 23468401637
9699 23472078437
9700 23474529797
9701 23476368401
9702 23485562501
9703 23487401537
9704 23492919077
9705 23499050437
9706 23505795857
9707 23507022401
9708 23516222501
9709 23534628101
9710 23535855397
9711 23542606097
9712 23546902501
9713 23559180101
9714 23562250001
9715 23568390401
9716 23580673601
9717 23582516357
9718 23583744901
9719 23588659397
9720 23591116837
9721 23603405957
9722 23605249601
9723 23606478737
9724 23613239557
9725 23617542401
9726 23620616101
9727 23627993797
9728 23631683077
9729 23639062501
9730 23643367697
9731 23646443077
9732 23651364101
9733 23653209617
9734 23656285637
9735 23659361857
9736 23667976337
9737 23671668737
9738 23677207877
9739 23680285457
9740 23687056837
9741 23688288101
9742 23703681601
9743 23706760901
9744 23707992677
9745 23708608577
9746 23711688197
9747 23725240901
9748 23729553937
9749 23732634917
9750 23735716097
9751 23736332357
9752 23740646401
9753 23746810001
9754 23748659237
9755 23754207377
9756 23757289957
9757 23762222501
9758 23766538897
9759 23768388901
9760 23769622277
9761 23771472401
9762 23778873617
9763 23779490437
9764 23791828517
9765 23799232901
9766 23804169797
9767 23805404101
9768 23806638437
9769 23813427857
9770 23822687717
9771 23831949377
9772 23842448101
9773 23843683397
9774 23844301057
9775 23847389477
9776 23854802501
9777 23864070401
9778 23867160101
9779 23886938917
9780 23887557137
9781 23891884901
9782 23893739777
9783 23896831397
9784 23904252101
9785 23911673957
9786 23914766737
9787 23916622501
9788 23920952897
9789 23928996101
9790 23939516177
9791 23947562501
9792 23948800517
9793 23955610177
9794 23961182437
9795 23967993857
9796 23970470977
9797 24005164097
9798 24008262917
9799 24018800401
9800 24023760017
9801 24045464357
9802 24048565777
9803 24051667397
9804 24060352997
9805 24062214401
9806 24065316901
9807 24073384337
9808 24083936101
9809 24094490177
9810 24095111077
9811 24096352901
9812 24108772901
9813 24113741797
9814 24116226437
9815 24118090001
9816 24121196101
9817 24122438597
9818 24144808997
9819 24147916817
9820 24150403217
9821 24158484901
9822 24165946117
9823 24166567937
9824 24170920901
9825 24172164677
9826 24172786577
9827 24175274257
9828 24185226257
9829 24188336677
9830 24197669137
9831 24203269477
9832 24209492837
9833 24210115217
9834 24218829377
9835 24222564497
9836 24231903557
9837 24240621637
9838 24242490001
9839 24246849797
9840 24254947601
9841 24256816517
9842 24259308517
9843 24269277797
9844 24272393617
9845 24281118977
9846 24282988901
9847 24286105601
9848 24297327377
9849 24298574401
9850 24306680837
9851 24307928101
9852 24318531137
9853 24328512577
9854 24332880101
9855 24337248017
9856 24340992257
9857 24342240401
9858 24343488577
9859 24344112677
9860 24350354117
9861 24352850917
9862 24359093477
9863 24369083237
9864 24372205457
9865 24380948737
9866 24382822501
9867 24390942977
9868 24392192401
9869 24412812517
9870 24415937537
9871 24420312901
9872 24422188177
9873 24426564101
9874 24428439617
9875 24431565637
9876 24437818277
9877 24448449601
9878 24449700497
9879 24455955457
9880 24465965057
9881 24472222097
9882 24473473601
9883 24475350917
9884 24485990401
9885 24495380101
9886 24500388677
9887 24502893157
9888 24507902501
9889 24526692101
9890 24529824401
9891 24540475717
9892 24542355601
9893 24554890001
9894 24562412177
9895 24573697601
9896 24578714177
9897 24579968401
9898 24584985617
9899 24603177317
9900 24603804737
9901 24608196901
9902 24614472101
9903 24617610001
9904 24627024901
9905 24655280401
9906 24656536577
9907 24661561601
9908 24663446117
9909 24665958917
9910 24669728357
9911 24670984901
9912 24678524837
9913 24684808997
9914 24686694401
9915 24696122501
9916 24697379717
9917 24698008337
9918 24709953637
9919 24714984101
9920 24722530757
9921 24741402437
9922 24742031617
9923 24744548417
9924 24754616897
9925 24760281317
9926 24766575877
9927 24769723457
9928 24781056401
9929 24786094097
9930 24788613137
9931 24791762117
9932 24793651601
9933 24796800901
9934 24812550401
9935 24813810577
9936 24815700901
9937 24816961157
9938 24817591297
9939 24820111937
9940 24832717057
9941 24840912101
9942 24851630737
9943 24861720977
9944 24870551617
9945 24871182437
9946 24875598401
9947 24881907601
9948 24883800517
9949 24898946437
9950 24905889857
9951 24914728337
9952 24924199877
9953 24927988997
9954 24941884901
9955 24943780097
9956 24950097937
9957 24960840101
9958 24964000001
9959 24965896037
9960 24972216677
9961 24974745157
9962 24977905937
9963 24989286401
9964 24993712837
9965 24995610001
9966 25006994497
9967 25017748901
9968 25019014277
9969 25020912401
9970 25024076101
9971 25025974417
9972 25031669797
9973 25032302657
9974 25033568401
9975 25036732901
9976 25047493697
9977 25055724101
9978 25063955857
9979 25070288897
9980 25074722501
9981 25084224401
9982 25087392101
9983 25089292817
9984 25095629057
9985 25096896401
9986 25098163777
9987 25105134917
9988 25115910401
9989 25117812197
9990 25124152037
9991 25136199937
9992 25144444901
9993 25145713477
9994 25155228817
9995 25157132101
9996 25159035457
9997 25163476901
9998 25179342401
9999 25183785637
10000 25186959617







