1 1
2 2
3 4
4 6
5 10
6 14
7 16
8 20
9 24
10 26
11 36
12 40
13 54
14 56
15 66
16 74
17 84
18 90
19 94
20 110
21 116
22 120
23 124
24 126
25 130
26 134
27 146
28 150
29 156
30 160
31 170
32 176
33 180
34 184
35 204
36 206
37 210
38 224
39 230
40 236
41 240
42 250
43 256
44 260
45 264
46 270
47 280
48 284
49 300
50 306
51 314
52 326
53 340
54 350
55 384
56 386
57 396
58 400
59 406
60 420
61 430
62 436
63 440
64 444
65 464
66 466
67 470
68 474
69 490
70 496
71 536
72 544
73 556
74 570
75 576
76 584
77 594
78 634
79 636
80 644
81 646
82 654
83 674
84 680
85 686
86 690
87 696
88 700
89 704
90 714
91 716
92 740
93 750
94 760
95 764
96 780
97 784
98 816
99 826
100 860
101 864
102 890
103 906
104 910
105 920
106 930
107 936
108 946
109 950
110 960
111 966
112 986
113 1004
114 1010
115 1036
116 1054
117 1060
118 1066
119 1070
120 1080
121 1094
122 1096
123 1106
124 1124
125 1140
126 1144
127 1146
128 1150
129 1156
130 1174
131 1176
132 1184
133 1210
134 1244
135 1246
136 1274
137 1276
138 1290
139 1294
140 1306
141 1314
142 1316
143 1320
144 1324
145 1340
146 1350
147 1354
148 1366
149 1374
150 1376
151 1394
152 1406
153 1410
154 1416
155 1420
156 1430
157 1434
158 1440
159 1456
160 1460
161 1494
162 1504
163 1524
164 1546
165 1550
166 1556
167 1564
168 1566
169 1570
170 1576
171 1580
172 1586
173 1614
174 1616
175 1640
176 1644
177 1654
178 1660
179 1664
180 1674
181 1676
182 1684
183 1686
184 1700
185 1716
186 1736
187 1756
188 1766
189 1774
190 1784
191 1790
192 1794
193 1816
194 1824
195 1850
196 1860
197 1870
198 1876
199 1884
200 1894
201 1910
202 1920
203 1940
204 1964
205 1966
206 1970
207 1974
208 1980
209 1990
210 2006
211 2026
212 2034
213 2050
214 2054
215 2056
216 2064
217 2074
218 2080
219 2084
220 2086
221 2094
222 2096
223 2106
224 2116
225 2120
226 2126
227 2136
228 2154
229 2174
230 2210
231 2224
232 2260
233 2266
234 2286
235 2294
236 2304
237 2310
238 2314
239 2320
240 2326
241 2330
242 2336
243 2354
244 2360
245 2380
246 2404
247 2406
248 2420
249 2430
250 2454
251 2456
252 2460
253 2464
254 2470
255 2496
256 2516
257 2534
258 2536
259 2550
260 2570
261 2576
262 2594
263 2600
264 2604
265 2624
266 2646
267 2654
268 2664
269 2666
270 2676
271 2684
272 2700
273 2706
274 2730
275 2736
276 2746
277 2754
278 2760
279 2766
280 2770
281 2776
282 2780
283 2794
284 2804
285 2824
286 2834
287 2836
288 2850
289 2864
290 2876
291 2884
292 2890
293 2896
294 2900
295 2916
296 2924
297 2926
298 2934
299 2944
300 2960
301 2964
302 2974
303 2986
304 3016
305 3026
306 3046
307 3054
308 3074
309 3094
310 3106
311 3110
312 3134
313 3136
314 3140
315 3156
316 3160
317 3174
318 3184
319 3196
320 3204
321 3214
322 3220
323 3240
324 3246
325 3254
326 3266
327 3274
328 3280
329 3290
330 3304
331 3306
332 3314
333 3326
334 3334
335 3340
336 3350
337 3356
338 3360
339 3374
340 3390
341 3436
342 3446
343 3474
344 3480
345 3490
346 3504
347 3516
348 3520
349 3530
350 3534
351 3536
352 3624
353 3644
354 3650
355 3660
356 3670
357 3686
358 3716
359 3730
360 3734
361 3746
362 3754
363 3756
364 3764
365 3774
366 3776
367 3784
368 3790
369 3794
370 3800
371 3806
372 3826
373 3850
374 3870
375 3884
376 3890
377 3894
378 3900
379 3910
380 3924
381 3946
382 3966
383 3984
384 3994
385 4006
386 4024
387 4026
388 4034
389 4046
390 4056
391 4070
392 4080
393 4086
394 4114
395 4120
396 4124
397 4136
398 4140
399 4146
400 4154
401 4156
402 4170
403 4174
404 4176
405 4180
406 4184
407 4206
408 4226
409 4250
410 4260
411 4266
412 4294
413 4300
414 4310
415 4330
416 4336
417 4340
418 4364
419 4366
420 4370
421 4374
422 4384
423 4404
424 4410
425 4414
426 4444
427 4456
428 4474
429 4486
430 4496
431 4504
432 4510
433 4524
434 4530
435 4534
436 4540
437 4554
438 4566
439 4590
440 4600
441 4604
442 4606
443 4614
444 4616
445 4644
446 4650
447 4666
448 4700
449 4704
450 4716
451 4726
452 4734
453 4736
454 4754
455 4780
456 4784
457 4786
458 4794
459 4796
460 4834
461 4850
462 4876
463 4886
464 4894
465 4904
466 4910
467 4920
468 4936
469 4944
470 4954
471 4956
472 4990
473 5004
474 5014
475 5016
476 5030
477 5044
478 5054
479 5056
480 5076
481 5080
482 5086
483 5120
484 5126
485 5154
486 5170
487 5176
488 5180
489 5194
490 5200
491 5204
492 5226
493 5236
494 5246
495 5254
496 5256
497 5264
498 5294
499 5304
500 5314
501 5340
502 5344
503 5360
504 5370
505 5384
506 5404
507 5420
508 5424
509 5430
510 5446
511 5466
512 5474
513 5476
514 5486
515 5490
516 5500
517 5506
518 5510
519 5524
520 5536
521 5550
522 5560
523 5564
524 5566
525 5574
526 5584
527 5586
528 5590
529 5620
530 5656
531 5664
532 5700
533 5710
534 5724
535 5726
536 5734
537 5756
538 5760
539 5774
540 5804
541 5814
542 5824
543 5830
544 5834
545 5850
546 5856
547 5866
548 5874
549 5876
550 5880
551 5930
552 5944
553 5960
554 5964
555 5970
556 5984
557 5990
558 5996
559 6006
560 6010
561 6016
562 6030
563 6046
564 6060
565 6096
566 6110
567 6120
568 6126
569 6130
570 6134
571 6140
572 6156
573 6164
574 6166
575 6176
576 6190
577 6216
578 6220
579 6234
580 6236
581 6240
582 6254
583 6266
584 6306
585 6314
586 6340
587 6350
588 6360
589 6366
590 6400
591 6420
592 6434
593 6460
594 6480
595 6514
596 6530
597 6536
598 6540
599 6546
600 6550
601 6576
602 6590
603 6604
604 6614
605 6636
606 6646
607 6704
608 6710
609 6714
610 6724
611 6734
612 6764
613 6776
614 6780
615 6784
616 6786
617 6800
618 6806
619 6824
620 6826
621 6850
622 6854
623 6866
624 6874
625 6884
626 6910
627 6926
628 6930
629 6944
630 6956
631 6970
632 6980
633 6984
634 6990
635 6996
636 7010
637 7014
638 7016
639 7044
640 7050
641 7066
642 7100
643 7114
644 7130
645 7150
646 7160
647 7164
648 7190
649 7216
650 7240
651 7244
652 7260
653 7286
654 7304
655 7316
656 7326
657 7364
658 7384
659 7404
660 7410
661 7414
662 7420
663 7434
664 7456
665 7460
666 7466
667 7474
668 7490
669 7504
670 7516
671 7520
672 7524
673 7536
674 7550
675 7596
676 7604
677 7624
678 7656
679 7674
680 7716
681 7720
682 7734
683 7744
684 7754
685 7770
686 7774
687 7780
688 7796
689 7804
690 7806
691 7810
692 7820
693 7836
694 7854
695 7856
696 7864
697 7906
698 7910
699 7944
700 7946
701 7956
702 8014
703 8030
704 8034
705 8064
706 8080
707 8100
708 8114
709 8116
710 8174
711 8176
712 8180
713 8184
714 8194
715 8196
716 8206
717 8210
718 8226
719 8230
720 8254
721 8270
722 8290
723 8296
724 8304
725 8324
726 8350
727 8376
728 8386
729 8420
730 8424
731 8434
732 8454
733 8500
734 8540
735 8550
736 8554
737 8576
738 8584
739 8610
740 8626
741 8634
742 8656
743 8670
744 8680
745 8684
746 8694
747 8706
748 8720
749 8750
750 8760
751 8774
752 8784
753 8786
754 8790
755 8816
756 8846
757 8854
758 8876
759 8880
760 8894
761 8940
762 8964
763 8974
764 8976
765 8996
766 9000
767 9010
768 9016
769 9020
770 9024
771 9046
772 9054
773 9120
774 9124
775 9126
776 9154
777 9164
778 9180
779 9204
780 9214
781 9240
782 9246
783 9260
784 9266
785 9270
786 9276
787 9280
788 9294
789 9310
790 9314
791 9324
792 9336
793 9340
794 9356
795 9374
796 9386
797 9406
798 9424
799 9426
800 9434
801 9436
802 9460
803 9474
804 9476
805 9486
806 9494
807 9520
808 9530
809 9546
810 9554
811 9564
812 9596
813 9600
814 9630
815 9650
816 9666
817 9670
818 9696
819 9714
820 9724
821 9744
822 9760
823 9770
824 9786
825 9804
826 9806
827 9826
828 9844
829 9860
830 9874
831 9876
832 9880
833 9894
834 9896
835 9900
836 9904
837 9956
838 9970
839 9980
840 9986
841 9990
842 10006
843 10014
844 10016
845 10024
846 10050
847 10056
848 10074
849 10084
850 10086
851 10116
852 10126
853 10130
854 10150
855 10160
856 10166
857 10216
858 10240
859 10246
860 10256
861 10270
862 10276
863 10284
864 10294
865 10324
866 10326
867 10350
868 10360
869 10376
870 10384
871 10414
872 10416
873 10424
874 10426
875 10430
876 10490
877 10504
878 10506
879 10516
880 10520
881 10530
882 10550
883 10556
884 10560
885 10580
886 10594
887 10614
888 10634
889 10640
890 10654
891 10666
892 10674
893 10690
894 10700
895 10726
896 10734
897 10744
898 10764
899 10770
900 10780
901 10784
902 10790
903 10796
904 10804
905 10814
906 10836
907 10840
908 10844
909 10846
910 10854
911 10866
912 10890
913 10894
914 10896
915 10914
916 10936
917 10960
918 10966
919 10970
920 10984
921 11010
922 11024
923 11026
924 11034
925 11056
926 11074
927 11076
928 11096
929 11116
930 11130
931 11154
932 11170
933 11200
934 11204
935 11236
936 11244
937 11246
938 11256
939 11270
940 11286
941 11320
942 11330
943 11336
944 11346
945 11350
946 11364
947 11374
948 11400
949 11404
950 11416
951 11436
952 11456
953 11480
954 11514
955 11520
956 11560
957 11566
958 11586
959 11596
960 11600
961 11610
962 11626
963 11650
964 11674
965 11680
966 11720
967 11750
968 11766
969 11790
970 11800
971 11804
972 11810
973 11814
974 11816
975 11830
976 11866
977 11886
978 11894
979 11910
980 11924
981 11934
982 11946
983 11970
984 11980
985 11990
986 11996
987 12000
988 12014
989 12016
990 12024
991 12036
992 12060
993 12064
994 12084
995 12090
996 12094
997 12096
998 12120
999 12126
1000 12140
1001 12144
1002 12154
1003 12184
1004 12194
1005 12214
1006 12224
1007 12234
1008 12256
1009 12276
1010 12294
1011 12300
1012 12314
1013 12334
1014 12336
1015 12344
1016 12354
1017 12356
1018 12360
1019 12386
1020 12390
1021 12396
1022 12404
1023 12416
1024 12434
1025 12450
1026 12454
1027 12460
1028 12484
1029 12486
1030 12490
1031 12506
1032 12546
1033 12564
1034 12570
1035 12590
1036 12614
1037 12620
1038 12624
1039 12630
1040 12634
1041 12636
1042 12684
1043 12694
1044 12710
1045 12724
1046 12730
1047 12744
1048 12756
1049 12764
1050 12766
1051 12776
1052 12816
1053 12820
1054 12844
1055 12854
1056 12874
1057 12876
1058 12880
1059 12896
1060 12910
1061 12920
1062 12926
1063 12964
1064 12970
1065 12986
1066 13056
1067 13064
1068 13066
1069 13076
1070 13090
1071 13100
1072 13106
1073 13110
1074 13130
1075 13136
1076 13180
1077 13224
1078 13246
1079 13254
1080 13266
1081 13274
1082 13284
1083 13286
1084 13310
1085 13336
1086 13344
1087 13350
1088 13360
1089 13376
1090 13390
1091 13394
1092 13420
1093 13430
1094 13436
1095 13466
1096 13490
1097 13506
1098 13516
1099 13520
1100 13534
1101 13546
1102 13550
1103 13576
1104 13620
1105 13650
1106 13656
1107 13660
1108 13666
1109 13674
1110 13680
1111 13686
1112 13724
1113 13754
1114 13756
1115 13786
1116 13806
1117 13820
1118 13830
1119 13846
1120 13854
1121 13870
1122 13880
1123 13886
1124 13900
1125 13924
1126 13940
1127 13964
1128 13984
1129 13994
1130 14000
1131 14010
1132 14016
1133 14020
1134 14026
1135 14034
1136 14036
1137 14040
1138 14086
1139 14104
1140 14120
1141 14144
1142 14156
1143 14166
1144 14180
1145 14186
1146 14190
1147 14194
1148 14196
1149 14200
1150 14210
1151 14220
1152 14226
1153 14264
1154 14270
1155 14290
1156 14294
1157 14330
1158 14356
1159 14374
1160 14380
1161 14406
1162 14410
1163 14414
1164 14426
1165 14466
1166 14476
1167 14484
1168 14486
1169 14494
1170 14496
1171 14504
1172 14506
1173 14544
1174 14550
1175 14560
1176 14566
1177 14576
1178 14580
1179 14606
1180 14634
1181 14636
1182 14660
1183 14674
1184 14694
1185 14714
1186 14716
1187 14746
1188 14774
1189 14790
1190 14814
1191 14824
1192 14826
1193 14850
1194 14886
1195 14914
1196 14926
1197 14936
1198 14940
1199 14950
1200 14996
1201 15030
1202 15050
1203 15070
1204 15074
1205 15080
1206 15086
1207 15104
1208 15106
1209 15130
1210 15156
1211 15174
1212 15180
1213 15186
1214 15196
1215 15204
1216 15210
1217 15214
1218 15224
1219 15226
1220 15246
1221 15256
1222 15260
1223 15264
1224 15310
1225 15314
1226 15320
1227 15326
1228 15346
1229 15370
1230 15394
1231 15464
1232 15470
1233 15476
1234 15480
1235 15510
1236 15516
1237 15524
1238 15536
1239 15550
1240 15560
1241 15570
1242 15580
1243 15584
1244 15586
1245 15624
1246 15640
1247 15646
1248 15654
1249 15656
1250 15664
1251 15674
1252 15676
1253 15680
1254 15710
1255 15716
1256 15726
1257 15740
1258 15744
1259 15754
1260 15784
1261 15796
1262 15804
1263 15820
1264 15844
1265 15856
1266 15890
1267 15896
1268 15914
1269 15924
1270 15936
1271 15944
1272 15954
1273 15980
1274 16000
1275 16004
1276 16026
1277 16030
1278 16046
1279 16084
1280 16110
1281 16116
1282 16130
1283 16134
1284 16156
1285 16184
1286 16220
1287 16224
1288 16226
1289 16230
1290 16240
1291 16244
1292 16250
1293 16254
1294 16260
1295 16296
1296 16304
1297 16314
1298 16330
1299 16364
1300 16374
1301 16380
1302 16394
1303 16396
1304 16404
1305 16406
1306 16416
1307 16436
1308 16446
1309 16500
1310 16510
1311 16530
1312 16536
1313 16590
1314 16620
1315 16636
1316 16640
1317 16650
1318 16676
1319 16704
1320 16720
1321 16734
1322 16740
1323 16746
1324 16754
1325 16770
1326 16780
1327 16784
1328 16790
1329 16794
1330 16816
1331 16846
1332 16854
1333 16864
1334 16870
1335 16880
1336 16896
1337 16904
1338 16906
1339 16914
1340 16926
1341 16950
1342 16954
1343 16966
1344 16974
1345 16994
1346 17000
1347 17010
1348 17020
1349 17060
1350 17070
1351 17086
1352 17124
1353 17136
1354 17150
1355 17164
1356 17184
1357 17196
1358 17216
1359 17254
1360 17264
1361 17294
1362 17306
1363 17316
1364 17320
1365 17326
1366 17346
1367 17356
1368 17366
1369 17394
1370 17406
1371 17424
1372 17426
1373 17450
1374 17466
1375 17510
1376 17524
1377 17550
1378 17570
1379 17590
1380 17600
1381 17604
1382 17614
1383 17634
1384 17654
1385 17670
1386 17674
1387 17686
1388 17690
1389 17694
1390 17696
1391 17704
1392 17720
1393 17764
1394 17796
1395 17804
1396 17810
1397 17824
1398 17830
1399 17850
1400 17856
1401 17860
1402 17886
1403 17890
1404 17904
1405 17930
1406 17936
1407 17940
1408 17946
1409 17950
1410 17954
1411 17964
1412 17986
1413 17996
1414 18014
1415 18034
1416 18040
1417 18046
1418 18054
1419 18060
1420 18066
1421 18070
1422 18076
1423 18080
1424 18094
1425 18100
1426 18120
1427 18144
1428 18146
1429 18164
1430 18174
1431 18176
1432 18196
1433 18216
1434 18230
1435 18274
1436 18276
1437 18280
1438 18290
1439 18320
1440 18324
1441 18326
1442 18334
1443 18344
1444 18360
1445 18366
1446 18376
1447 18384
1448 18386
1449 18396
1450 18406
1451 18410
1452 18430
1453 18444
1454 18450
1455 18464
1456 18480
1457 18486
1458 18524
1459 18540
1460 18566
1461 18576
1462 18584
1463 18586
1464 18600
1465 18610
1466 18620
1467 18644
1468 18666
1469 18674
1470 18684
1471 18694
1472 18700
1473 18706
1474 18720
1475 18740
1476 18760
1477 18794
1478 18814
1479 18830
1480 18844
1481 18854
1482 18940
1483 18966
1484 18970
1485 18980
1486 18984
1487 18994
1488 18996
1489 19000
1490 19016
1491 19030
1492 19046
1493 19054
1494 19060
1495 19084
1496 19100
1497 19120
1498 19124
1499 19130
1500 19136
1501 19140
1502 19150
1503 19166
1504 19194
1505 19224
1506 19230
1507 19236
1508 19254
1509 19276
1510 19290
1511 19294
1512 19304
1513 19324
1514 19334
1515 19340
1516 19364
1517 19370
1518 19380
1519 19400
1520 19416
1521 19420
1522 19434
1523 19446
1524 19454
1525 19480
1526 19490
1527 19494
1528 19506
1529 19510
1530 19524
1531 19536
1532 19556
1533 19576
1534 19600
1535 19620
1536 19626
1537 19634
1538 19636
1539 19666
1540 19706
1541 19736
1542 19740
1543 19780
1544 19796
1545 19800
1546 19844
1547 19870
1548 19874
1549 19896
1550 19904
1551 19916
1552 19926
1553 19930
1554 19944
1555 19946
1556 19966
1557 19984
1558 19990
1559 19994
1560 20014
1561 20026
1562 20036
1563 20066
1564 20076
1565 20086
1566 20096
1567 20100
1568 20104
1569 20120
1570 20136
1571 20146
1572 20156
1573 20160
1574 20164
1575 20186
1576 20206
1577 20214
1578 20240
1579 20244
1580 20250
1581 20256
1582 20266
1583 20280
1584 20300
1585 20306
1586 20354
1587 20364
1588 20374
1589 20380
1590 20384
1591 20400
1592 20406
1593 20414
1594 20440
1595 20476
1596 20484
1597 20500
1598 20514
1599 20536
1600 20556
1601 20564
1602 20590
1603 20596
1604 20616
1605 20620
1606 20624
1607 20630
1608 20644
1609 20654
1610 20656
1611 20670
1612 20684
1613 20706
1614 20734
1615 20750
1616 20754
1617 20760
1618 20814
1619 20824
1620 20830
1621 20864
1622 20884
1623 20944
1624 20954
1625 20976
1626 20980
1627 20986
1628 20994
1629 21006
1630 21020
1631 21030
1632 21040
1633 21054
1634 21080
1635 21086
1636 21134
1637 21136
1638 21140
1639 21176
1640 21180
1641 21204
1642 21210
1643 21226
1644 21236
1645 21256
1646 21264
1647 21266
1648 21294
1649 21296
1650 21310
1651 21344
1652 21346
1653 21350
1654 21374
1655 21376
1656 21384
1657 21386
1658 21410
1659 21426
1660 21436
1661 21446
1662 21456
1663 21460
1664 21464
1665 21474
1666 21486
1667 21514
1668 21550
1669 21554
1670 21566
1671 21570
1672 21576
1673 21600
1674 21606
1675 21636
1676 21664
1677 21714
1678 21726
1679 21736
1680 21776
1681 21784
1682 21804
1683 21810
1684 21814
1685 21830
1686 21840
1687 21856
1688 21870
1689 21880
1690 21886
1691 21894
1692 21896
1693 21906
1694 21914
1695 21916
1696 21924
1697 21930
1698 21940
1699 21954
1700 21956
1701 21964
1702 21980
1703 21986
1704 21990
1705 21996
1706 22034
1707 22044
1708 22054
1709 22060
1710 22074
1711 22116
1712 22136
1713 22150
1714 22156
1715 22166
1716 22174
1717 22180
1718 22204
1719 22214
1720 22234
1721 22250
1722 22256
1723 22270
1724 22296
1725 22310
1726 22314
1727 22340
1728 22344
1729 22346
1730 22350
1731 22356
1732 22366
1733 22414
1734 22424
1735 22450
1736 22460
1737 22466
1738 22474
1739 22480
1740 22486
1741 22494
1742 22510
1743 22536
1744 22540
1745 22544
1746 22556
1747 22616
1748 22624
1749 22626
1750 22630
1751 22656
1752 22686
1753 22694
1754 22700
1755 22704
1756 22726
1757 22766
1758 22780
1759 22790
1760 22796
1761 22804
1762 22830
1763 22834
1764 22850
1765 22854
1766 22856
1767 22884
1768 22890
1769 22900
1770 22904
1771 22906
1772 22930
1773 22960
1774 22964
1775 22974
1776 22984
1777 23016
1778 23036
1779 23046
1780 23060
1781 23084
1782 23086
1783 23100
1784 23110
1785 23120
1786 23134
1787 23136
1788 23140
1789 23144
1790 23160
1791 23164
1792 23166
1793 23176
1794 23186
1795 23194
1796 23224
1797 23266
1798 23274
1799 23300
1800 23306
1801 23324
1802 23326
1803 23334
1804 23336
1805 23370
1806 23384
1807 23394
1808 23414
1809 23424
1810 23436
1811 23440
1812 23446
1813 23466
1814 23476
1815 23510
1816 23546
1817 23550
1818 23556
1819 23576
1820 23604
1821 23650
1822 23656
1823 23670
1824 23684
1825 23696
1826 23716
1827 23726
1828 23766
1829 23776
1830 23784
1831 23786
1832 23790
1833 23806
1834 23814
1835 23816
1836 23854
1837 23866
1838 23874
1839 23890
1840 23900
1841 23914
1842 23916
1843 23930
1844 23934
1845 23936
1846 23944
1847 23946
1848 23950
1849 23960
1850 24004
1851 24014
1852 24030
1853 24050
1854 24060
1855 24066
1856 24070
1857 24086
1858 24096
1859 24124
1860 24134
1861 24156
1862 24176
1863 24184
1864 24196
1865 24234
1866 24260
1867 24270
1868 24284
1869 24324
1870 24326
1871 24356
1872 24364
1873 24366
1874 24384
1875 24434
1876 24440
1877 24444
1878 24446
1879 24460
1880 24470
1881 24490
1882 24494
1883 24496
1884 24524
1885 24534
1886 24556
1887 24564
1888 24590
1889 24596
1890 24600
1891 24606
1892 24674
1893 24676
1894 24700
1895 24726
1896 24730
1897 24736
1898 24794
1899 24800
1900 24804
1901 24820
1902 24844
1903 24876
1904 24906
1905 24914
1906 24924
1907 24930
1908 24936
1909 24966
1910 24974
1911 24976
1912 24980
1913 24984
1914 24996
1915 25014
1916 25024
1917 25036
1918 25090
1919 25094
1920 25100
1921 25110
1922 25120
1923 25174
1924 25180
1925 25194
1926 25200
1927 25210
1928 25216
1929 25234
1930 25236
1931 25250
1932 25256
1933 25274
1934 25296
1935 25320
1936 25324
1937 25330
1938 25346
1939 25350
1940 25380
1941 25386
1942 25434
1943 25454
1944 25460
1945 25466
1946 25480
1947 25484
1948 25494
1949 25500
1950 25510
1951 25520
1952 25546
1953 25554
1954 25556
1955 25560
1956 25594
1957 25600
1958 25614
1959 25626
1960 25676
1961 25704
1962 25714
1963 25724
1964 25736
1965 25744
1966 25754
1967 25756
1968 25786
1969 25790
1970 25806
1971 25830
1972 25854
1973 25884
1974 25886
1975 25896
1976 25900
1977 25924
1978 25934
1979 25950
1980 26016
1981 26024
1982 26050
1983 26064
1984 26066
1985 26094
1986 26100
1987 26114
1988 26120
1989 26124
1990 26134
1991 26140
1992 26144
1993 26154
1994 26160
1995 26194
1996 26224
1997 26254
1998 26256
1999 26266
2000 26274
2001 26284
2002 26296
2003 26340
2004 26366
2005 26370
2006 26374
2007 26386
2008 26416
2009 26440
2010 26466
2011 26474
2012 26480
2013 26496
2014 26500
2015 26504
2016 26506
2017 26510
2018 26534
2019 26544
2020 26604
2021 26614
2022 26644
2023 26650
2024 26656
2025 26664
2026 26670
2027 26680
2028 26714
2029 26716
2030 26730
2031 26756
2032 26770
2033 26780
2034 26810
2035 26826
2036 26836
2037 26860
2038 26874
2039 26880
2040 26886
2041 26896
2042 26904
2043 26914
2044 26926
2045 26934
2046 26936
2047 26940
2048 26984
2049 26990
2050 26994
2051 27014
2052 27024
2053 27046
2054 27064
2055 27066
2056 27070
2057 27096
2058 27116
2059 27120
2060 27124
2061 27130
2062 27140
2063 27146
2064 27150
2065 27154
2066 27160
2067 27176
2068 27184
2069 27194
2070 27210
2071 27216
2072 27220
2073 27224
2074 27236
2075 27244
2076 27250
2077 27284
2078 27286
2079 27296
2080 27314
2081 27316
2082 27324
2083 27384
2084 27436
2085 27440
2086 27450
2087 27466
2088 27470
2089 27496
2090 27514
2091 27524
2092 27560
2093 27564
2094 27606
2095 27616
2096 27626
2097 27634
2098 27676
2099 27690
2100 27704
2101 27710
2102 27726
2103 27730
2104 27780
2105 27790
2106 27796
2107 27800
2108 27804
2109 27806
2110 27810
2111 27814
2112 27820
2113 27826
2114 27836
2115 27844
2116 27856
2117 27870
2118 27874
2119 27924
2120 27934
2121 27936
2122 27950
2123 27956
2124 27964
2125 27996
2126 28000
2127 28006
2128 28016
2129 28024
2130 28030
2131 28034
2132 28044
2133 28064
2134 28086
2135 28100
2136 28146
2137 28164
2138 28170
2139 28174
2140 28180
2141 28186
2142 28204
2143 28206
2144 28230
2145 28260
2146 28294
2147 28320
2148 28330
2149 28334
2150 28356
2151 28366
2152 28380
2153 28406
2154 28414
2155 28430
2156 28444
2157 28450
2158 28470
2159 28494
2160 28500
2161 28506
2162 28510
2163 28526
2164 28550
2165 28560
2166 28580
2167 28584
2168 28600
2169 28610
2170 28626
2171 28636
2172 28654
2173 28656
2174 28684
2175 28724
2176 28730
2177 28744
2178 28746
2179 28766
2180 28770
2181 28796
2182 28810
2183 28840
2184 28850
2185 28880
2186 28886
2187 28910
2188 28924
2189 28926
2190 28934
2191 28936
2192 28960
2193 28966
2194 28994
2195 29000
2196 29004
2197 29010
2198 29016
2199 29054
2200 29080
2201 29090
2202 29094
2203 29096
2204 29114
2205 29124
2206 29126
2207 29140
2208 29146
2209 29166
2210 29184
2211 29194
2212 29196
2213 29204
2214 29234
2215 29240
2216 29250
2217 29260
2218 29264
2219 29276
2220 29296
2221 29326
2222 29334
2223 29340
2224 29350
2225 29364
2226 29366
2227 29370
2228 29386
2229 29396
2230 29400
2231 29416
2232 29430
2233 29444
2234 29464
2235 29480
2236 29486
2237 29494
2238 29500
2239 29526
2240 29556
2241 29566
2242 29586
2243 29590
2244 29600
2245 29614
2246 29620
2247 29624
2248 29630
2249 29646
2250 29666
2251 29690
2252 29706
2253 29744
2254 29750
2255 29764
2256 29770
2257 29774
2258 29794
2259 29826
2260 29850
2261 29860
2262 29864
2263 29876
2264 29894
2265 29904
2266 29914
2267 29946
2268 29956
2269 30004
2270 30006
2271 30020
2272 30034
2273 30036
2274 30066
2275 30080
2276 30096
2277 30104
2278 30130
2279 30136
2280 30140
2281 30190
2282 30200
2283 30236
2284 30254
2285 30266
2286 30270
2287 30276
2288 30296
2289 30326
2290 30340
2291 30354
2292 30356
2293 30364
2294 30384
2295 30396
2296 30416
2297 30446
2298 30466
2299 30470
2300 30476
2301 30500
2302 30534
2303 30540
2304 30580
2305 30600
2306 30626
2307 30644
2308 30676
2309 30680
2310 30696
2311 30720
2312 30726
2313 30736
2314 30796
2315 30804
2316 30806
2317 30826
2318 30830
2319 30836
2320 30850
2321 30866
2322 30886
2323 30894
2324 30904
2325 30924
2326 30934
2327 30940
2328 30954
2329 30966
2330 30986
2331 30990
2332 30994
2333 30996
2334 31014
2335 31020
2336 31024
2337 31034
2338 31040
2339 31056
2340 31064
2341 31066
2342 31096
2343 31120
2344 31146
2345 31170
2346 31176
2347 31186
2348 31190
2349 31200
2350 31214
2351 31226
2352 31230
2353 31236
2354 31254
2355 31264
2356 31306
2357 31324
2358 31354
2359 31360
2360 31380
2361 31384
2362 31434
2363 31440
2364 31460
2365 31464
2366 31466
2367 31470
2368 31474
2369 31476
2370 31484
2371 31486
2372 31500
2373 31524
2374 31536
2375 31550
2376 31570
2377 31584
2378 31614
2379 31626
2380 31640
2381 31674
2382 31710
2383 31716
2384 31730
2385 31734
2386 31744
2387 31756
2388 31776
2389 31800
2390 31804
2391 31836
2392 31844
2393 31846
2394 31850
2395 31856
2396 31860
2397 31864
2398 31870
2399 31934
2400 31944
2401 31954
2402 31966
2403 31984
2404 31986
2405 31996
2406 32026
2407 32044
2408 32064
2409 32090
2410 32096
2411 32104
2412 32106
2413 32114
2414 32116
2415 32156
2416 32164
2417 32174
2418 32186
2419 32200
2420 32216
2421 32240
2422 32250
2423 32286
2424 32290
2425 32316
2426 32320
2427 32324
2428 32334
2429 32350
2430 32356
2431 32374
2432 32384
2433 32386
2434 32394
2435 32400
2436 32426
2437 32436
2438 32450
2439 32460
2440 32484
2441 32486
2442 32496
2443 32510
2444 32514
2445 32516
2446 32530
2447 32564
2448 32590
2449 32616
2450 32634
2451 32650
2452 32656
2453 32660
2454 32676
2455 32680
2456 32730
2457 32754
2458 32756
2459 32766
2460 32774
2461 32796
2462 32834
2463 32860
2464 32864
2465 32876
2466 32886
2467 32894
2468 32904
2469 32906
2470 32946
2471 32970
2472 32974
2473 33000
2474 33004
2475 33006
2476 33026
2477 33030
2478 33036
2479 33040
2480 33050
2481 33066
2482 33070
2483 33076
2484 33100
2485 33114
2486 33150
2487 33166
2488 33176
2489 33186
2490 33190
2491 33200
2492 33204
2493 33206
2494 33226
2495 33250
2496 33270
2497 33284
2498 33286
2499 33310
2500 33326
2501 33336
2502 33344
2503 33370
2504 33374
2505 33400
2506 33414
2507 33416
2508 33434
2509 33436
2510 33440
2511 33446
2512 33450
2513 33464
2514 33484
2515 33524
2516 33530
2517 33544
2518 33550
2519 33560
2520 33564
2521 33566
2522 33604
2523 33614
2524 33616
2525 33646
2526 33650
2527 33700
2528 33706
2529 33726
2530 33736
2531 33754
2532 33794
2533 33796
2534 33806
2535 33836
2536 33900
2537 33904
2538 33906
2539 33910
2540 33924
2541 33934
2542 33954
2543 34024
2544 34036
2545 34040
2546 34044
2547 34050
2548 34070
2549 34074
2550 34086
2551 34096
2552 34124
2553 34134
2554 34160
2555 34164
2556 34170
2557 34180
2558 34186
2559 34204
2560 34220
2561 34236
2562 34240
2563 34246
2564 34270
2565 34274
2566 34280
2567 34294
2568 34300
2569 34304
2570 34346
2571 34396
2572 34400
2573 34434
2574 34456
2575 34474
2576 34496
2577 34500
2578 34504
2579 34530
2580 34544
2581 34550
2582 34560
2583 34584
2584 34594
2585 34600
2586 34606
2587 34610
2588 34630
2589 34634
2590 34646
2591 34670
2592 34694
2593 34714
2594 34716
2595 34740
2596 34760
2597 34784
2598 34816
2599 34830
2600 34836
2601 34856
2602 34864
2603 34876
2604 34886
2605 34896
2606 34946
2607 34966
2608 34974
2609 34980
2610 35000
2611 35074
2612 35096
2613 35104
2614 35106
2615 35114
2616 35124
2617 35150
2618 35154
2619 35164
2620 35176
2621 35184
2622 35190
2623 35204
2624 35214
2625 35236
2626 35244
2627 35260
2628 35266
2629 35280
2630 35320
2631 35336
2632 35370
2633 35376
2634 35386
2635 35414
2636 35416
2637 35444
2638 35460
2639 35464
2640 35470
2641 35476
2642 35486
2643 35494
2644 35504
2645 35570
2646 35596
2647 35614
2648 35644
2649 35656
2650 35660
2651 35684
2652 35686
2653 35700
2654 35710
2655 35770
2656 35790
2657 35826
2658 35850
2659 35864
2660 35876
2661 35880
2662 35916
2663 35926
2664 35930
2665 35936
2666 35956
2667 35974
2668 36004
2669 36034
2670 36056
2671 36066
2672 36074
2673 36076
2674 36084
2675 36094
2676 36114
2677 36126
2678 36134
2679 36136
2680 36140
2681 36144
2682 36150
2683 36154
2684 36164
2685 36166
2686 36170
2687 36186
2688 36216
2689 36224
2690 36244
2691 36246
2692 36260
2693 36286
2694 36310
2695 36336
2696 36344
2697 36360
2698 36364
2699 36374
2700 36380
2701 36390
2702 36394
2703 36404
2704 36416
2705 36420
2706 36426
2707 36430
2708 36446
2709 36466
2710 36474
2711 36480
2712 36500
2713 36506
2714 36516
2715 36556
2716 36566
2717 36570
2718 36594
2719 36630
2720 36640
2721 36654
2722 36660
2723 36664
2724 36674
2725 36676
2726 36684
2727 36714
2728 36734
2729 36744
2730 36764
2731 36776
2732 36800
2733 36804
2734 36810
2735 36814
2736 36820
2737 36830
2738 36870
2739 36906
2740 36924
2741 36926
2742 36940
2743 36946
2744 36960
2745 36986
2746 37004
2747 37020
2748 37026
2749 37034
2750 37044
2751 37046
2752 37060
2753 37066
2754 37100
2755 37106
2756 37116
2757 37134
2758 37140
2759 37144
2760 37150
2761 37174
2762 37186
2763 37210
2764 37230
2765 37246
2766 37254
2767 37256
2768 37274
2769 37296
2770 37300
2771 37304
2772 37310
2773 37316
2774 37326
2775 37350
2776 37384
2777 37386
2778 37390
2779 37400
2780 37410
2781 37466
2782 37470
2783 37516
2784 37534
2785 37544
2786 37550
2787 37570
2788 37576
2789 37580
2790 37584
2791 37590
2792 37594
2793 37616
2794 37624
2795 37636
2796 37646
2797 37650
2798 37680
2799 37684
2800 37686
2801 37690
2802 37694
2803 37696
2804 37720
2805 37726
2806 37730
2807 37740
2808 37756
2809 37806
2810 37824
2811 37826
2812 37836
2813 37854
2814 37876
2815 37884
2816 37904
2817 37910
2818 37924
2819 37936
2820 37946
2821 37954
2822 37960
2823 37964
2824 37970
2825 37976
2826 38034
2827 38044
2828 38090
2829 38120
2830 38146
2831 38156
2832 38216
2833 38230
2834 38250
2835 38256
2836 38266
2837 38276
2838 38310
2839 38324
2840 38330
2841 38354
2842 38360
2843 38364
2844 38366
2845 38374
2846 38376
2847 38404
2848 38406
2849 38440
2850 38470
2851 38504
2852 38506
2853 38530
2854 38544
2855 38546
2856 38556
2857 38564
2858 38574
2859 38580
2860 38610
2861 38630
2862 38646
2863 38656
2864 38664
2865 38666
2866 38700
2867 38710
2868 38714
2869 38726
2870 38740
2871 38750
2872 38760
2873 38776
2874 38780
2875 38796
2876 38804
2877 38816
2878 38854
2879 38860
2880 38864
2881 38870
2882 38890
2883 38916
2884 38920
2885 38924
2886 38950
2887 38974
2888 38984
2889 39040
2890 39054
2891 39056
2892 39074
2893 39076
2894 39114
2895 39120
2896 39136
2897 39156
2898 39170
2899 39180
2900 39186
2901 39204
2902 39236
2903 39256
2904 39270
2905 39276
2906 39284
2907 39286
2908 39290
2909 39306
2910 39350
2911 39416
2912 39420
2913 39426
2914 39430
2915 39446
2916 39454
2917 39464
2918 39490
2919 39496
2920 39500
2921 39506
2922 39514
2923 39540
2924 39566
2925 39576
2926 39624
2927 39634
2928 39636
2929 39664
2930 39676
2931 39680
2932 39686
2933 39696
2934 39704
2935 39706
2936 39714
2937 39734
2938 39756
2939 39760
2940 39770
2941 39774
2942 39790
2943 39796
2944 39846
2945 39856
2946 39890
2947 39900
2948 39924
2949 39930
2950 39936
2951 39964
2952 39994
2953 40004
2954 40010
2955 40026
2956 40030
2957 40044
2958 40054
2959 40060
2960 40094
2961 40106
2962 40140
2963 40146
2964 40154
2965 40156
2966 40170
2967 40190
2968 40234
2969 40244
2970 40246
2971 40270
2972 40290
2973 40304
2974 40306
2975 40346
2976 40350
2977 40364
2978 40420
2979 40434
2980 40436
2981 40444
2982 40450
2983 40506
2984 40510
2985 40514
2986 40536
2987 40544
2988 40556
2989 40580
2990 40584
2991 40606
2992 40614
2993 40636
2994 40644
2995 40650
2996 40654
2997 40664
2998 40680
2999 40684
3000 40696
3001 40700
3002 40710
3003 40714
3004 40740
3005 40746
3006 40756
3007 40766
3008 40790
3009 40800
3010 40810
3011 40826
3012 40846
3013 40860
3014 40896
3015 40910
3016 40914
3017 40944
3018 40976
3019 40986
3020 41006
3021 41014
3022 41030
3023 41066
3024 41070
3025 41074
3026 41116
3027 41120
3028 41130
3029 41156
3030 41160
3031 41184
3032 41210
3033 41220
3034 41234
3035 41266
3036 41290
3037 41294
3038 41326
3039 41334
3040 41346
3041 41376
3042 41386
3043 41390
3044 41404
3045 41470
3046 41480
3047 41500
3048 41506
3049 41526
3050 41550
3051 41554
3052 41560
3053 41580
3054 41590
3055 41616
3056 41626
3057 41630
3058 41636
3059 41664
3060 41694
3061 41704
3062 41716
3063 41720
3064 41736
3065 41740
3066 41746
3067 41754
3068 41760
3069 41766
3070 41776
3071 41810
3072 41814
3073 41820
3074 41834
3075 41836
3076 41846
3077 41854
3078 41866
3079 41876
3080 41906
3081 41916
3082 41924
3083 41944
3084 41950
3085 41954
3086 41970
3087 42010
3088 42030
3089 42036
3090 42056
3091 42070
3092 42074
3093 42080
3094 42090
3095 42106
3096 42114
3097 42124
3098 42136
3099 42160
3100 42176
3101 42184
3102 42194
3103 42196
3104 42204
3105 42210
3106 42274
3107 42276
3108 42304
3109 42316
3110 42340
3111 42354
3112 42356
3113 42366
3114 42380
3115 42454
3116 42474
3117 42500
3118 42520
3119 42534
3120 42540
3121 42574
3122 42600
3123 42614
3124 42624
3125 42656
3126 42664
3127 42694
3128 42696
3129 42720
3130 42724
3131 42764
3132 42790
3133 42806
3134 42820
3135 42826
3136 42846
3137 42860
3138 42876
3139 42880
3140 42884
3141 42886
3142 42890
3143 42910
3144 42924
3145 42974
3146 43004
3147 43010
3148 43050
3149 43054
3150 43056
3151 43076
3152 43084
3153 43086
3154 43114
3155 43144
3156 43146
3157 43154
3158 43180
3159 43186
3160 43196
3161 43214
3162 43216
3163 43224
3164 43234
3165 43250
3166 43270
3167 43274
3168 43276
3169 43300
3170 43310
3171 43364
3172 43374
3173 43390
3174 43394
3175 43400
3176 43426
3177 43436
3178 43446
3179 43470
3180 43474
3181 43484
3182 43544
3183 43560
3184 43590
3185 43606
3186 43616
3187 43634
3188 43664
3189 43680
3190 43710
3191 43760
3192 43764
3193 43774
3194 43780
3195 43784
3196 43790
3197 43794
3198 43800
3199 43804
3200 43810
3201 43834
3202 43840
3203 43874
3204 43886
3205 43904
3206 43934
3207 43936
3208 43946
3209 43980
3210 43990
3211 43996
3212 44030
3213 44056
3214 44100
3215 44124
3216 44144
3217 44154
3218 44160
3219 44164
3220 44174
3221 44180
3222 44190
3223 44200
3224 44206
3225 44216
3226 44224
3227 44226
3228 44290
3229 44294
3230 44314
3231 44316
3232 44334
3233 44350
3234 44354
3235 44370
3236 44410
3237 44454
3238 44456
3239 44460
3240 44464
3241 44470
3242 44500
3243 44506
3244 44514
3245 44516
3246 44526
3247 44564
3248 44566
3249 44586
3250 44600
3251 44606
3252 44654
3253 44666
3254 44670
3255 44684
3256 44694
3257 44700
3258 44720
3259 44746
3260 44756
3261 44760
3262 44786
3263 44794
3264 44800
3265 44810
3266 44820
3267 44826
3268 44840
3269 44856
3270 44866
3271 44870
3272 44896
3273 44926
3274 44940
3275 44960
3276 44964
3277 44970
3278 44990
3279 45004
3280 45034
3281 45044
3282 45064
3283 45074
3284 45084
3285 45094
3286 45104
3287 45124
3288 45140
3289 45164
3290 45166
3291 45174
3292 45176
3293 45184
3294 45204
3295 45230
3296 45236
3297 45254
3298 45264
3299 45266
3300 45270
3301 45276
3302 45304
3303 45316
3304 45320
3305 45330
3306 45350
3307 45364
3308 45366
3309 45370
3310 45470
3311 45474
3312 45480
3313 45500
3314 45510
3315 45514
3316 45526
3317 45536
3318 45566
3319 45574
3320 45580
3321 45604
3322 45614
3323 45616
3324 45636
3325 45646
3326 45650
3327 45654
3328 45686
3329 45710
3330 45714
3331 45720
3332 45740
3333 45766
3334 45770
3335 45776
3336 45784
3337 45786
3338 45810
3339 45814
3340 45824
3341 45834
3342 45850
3343 45876
3344 45894
3345 45900
3346 45914
3347 45916
3348 45920
3349 45926
3350 45946
3351 45954
3352 45984
3353 46004
3354 46016
3355 46020
3356 46024
3357 46026
3358 46030
3359 46050
3360 46056
3361 46076
3362 46086
3363 46104
3364 46124
3365 46144
3366 46160
3367 46190
3368 46200
3369 46226
3370 46230
3371 46250
3372 46274
3373 46286
3374 46290
3375 46300
3376 46316
3377 46320
3378 46326
3379 46364
3380 46370
3381 46390
3382 46394
3383 46400
3384 46426
3385 46430
3386 46486
3387 46494
3388 46520
3389 46530
3390 46546
3391 46560
3392 46570
3393 46580
3394 46590
3395 46616
3396 46634
3397 46660
3398 46666
3399 46694
3400 46696
3401 46710
3402 46734
3403 46784
3404 46786
3405 46806
3406 46816
3407 46824
3408 46826
3409 46846
3410 46850
3411 46944
3412 46960
3413 46994
3414 47004
3415 47006
3416 47010
3417 47014
3418 47024
3419 47064
3420 47074
3421 47090
3422 47096
3423 47110
3424 47116
3425 47124
3426 47126
3427 47160
3428 47170
3429 47186
3430 47190
3431 47194
3432 47216
3433 47220
3434 47226
3435 47284
3436 47330
3437 47336
3438 47356
3439 47394
3440 47396
3441 47410
3442 47420
3443 47424
3444 47444
3445 47450
3446 47466
3447 47474
3448 47500
3449 47504
3450 47540
3451 47574
3452 47594
3453 47620
3454 47634
3455 47644
3456 47684
3457 47686
3458 47694
3459 47714
3460 47720
3461 47734
3462 47760
3463 47790
3464 47794
3465 47816
3466 47820
3467 47824
3468 47826
3469 47830
3470 47840
3471 47844
3472 47846
3473 47860
3474 47866
3475 47880
3476 47886
3477 47924
3478 47950
3479 47960
3480 47980
3481 48000
3482 48006
3483 48016
3484 48024
3485 48060
3486 48064
3487 48076
3488 48096
3489 48120
3490 48130
3491 48150
3492 48164
3493 48194
3494 48214
3495 48230
3496 48256
3497 48270
3498 48296
3499 48304
3500 48314
3501 48350
3502 48356
3503 48364
3504 48370
3505 48376
3506 48396
3507 48400
3508 48410
3509 48416
3510 48436
3511 48440
3512 48460
3513 48486
3514 48496
3515 48544
3516 48554
3517 48570
3518 48574
3519 48580
3520 48584
3521 48596
3522 48600
3523 48604
3524 48610
3525 48636
3526 48640
3527 48646
3528 48660
3529 48694
3530 48700
3531 48710
3532 48714
3533 48720
3534 48744
3535 48774
3536 48780
3537 48800
3538 48856
3539 48880
3540 48886
3541 48890
3542 48900
3543 48926
3544 48960
3545 48970
3546 49000
3547 49006
3548 49030
3549 49034
3550 49046
3551 49064
3552 49084
3553 49120
3554 49136
3555 49144
3556 49176
3557 49180
3558 49186
3559 49190
3560 49224
3561 49234
3562 49244
3563 49266
3564 49280
3565 49300
3566 49306
3567 49310
3568 49316
3569 49336
3570 49374
3571 49376
3572 49400
3573 49416
3574 49446
3575 49454
3576 49476
3577 49484
3578 49506
3579 49510
3580 49524
3581 49526
3582 49530
3583 49546
3584 49550
3585 49580
3586 49596
3587 49606
3588 49624
3589 49634
3590 49654
3591 49666
3592 49680
3593 49700
3594 49736
3595 49750
3596 49754
3597 49760
3598 49766
3599 49774
3600 49784
3601 49854
3602 49864
3603 49866
3604 49890
3605 49894
3606 49900
3607 49924
3608 49930
3609 49934
3610 49936
3611 49940
3612 49946
3613 50000
3614 50014
3615 50034
3616 50040
3617 50050
3618 50056
3619 50060
3620 50080
3621 50114
3622 50126
3623 50144
3624 50160
3625 50174
3626 50206
3627 50210
3628 50220
3629 50226
3630 50236
3631 50244
3632 50280
3633 50284
3634 50304
3635 50306
3636 50310
3637 50334
3638 50346
3639 50364
3640 50366
3641 50394
3642 50404
3643 50410
3644 50424
3645 50440
3646 50444
3647 50456
3648 50464
3649 50466
3650 50504
3651 50514
3652 50550
3653 50556
3654 50560
3655 50570
3656 50574
3657 50576
3658 50594
3659 50600
3660 50620
3661 50636
3662 50694
3663 50706
3664 50710
3665 50714
3666 50720
3667 50730
3668 50736
3669 50746
3670 50756
3671 50780
3672 50784
3673 50810
3674 50814
3675 50866
3676 50876
3677 50920
3678 50934
3679 50944
3680 50950
3681 50964
3682 51006
3683 51010
3684 51014
3685 51024
3686 51034
3687 51040
3688 51060
3689 51070
3690 51084
3691 51100
3692 51130
3693 51164
3694 51196
3695 51236
3696 51244
3697 51246
3698 51266
3699 51270
3700 51304
3701 51320
3702 51326
3703 51330
3704 51340
3705 51354
3706 51356
3707 51360
3708 51386
3709 51390
3710 51396
3711 51414
3712 51444
3713 51454
3714 51456
3715 51460
3716 51470
3717 51490
3718 51494
3719 51504
3720 51526
3721 51544
3722 51554
3723 51570
3724 51606
3725 51614
3726 51630
3727 51674
3728 51704
3729 51726
3730 51734
3731 51746
3732 51780
3733 51790
3734 51796
3735 51816
3736 51824
3737 51830
3738 51834
3739 51866
3740 51920
3741 51946
3742 51950
3743 51964
3744 51974
3745 51976
3746 51984
3747 51986
3748 52000
3749 52006
3750 52030
3751 52036
3752 52040
3753 52074
3754 52080
3755 52114
3756 52124
3757 52134
3758 52180
3759 52196
3760 52206
3761 52224
3762 52236
3763 52256
3764 52260
3765 52264
3766 52274
3767 52310
3768 52316
3769 52360
3770 52374
3771 52380
3772 52406
3773 52464
3774 52496
3775 52516
3776 52520
3777 52550
3778 52556
3779 52566
3780 52586
3781 52604
3782 52624
3783 52626
3784 52634
3785 52640
3786 52644
3787 52646
3788 52650
3789 52674
3790 52686
3791 52706
3792 52714
3793 52726
3794 52740
3795 52784
3796 52794
3797 52800
3798 52804
3799 52816
3800 52834
3801 52846
3802 52860
3803 52894
3804 52896
3805 52920
3806 52936
3807 52950
3808 52974
3809 53016
3810 53026
3811 53040
3812 53046
3813 53054
3814 53066
3815 53096
3816 53114
3817 53130
3818 53150
3819 53154
3820 53166
3821 53170
3822 53194
3823 53210
3824 53220
3825 53224
3826 53234
3827 53254
3828 53260
3829 53270
3830 53276
3831 53280
3832 53284
3833 53306
3834 53320
3835 53324
3836 53340
3837 53374
3838 53404
3839 53416
3840 53420
3841 53424
3842 53450
3843 53460
3844 53476
3845 53480
3846 53494
3847 53534
3848 53556
3849 53564
3850 53574
3851 53576
3852 53636
3853 53640
3854 53650
3855 53664
3856 53670
3857 53676
3858 53680
3859 53686
3860 53694
3861 53700
3862 53736
3863 53744
3864 53756
3865 53764
3866 53780
3867 53794
3868 53796
3869 53800
3870 53806
3871 53814
3872 53820
3873 53850
3874 53856
3875 53876
3876 53914
3877 53926
3878 53930
3879 53934
3880 53936
3881 53960
3882 53966
3883 54000
3884 54060
3885 54076
3886 54080
3887 54116
3888 54130
3889 54154
3890 54156
3891 54190
3892 54194
3893 54210
3894 54216
3895 54220
3896 54224
3897 54246
3898 54250
3899 54264
3900 54284
3901 54356
3902 54364
3903 54376
3904 54440
3905 54444
3906 54456
3907 54466
3908 54476
3909 54486
3910 54496
3911 54520
3912 54524
3913 54526
3914 54534
3915 54554
3916 54586
3917 54596
3918 54614
3919 54616
3920 54630
3921 54640
3922 54684
3923 54690
3924 54714
3925 54716
3926 54724
3927 54746
3928 54776
3929 54784
3930 54806
3931 54814
3932 54830
3933 54834
3934 54836
3935 54866
3936 54896
3937 54910
3938 54936
3939 54966
3940 55004
3941 55010
3942 55040
3943 55066
3944 55070
3945 55140
3946 55166
3947 55240
3948 55250
3949 55260
3950 55270
3951 55290
3952 55334
3953 55354
3954 55360
3955 55370
3956 55374
3957 55386
3958 55396
3959 55404
3960 55444
3961 55456
3962 55470
3963 55474
3964 55486
3965 55500
3966 55510
3967 55516
3968 55520
3969 55530
3970 55534
3971 55536
3972 55556
3973 55566
3974 55640
3975 55650
3976 55664
3977 55686
3978 55706
3979 55714
3980 55720
3981 55734
3982 55800
3983 55806
3984 55834
3985 55836
3986 55844
3987 55860
3988 55886
3989 55896
3990 55916
3991 55936
3992 55940
3993 55946
3994 55966
3995 56000
3996 56004
3997 56006
3998 56026
3999 56030
4000 56046
4001 56066
4002 56076
4003 56080
4004 56084
4005 56094
4006 56124
4007 56134
4008 56136
4009 56140
4010 56154
4011 56174
4012 56180
4013 56184
4014 56186
4015 56200
4016 56224
4017 56226
4018 56250
4019 56260
4020 56264
4021 56276
4022 56286
4023 56296
4024 56304
4025 56340
4026 56374
4027 56380
4028 56390
4029 56400
4030 56404
4031 56406
4032 56420
4033 56424
4034 56430
4035 56434
4036 56440
4037 56484
4038 56486
4039 56494
4040 56500
4041 56510
4042 56514
4043 56560
4044 56564
4045 56566
4046 56600
4047 56644
4048 56660
4049 56666
4050 56676
4051 56700
4052 56706
4053 56720
4054 56734
4055 56744
4056 56760
4057 56774
4058 56836
4059 56866
4060 56884
4061 56890
4062 56904
4063 56930
4064 56936
4065 57006
4066 57020
4067 57030
4068 57064
4069 57066
4070 57086
4071 57094
4072 57106
4073 57180
4074 57214
4075 57224
4076 57230
4077 57236
4078 57246
4079 57250
4080 57264
4081 57280
4082 57300
4083 57310
4084 57324
4085 57330
4086 57336
4087 57340
4088 57346
4089 57360
4090 57380
4091 57404
4092 57406
4093 57414
4094 57420
4095 57480
4096 57486
4097 57500
4098 57544
4099 57564
4100 57574
4101 57576
4102 57590
4103 57604
4104 57610
4105 57616
4106 57644
4107 57646
4108 57674
4109 57680
4110 57684
4111 57690
4112 57700
4113 57710
4114 57730
4115 57734
4116 57750
4117 57766
4118 57824
4119 57826
4120 57836
4121 57840
4122 57890
4123 57926
4124 57950
4125 57956
4126 57986
4127 57990
4128 58026
4129 58030
4130 58060
4131 58074
4132 58116
4133 58126
4134 58140
4135 58146
4136 58156
4137 58160
4138 58176
4139 58194
4140 58216
4141 58236
4142 58250
4143 58256
4144 58294
4145 58304
4146 58346
4147 58356
4148 58384
4149 58400
4150 58410
4151 58420
4152 58424
4153 58426
4154 58460
4155 58470
4156 58486
4157 58504
4158 58514
4159 58550
4160 58564
4161 58576
4162 58656
4163 58666
4164 58670
4165 58686
4166 58704
4167 58710
4168 58730
4169 58734
4170 58770
4171 58776
4172 58780
4173 58796
4174 58814
4175 58840
4176 58864
4177 58870
4178 58874
4179 58896
4180 58914
4181 58944
4182 58964
4183 58970
4184 59006
4185 59016
4186 59024
4187 59026
4188 59034
4189 59036
4190 59066
4191 59070
4192 59104
4193 59140
4194 59144
4195 59146
4196 59200
4197 59214
4198 59234
4199 59244
4200 59250
4201 59260
4202 59276
4203 59290
4204 59294
4205 59296
4206 59306
4207 59316
4208 59320
4209 59356
4210 59370
4211 59410
4212 59420
4213 59434
4214 59446
4215 59474
4216 59476
4217 59494
4218 59510
4219 59514
4220 59516
4221 59534
4222 59544
4223 59546
4224 59570
4225 59604
4226 59616
4227 59620
4228 59654
4229 59660
4230 59684
4231 59686
4232 59690
4233 59696
4234 59706
4235 59736
4236 59750
4237 59770
4238 59804
4239 59820
4240 59824
4241 59826
4242 59846
4243 59856
4244 59866
4245 59894
4246 59900
4247 59914
4248 59916
4249 59940
4250 59950
4251 59956
4252 59996
4253 60024
4254 60030
4255 60036
4256 60050
4257 60054
4258 60064
4259 60084
4260 60110
4261 60126
4262 60136
4263 60140
4264 60144
4265 60194
4266 60200
4267 60204
4268 60226
4269 60246
4270 60280
4271 60294
4272 60324
4273 60330
4274 60350
4275 60370
4276 60386
4277 60394
4278 60420
4279 60430
4280 60444
4281 60460
4282 60476
4283 60480
4284 60534
4285 60560
4286 60570
4287 60586
4288 60596
4289 60604
4290 60620
4291 60634
4292 60646
4293 60670
4294 60710
4295 60716
4296 60726
4297 60736
4298 60740
4299 60764
4300 60774
4301 60784
4302 60790
4303 60800
4304 60820
4305 60846
4306 60860
4307 60866
4308 60870
4309 60934
4310 60940
4311 60954
4312 60974
4313 60984
4314 60996
4315 61006
4316 61076
4317 61104
4318 61106
4319 61124
4320 61126
4321 61146
4322 61164
4323 61174
4324 61180
4325 61184
4326 61206
4327 61210
4328 61224
4329 61226
4330 61234
4331 61240
4332 61254
4333 61270
4334 61310
4335 61320
4336 61350
4337 61356
4338 61364
4339 61390
4340 61396
4341 61406
4342 61454
4343 61460
4344 61466
4345 61470
4346 61480
4347 61484
4348 61490
4349 61504
4350 61540
4351 61546
4352 61590
4353 61596
4354 61610
4355 61624
4356 61630
4357 61640
4358 61674
4359 61694
4360 61704
4361 61744
4362 61746
4363 61754
4364 61756
4365 61776
4366 61790
4367 61806
4368 61856
4369 61866
4370 61900
4371 61920
4372 61946
4373 61964
4374 61970
4375 61994
4376 61996
4377 62000
4378 62036
4379 62050
4380 62056
4381 62060
4382 62066
4383 62084
4384 62094
4385 62100
4386 62110
4387 62134
4388 62136
4389 62140
4390 62160
4391 62180
4392 62186
4393 62194
4394 62196
4395 62214
4396 62244
4397 62260
4398 62264
4399 62286
4400 62290
4401 62294
4402 62364
4403 62374
4404 62380
4405 62390
4406 62400
4407 62406
4408 62416
4409 62430
4410 62436
4411 62440
4412 62466
4413 62484
4414 62506
4415 62520
4416 62526
4417 62544
4418 62554
4419 62566
4420 62580
4421 62584
4422 62604
4423 62620
4424 62634
4425 62654
4426 62656
4427 62670
4428 62674
4429 62736
4430 62750
4431 62770
4432 62774
4433 62776
4434 62786
4435 62810
4436 62854
4437 62900
4438 62910
4439 62914
4440 62916
4441 62940
4442 62984
4443 62986
4444 63004
4445 63020
4446 63044
4447 63050
4448 63106
4449 63130
4450 63140
4451 63164
4452 63166
4453 63180
4454 63184
4455 63196
4456 63200
4457 63226
4458 63256
4459 63260
4460 63280
4461 63284
4462 63294
4463 63300
4464 63310
4465 63316
4466 63330
4467 63356
4468 63404
4469 63444
4470 63454
4471 63470
4472 63476
4473 63506
4474 63534
4475 63544
4476 63546
4477 63586
4478 63590
4479 63636
4480 63660
4481 63670
4482 63674
4483 63684
4484 63704
4485 63706
4486 63710
4487 63716
4488 63724
4489 63726
4490 63766
4491 63776
4492 63790
4493 63806
4494 63820
4495 63824
4496 63834
4497 63836
4498 63844
4499 63850
4500 63866
4501 63876
4502 63884
4503 63896
4504 63944
4505 63954
4506 63956
4507 63960
4508 63966
4509 63976
4510 63996
4511 64006
4512 64034
4513 64040
4514 64050
4515 64066
4516 64076
4517 64096
4518 64106
4519 64126
4520 64166
4521 64184
4522 64200
4523 64210
4524 64250
4525 64294
4526 64326
4527 64346
4528 64360
4529 64364
4530 64370
4531 64376
4532 64380
4533 64390
4534 64396
4535 64404
4536 64424
4537 64440
4538 64464
4539 64480
4540 64496
4541 64500
4542 64506
4543 64510
4544 64516
4545 64520
4546 64530
4547 64544
4548 64586
4549 64594
4550 64616
4551 64626
4552 64634
4553 64640
4554 64660
4555 64684
4556 64686
4557 64704
4558 64720
4559 64726
4560 64746
4561 64750
4562 64760
4563 64770
4564 64776
4565 64786
4566 64790
4567 64806
4568 64840
4569 64844
4570 64864
4571 64866
4572 64874
4573 64880
4574 64896
4575 64926
4576 64950
4577 64984
4578 65020
4579 65036
4580 65066
4581 65084
4582 65090
4583 65094
4584 65104
4585 65110
4586 65130
4587 65136
4588 65150
4589 65156
4590 65170
4591 65176
4592 65210
4593 65214
4594 65244
4595 65254
4596 65264
4597 65270
4598 65290
4599 65300
4600 65334
4601 65350
4602 65364
4603 65366
4604 65374
4605 65380
4606 65396
4607 65426
4608 65440
4609 65466
4610 65500
4611 65504
4612 65506
4613 65520
4614 65524
4615 65534
4616 65540
4617 65546
4618 65560
4619 65566
4620 65630
4621 65636
4622 65646
4623 65664
4624 65666
4625 65670
4626 65674
4627 65676
4628 65680
4629 65724
4630 65730
4631 65740
4632 65756
4633 65764
4634 65790
4635 65834
4636 65836
4637 65846
4638 65870
4639 65884
4640 65906
4641 65910
4642 65924
4643 65974
4644 65984
4645 66000
4646 66026
4647 66030
4648 66034
4649 66056
4650 66086
4651 66094
4652 66106
4653 66140
4654 66146
4655 66164
4656 66216
4657 66254
4658 66324
4659 66376
4660 66380
4661 66390
4662 66394
4663 66416
4664 66424
4665 66426
4666 66430
4667 66434
4668 66484
4669 66486
4670 66496
4671 66506
4672 66536
4673 66560
4674 66584
4675 66590
4676 66614
4677 66624
4678 66660
4679 66664
4680 66674
4681 66690
4682 66696
4683 66700
4684 66706
4685 66726
4686 66736
4687 66744
4688 66764
4689 66774
4690 66800
4691 66820
4692 66824
4693 66846
4694 66860
4695 66870
4696 66876
4697 66884
4698 66900
4699 66904
4700 66930
4701 66996
4702 67000
4703 67004
4704 67016
4705 67034
4706 67040
4707 67064
4708 67066
4709 67076
4710 67080
4711 67096
4712 67116
4713 67130
4714 67160
4715 67164
4716 67184
4717 67194
4718 67200
4719 67226
4720 67246
4721 67264
4722 67266
4723 67274
4724 67314
4725 67330
4726 67336
4727 67356
4728 67364
4729 67370
4730 67380
4731 67414
4732 67430
4733 67440
4734 67464
4735 67484
4736 67506
4737 67510
4738 67546
4739 67564
4740 67580
4741 67584
4742 67586
4743 67590
4744 67594
4745 67624
4746 67636
4747 67646
4748 67666
4749 67710
4750 67730
4751 67740
4752 67750
4753 67770
4754 67776
4755 67780
4756 67786
4757 67830
4758 67850
4759 67876
4760 67884
4761 67914
4762 67924
4763 67934
4764 67944
4765 67954
4766 67966
4767 67974
4768 67980
4769 68006
4770 68020
4771 68036
4772 68040
4773 68044
4774 68054
4775 68056
4776 68070
4777 68094
4778 68130
4779 68134
4780 68144
4781 68170
4782 68186
4783 68204
4784 68236
4785 68240
4786 68250
4787 68280
4788 68290
4789 68304
4790 68306
4791 68314
4792 68316
4793 68324
4794 68354
4795 68360
4796 68384
4797 68390
4798 68396
4799 68406
4800 68410
4801 68430
4802 68436
4803 68454
4804 68470
4805 68474
4806 68484
4807 68516
4808 68534
4809 68536
4810 68550
4811 68560
4812 68566
4813 68590
4814 68620
4815 68624
4816 68640
4817 68656
4818 68686
4819 68694
4820 68696
4821 68724
4822 68730
4823 68734
4824 68754
4825 68784
4826 68806
4827 68810
4828 68816
4829 68836
4830 68864
4831 68876
4832 68884
4833 68886
4834 68890
4835 68894
4836 68904
4837 68924
4838 68984
4839 69000
4840 69006
4841 69014
4842 69034
4843 69044
4844 69046
4845 69056
4846 69060
4847 69130
4848 69150
4849 69156
4850 69164
4851 69170
4852 69174
4853 69214
4854 69244
4855 69260
4856 69316
4857 69370
4858 69384
4859 69410
4860 69440
4861 69476
4862 69524
4863 69536
4864 69540
4865 69550
4866 69556
4867 69600
4868 69604
4869 69606
4870 69630
4871 69634
4872 69644
4873 69654
4874 69656
4875 69690
4876 69694
4877 69716
4878 69720
4879 69800
4880 69846
4881 69860
4882 69890
4883 69910
4884 69926
4885 69944
4886 69946
4887 69950
4888 69966
4889 70006
4890 70014
4891 70016
4892 70040
4893 70086
4894 70094
4895 70106
4896 70124
4897 70136
4898 70150
4899 70164
4900 70170
4901 70184
4902 70190
4903 70194
4904 70204
4905 70210
4906 70230
4907 70236
4908 70246
4909 70254
4910 70266
4911 70290
4912 70304
4913 70310
4914 70320
4915 70330
4916 70334
4917 70360
4918 70386
4919 70394
4920 70420
4921 70430
4922 70464
4923 70474
4924 70476
4925 70500
4926 70506
4927 70514
4928 70534
4929 70544
4930 70550
4931 70600
4932 70604
4933 70606
4934 70616
4935 70630
4936 70674
4937 70680
4938 70684
4939 70696
4940 70704
4941 70706
4942 70740
4943 70744
4944 70756
4945 70776
4946 70796
4947 70800
4948 70844
4949 70846
4950 70854
4951 70890
4952 70896
4953 70930
4954 70950
4955 70970
4956 70986
4957 71006
4958 71036
4959 71070
4960 71074
4961 71080
4962 71100
4963 71104
4964 71130
4965 71134
4966 71164
4967 71184
4968 71214
4969 71230
4970 71240
4971 71246
4972 71276
4973 71286
4974 71304
4975 71334
4976 71350
4977 71366
4978 71380
4979 71384
4980 71426
4981 71434
4982 71436
4983 71484
4984 71486
4985 71496
4986 71500
4987 71516
4988 71530
4989 71550
4990 71604
4991 71610
4992 71616
4993 71650
4994 71654
4995 71660
4996 71666
4997 71680
4998 71696
4999 71706
5000 71746
5001 71750
5002 71760
5003 71764
5004 71776
5005 71790
5006 71796
5007 71806
5008 71834
5009 71836
5010 71840
5011 71854
5012 71894
5013 71910
5014 71916
5015 71926
5016 71956
5017 71980
5018 71994
5019 72026
5020 72036
5021 72040
5022 72044
5023 72060
5024 72074
5025 72094
5026 72120
5027 72126
5028 72130
5029 72134
5030 72136
5031 72154
5032 72166
5033 72176
5034 72180
5035 72196
5036 72204
5037 72240
5038 72260
5039 72264
5040 72276
5041 72286
5042 72290
5043 72320
5044 72330
5045 72346
5046 72380
5047 72386
5048 72400
5049 72404
5050 72410
5051 72426
5052 72460
5053 72464
5054 72476
5055 72494
5056 72504
5057 72524
5058 72530
5059 72544
5060 72556
5061 72606
5062 72614
5063 72616
5064 72624
5065 72646
5066 72650
5067 72656
5068 72660
5069 72690
5070 72694
5071 72750
5072 72794
5073 72806
5074 72814
5075 72826
5076 72830
5077 72850
5078 72854
5079 72874
5080 72914
5081 72936
5082 72950
5083 72956
5084 72986
5085 72996
5086 73020
5087 73040
5088 73050
5089 73060
5090 73074
5091 73076
5092 73080
5093 73084
5094 73136
5095 73140
5096 73166
5097 73174
5098 73204
5099 73210
5100 73220
5101 73236
5102 73244
5103 73280
5104 73290
5105 73294
5106 73304
5107 73314
5108 73320
5109 73344
5110 73360
5111 73374
5112 73384
5113 73396
5114 73400
5115 73420
5116 73424
5117 73454
5118 73456
5119 73496
5120 73506
5121 73514
5122 73526
5123 73540
5124 73544
5125 73554
5126 73560
5127 73566
5128 73576
5129 73584
5130 73610
5131 73620
5132 73634
5133 73654
5134 73670
5135 73694
5136 73734
5137 73756
5138 73800
5139 73816
5140 73820
5141 73854
5142 73866
5143 73870
5144 73876
5145 73894
5146 73896
5147 73934
5148 73940
5149 73944
5150 73960
5151 73970
5152 73984
5153 74016
5154 74024
5155 74026
5156 74034
5157 74050
5158 74094
5159 74114
5160 74146
5161 74174
5162 74180
5163 74204
5164 74210
5165 74220
5166 74236
5167 74240
5168 74250
5169 74266
5170 74306
5171 74314
5172 74330
5173 74340
5174 74350
5175 74380
5176 74384
5177 74434
5178 74486
5179 74494
5180 74500
5181 74526
5182 74536
5183 74540
5184 74554
5185 74556
5186 74564
5187 74580
5188 74590
5189 74604
5190 74624
5191 74630
5192 74636
5193 74674
5194 74676
5195 74686
5196 74740
5197 74780
5198 74790
5199 74800
5200 74824
5201 74840
5202 74860
5203 74876
5204 74884
5205 74886
5206 74896
5207 74920
5208 74994
5209 75004
5210 75010
5211 75014
5212 75016
5213 75020
5214 75026
5215 75036
5216 75084
5217 75086
5218 75126
5219 75164
5220 75186
5221 75196
5222 75220
5223 75266
5224 75270
5225 75274
5226 75276
5227 75316
5228 75334
5229 75384
5230 75406
5231 75410
5232 75420
5233 75426
5234 75430
5235 75440
5236 75464
5237 75466
5238 75494
5239 75526
5240 75530
5241 75546
5242 75550
5243 75580
5244 75624
5245 75630
5246 75656
5247 75670
5248 75700
5249 75710
5250 75744
5251 75774
5252 75784
5253 75786
5254 75796
5255 75804
5256 75830
5257 75836
5258 75846
5259 75864
5260 75880
5261 75894
5262 75914
5263 75920
5264 75944
5265 75950
5266 75974
5267 75976
5268 76010
5269 76060
5270 76074
5271 76076
5272 76086
5273 76090
5274 76100
5275 76104
5276 76116
5277 76126
5278 76134
5279 76176
5280 76180
5281 76216
5282 76246
5283 76254
5284 76270
5285 76284
5286 76286
5287 76294
5288 76296
5289 76306
5290 76320
5291 76324
5292 76336
5293 76356
5294 76384
5295 76400
5296 76410
5297 76416
5298 76426
5299 76430
5300 76440
5301 76454
5302 76464
5303 76494
5304 76520
5305 76534
5306 76580
5307 76586
5308 76624
5309 76634
5310 76646
5311 76650
5312 76654
5313 76680
5314 76686
5315 76690
5316 76694
5317 76706
5318 76724
5319 76726
5320 76730
5321 76756
5322 76764
5323 76790
5324 76800
5325 76826
5326 76834
5327 76850
5328 76854
5329 76856
5330 76924
5331 76934
5332 76936
5333 76960
5334 76964
5335 76974
5336 77010
5337 77024
5338 77044
5339 77076
5340 77104
5341 77106
5342 77110
5343 77126
5344 77136
5345 77140
5346 77156
5347 77196
5348 77220
5349 77256
5350 77284
5351 77364
5352 77374
5353 77416
5354 77430
5355 77434
5356 77450
5357 77454
5358 77460
5359 77486
5360 77536
5361 77544
5362 77560
5363 77570
5364 77580
5365 77590
5366 77594
5367 77596
5368 77624
5369 77634
5370 77690
5371 77710
5372 77714
5373 77724
5374 77726
5375 77746
5376 77776
5377 77804
5378 77806
5379 77840
5380 77846
5381 77866
5382 77876
5383 77896
5384 77910
5385 77960
5386 78050
5387 78106
5388 78110
5389 78124
5390 78134
5391 78154
5392 78180
5393 78206
5394 78220
5395 78236
5396 78240
5397 78250
5398 78266
5399 78280
5400 78284
5401 78310
5402 78334
5403 78336
5404 78384
5405 78394
5406 78406
5407 78426
5408 78456
5409 78474
5410 78484
5411 78490
5412 78494
5413 78514
5414 78530
5415 78540
5416 78574
5417 78584
5418 78586
5419 78596
5420 78614
5421 78620
5422 78624
5423 78650
5424 78664
5425 78666
5426 78690
5427 78696
5428 78704
5429 78734
5430 78744
5431 78750
5432 78764
5433 78766
5434 78780
5435 78800
5436 78830
5437 78836
5438 78844
5439 78854
5440 78860
5441 78870
5442 78874
5443 78900
5444 78914
5445 78920
5446 78930
5447 78990
5448 78994
5449 79024
5450 79040
5451 79044
5452 79050
5453 79056
5454 79064
5455 79094
5456 79104
5457 79150
5458 79184
5459 79200
5460 79206
5461 79220
5462 79234
5463 79236
5464 79246
5465 79254
5466 79280
5467 79290
5468 79294
5469 79296
5470 79300
5471 79304
5472 79366
5473 79374
5474 79380
5475 79400
5476 79410
5477 79416
5478 79444
5479 79446
5480 79450
5481 79456
5482 79460
5483 79480
5484 79486
5485 79510
5486 79514
5487 79520
5488 79536
5489 79550
5490 79554
5491 79566
5492 79584
5493 79586
5494 79596
5495 79614
5496 79626
5497 79664
5498 79690
5499 79720
5500 79774
5501 79804
5502 79806
5503 79824
5504 79856
5505 79874
5506 79884
5507 79910
5508 79934
5509 79946
5510 79966
5511 79980
5512 79986
5513 79990
5514 80004
5515 80024
5516 80026
5517 80044
5518 80050
5519 80056
5520 80070
5521 80094
5522 80130
5523 80154
5524 80174
5525 80194
5526 80196
5527 80216
5528 80224
5529 80234
5530 80240
5531 80266
5532 80286
5533 80290
5534 80330
5535 80334
5536 80340
5537 80360
5538 80364
5539 80394
5540 80396
5541 80454
5542 80476
5543 80496
5544 80534
5545 80560
5546 80624
5547 80646
5548 80664
5549 80676
5550 80680
5551 80684
5552 80694
5553 80706
5554 80710
5555 80770
5556 80794
5557 80796
5558 80834
5559 80844
5560 80866
5561 80870
5562 80880
5563 80886
5564 80906
5565 80914
5566 80960
5567 80974
5568 80976
5569 80986
5570 81000
5571 81030
5572 81074
5573 81106
5574 81116
5575 81136
5576 81140
5577 81144
5578 81146
5579 81160
5580 81170
5581 81174
5582 81176
5583 81200
5584 81240
5585 81244
5586 81254
5587 81296
5588 81314
5589 81326
5590 81330
5591 81344
5592 81350
5593 81364
5594 81370
5595 81374
5596 81384
5597 81404
5598 81436
5599 81464
5600 81470
5601 81500
5602 81504
5603 81520
5604 81524
5605 81526
5606 81550
5607 81566
5608 81584
5609 81600
5610 81610
5611 81626
5612 81636
5613 81644
5614 81744
5615 81754
5616 81760
5617 81780
5618 81844
5619 81874
5620 81880
5621 81896
5622 81904
5623 81946
5624 81980
5625 82020
5626 82030
5627 82036
5628 82094
5629 82096
5630 82154
5631 82170
5632 82184
5633 82186
5634 82210
5635 82254
5636 82264
5637 82304
5638 82346
5639 82354
5640 82366
5641 82384
5642 82404
5643 82410
5644 82440
5645 82466
5646 82470
5647 82496
5648 82520
5649 82526
5650 82564
5651 82576
5652 82630
5653 82670
5654 82674
5655 82676
5656 82686
5657 82690
5658 82694
5659 82700
5660 82704
5661 82730
5662 82734
5663 82846
5664 82850
5665 82856
5666 82864
5667 82890
5668 82944
5669 82946
5670 82996
5671 83004
5672 83006
5673 83046
5674 83056
5675 83086
5676 83090
5677 83094
5678 83124
5679 83136
5680 83144
5681 83150
5682 83206
5683 83210
5684 83224
5685 83250
5686 83274
5687 83290
5688 83294
5689 83310
5690 83316
5691 83326
5692 83354
5693 83360
5694 83380
5695 83386
5696 83410
5697 83420
5698 83430
5699 83446
5700 83454
5701 83456
5702 83464
5703 83476
5704 83486
5705 83490
5706 83550
5707 83564
5708 83584
5709 83600
5710 83606
5711 83616
5712 83640
5713 83720
5714 83726
5715 83756
5716 83800
5717 83826
5718 83834
5719 83890
5720 83906
5721 83926
5722 83954
5723 83964
5724 84020
5725 84026
5726 84060
5727 84104
5728 84136
5729 84140
5730 84156
5731 84166
5732 84176
5733 84186
5734 84220
5735 84234
5736 84236
5737 84296
5738 84314
5739 84340
5740 84370
5741 84376
5742 84380
5743 84390
5744 84416
5745 84420
5746 84424
5747 84450
5748 84470
5749 84476
5750 84480
5751 84484
5752 84500
5753 84506
5754 84524
5755 84530
5756 84536
5757 84550
5758 84556
5759 84564
5760 84590
5761 84620
5762 84626
5763 84644
5764 84684
5765 84704
5766 84720
5767 84730
5768 84734
5769 84744
5770 84746
5771 84760
5772 84774
5773 84786
5774 84790
5775 84816
5776 84824
5777 84836
5778 84854
5779 84880
5780 84890
5781 84904
5782 84914
5783 84930
5784 84964
5785 84980
5786 85010
5787 85014
5788 85024
5789 85026
5790 85034
5791 85046
5792 85056
5793 85100
5794 85124
5795 85126
5796 85146
5797 85150
5798 85154
5799 85160
5800 85170
5801 85204
5802 85216
5803 85244
5804 85260
5805 85274
5806 85280
5807 85284
5808 85286
5809 85294
5810 85326
5811 85374
5812 85386
5813 85396
5814 85400
5815 85416
5816 85500
5817 85516
5818 85546
5819 85554
5820 85560
5821 85586
5822 85604
5823 85606
5824 85614
5825 85630
5826 85646
5827 85666
5828 85670
5829 85674
5830 85680
5831 85696
5832 85700
5833 85706
5834 85764
5835 85806
5836 85850
5837 85856
5838 85876
5839 85916
5840 85946
5841 85950
5842 85976
5843 86010
5844 86020
5845 86054
5846 86070
5847 86076
5848 86080
5849 86106
5850 86134
5851 86140
5852 86144
5853 86154
5854 86184
5855 86236
5856 86246
5857 86266
5858 86284
5859 86294
5860 86306
5861 86310
5862 86324
5863 86366
5864 86370
5865 86384
5866 86394
5867 86450
5868 86454
5869 86476
5870 86496
5871 86504
5872 86506
5873 86514
5874 86530
5875 86540
5876 86544
5877 86550
5878 86554
5879 86564
5880 86566
5881 86584
5882 86600
5883 86604
5884 86634
5885 86644
5886 86690
5887 86714
5888 86736
5889 86746
5890 86750
5891 86790
5892 86800
5893 86804
5894 86816
5895 86826
5896 86836
5897 86846
5898 86876
5899 86886
5900 86904
5901 86920
5902 86924
5903 86940
5904 86966
5905 86980
5906 86986
5907 86994
5908 87000
5909 87050
5910 87064
5911 87086
5912 87096
5913 87100
5914 87106
5915 87110
5916 87126
5917 87130
5918 87140
5919 87156
5920 87164
5921 87174
5922 87184
5923 87194
5924 87224
5925 87250
5926 87266
5927 87284
5928 87296
5929 87304
5930 87324
5931 87346
5932 87366
5933 87370
5934 87426
5935 87436
5936 87440
5937 87460
5938 87466
5939 87496
5940 87530
5941 87556
5942 87584
5943 87594
5944 87596
5945 87616
5946 87620
5947 87636
5948 87644
5949 87670
5950 87704
5951 87714
5952 87726
5953 87740
5954 87744
5955 87746
5956 87764
5957 87796
5958 87834
5959 87850
5960 87864
5961 87870
5962 87884
5963 87926
5964 87934
5965 87956
5966 87986
5967 87990
5968 88004
5969 88014
5970 88016
5971 88046
5972 88060
5973 88074
5974 88110
5975 88170
5976 88186
5977 88196
5978 88204
5979 88216
5980 88220
5981 88224
5982 88290
5983 88300
5984 88316
5985 88324
5986 88344
5987 88384
5988 88394
5989 88406
5990 88410
5991 88414
5992 88416
5993 88420
5994 88440
5995 88450
5996 88456
5997 88474
5998 88476
5999 88484
6000 88514
6001 88524
6002 88530
6003 88534
6004 88536
6005 88544
6006 88570
6007 88596
6008 88606
6009 88614
6010 88620
6011 88630
6012 88666
6013 88724
6014 88740
6015 88754
6016 88780
6017 88784
6018 88790
6019 88796
6020 88816
6021 88826
6022 88840
6023 88854
6024 88936
6025 88956
6026 88994
6027 88996
6028 89000
6029 89004
6030 89026
6031 89036
6032 89040
6033 89060
6034 89064
6035 89124
6036 89126
6037 89154
6038 89156
6039 89190
6040 89206
6041 89236
6042 89244
6043 89260
6044 89300
6045 89310
6046 89316
6047 89340
6048 89374
6049 89394
6050 89400
6051 89404
6052 89426
6053 89446
6054 89464
6055 89490
6056 89504
6057 89514
6058 89524
6059 89530
6060 89554
6061 89556
6062 89566
6063 89580
6064 89584
6065 89590
6066 89634
6067 89636
6068 89670
6069 89700
6070 89710
6071 89726
6072 89750
6073 89774
6074 89780
6075 89814
6076 89834
6077 89870
6078 89884
6079 89886
6080 89910
6081 89936
6082 89940
6083 89944
6084 89984
6085 90006
6086 90010
6087 90014
6088 90016
6089 90054
6090 90060
6091 90066
6092 90080
6093 90094
6094 90100
6095 90114
6096 90140
6097 90190
6098 90204
6099 90214
6100 90220
6101 90224
6102 90244
6103 90296
6104 90324
6105 90340
6106 90344
6107 90354
6108 90364
6109 90366
6110 90374
6111 90380
6112 90400
6113 90424
6114 90450
6115 90476
6116 90484
6117 90490
6118 90510
6119 90534
6120 90556
6121 90586
6122 90650
6123 90684
6124 90690
6125 90704
6126 90714
6127 90720
6128 90790
6129 90820
6130 90856
6131 90864
6132 90884
6133 90900
6134 90936
6135 90974
6136 90986
6137 90996
6138 91010
6139 91036
6140 91050
6141 91066
6142 91074
6143 91076
6144 91094
6145 91104
6146 91110
6147 91140
6148 91154
6149 91160
6150 91166
6151 91186
6152 91194
6153 91220
6154 91244
6155 91256
6156 91270
6157 91274
6158 91276
6159 91284
6160 91334
6161 91344
6162 91360
6163 91364
6164 91400
6165 91474
6166 91494
6167 91500
6168 91506
6169 91520
6170 91534
6171 91556
6172 91620
6173 91640
6174 91646
6175 91650
6176 91656
6177 91700
6178 91706
6179 91724
6180 91730
6181 91764
6182 91780
6183 91806
6184 91810
6185 91820
6186 91844
6187 91846
6188 91856
6189 91874
6190 91926
6191 91960
6192 92010
6193 92014
6194 92020
6195 92040
6196 92056
6197 92066
6198 92096
6199 92104
6200 92154
6201 92156
6202 92166
6203 92184
6204 92216
6205 92220
6206 92234
6207 92260
6208 92270
6209 92276
6210 92286
6211 92294
6212 92316
6213 92326
6214 92354
6215 92384
6216 92456
6217 92460
6218 92466
6219 92470
6220 92496
6221 92524
6222 92530
6223 92534
6224 92540
6225 92550
6226 92584
6227 92600
6228 92606
6229 92624
6230 92626
6231 92640
6232 92650
6233 92666
6234 92684
6235 92686
6236 92736
6237 92740
6238 92766
6239 92794
6240 92796
6241 92820
6242 92836
6243 92844
6244 92866
6245 92896
6246 92900
6247 92920
6248 92934
6249 92946
6250 92974
6251 92980
6252 92996
6253 93026
6254 93066
6255 93116
6256 93126
6257 93134
6258 93174
6259 93180
6260 93200
6261 93214
6262 93220
6263 93264
6264 93294
6265 93324
6266 93330
6267 93376
6268 93386
6269 93390
6270 93404
6271 93424
6272 93434
6273 93454
6274 93460
6275 93474
6276 93480
6277 93506
6278 93580
6279 93584
6280 93610
6281 93650
6282 93654
6283 93656
6284 93704
6285 93706
6286 93710
6287 93720
6288 93726
6289 93730
6290 93736
6291 93744
6292 93750
6293 93766
6294 93784
6295 93796
6296 93820
6297 93906
6298 93934
6299 93944
6300 93954
6301 93960
6302 93964
6303 93994
6304 94020
6305 94080
6306 94084
6307 94090
6308 94130
6309 94136
6310 94160
6311 94170
6312 94174
6313 94200
6314 94224
6315 94230
6316 94246
6317 94280
6318 94304
6319 94314
6320 94330
6321 94386
6322 94400
6323 94404
6324 94410
6325 94426
6326 94444
6327 94460
6328 94464
6329 94474
6330 94506
6331 94534
6332 94564
6333 94590
6334 94614
6335 94634
6336 94664
6337 94680
6338 94764
6339 94766
6340 94776
6341 94780
6342 94790
6343 94810
6344 94880
6345 94894
6346 94896
6347 94914
6348 94916
6349 94926
6350 94954
6351 94976
6352 95036
6353 95046
6354 95056
6355 95066
6356 95130
6357 95134
6358 95156
6359 95160
6360 95174
6361 95184
6362 95226
6363 95236
6364 95240
6365 95250
6366 95270
6367 95280
6368 95284
6369 95300
6370 95310
6371 95320
6372 95330
6373 95336
6374 95346
6375 95356
6376 95394
6377 95410
6378 95414
6379 95424
6380 95436
6381 95460
6382 95474
6383 95496
6384 95524
6385 95534
6386 95546
6387 95564
6388 95566
6389 95574
6390 95586
6391 95634
6392 95640
6393 95650
6394 95660
6395 95694
6396 95700
6397 95716
6398 95734
6399 95736
6400 95754
6401 95760
6402 95764
6403 95784
6404 95790
6405 95830
6406 95834
6407 95866
6408 95914
6409 95916
6410 95924
6411 95930
6412 95946
6413 95956
6414 95970
6415 95980
6416 95994
6417 96016
6418 96024
6419 96030
6420 96034
6421 96044
6422 96084
6423 96096
6424 96106
6425 96124
6426 96164
6427 96170
6428 96180
6429 96200
6430 96230
6431 96240
6432 96294
6433 96306
6434 96316
6435 96320
6436 96340
6437 96346
6438 96356
6439 96366
6440 96434
6441 96444
6442 96450
6443 96474
6444 96476
6445 96480
6446 96514
6447 96526
6448 96540
6449 96554
6450 96570
6451 96580
6452 96584
6453 96586
6454 96610
6455 96626
6456 96656
6457 96664
6458 96694
6459 96704
6460 96706
6461 96720
6462 96750
6463 96770
6464 96776
6465 96804
6466 96820
6467 96824
6468 96834
6469 96850
6470 96880
6471 96900
6472 96916
6473 96924
6474 96954
6475 96966
6476 96984
6477 96996
6478 97000
6479 97004
6480 97016
6481 97026
6482 97034
6483 97070
6484 97124
6485 97150
6486 97186
6487 97194
6488 97200
6489 97214
6490 97224
6491 97226
6492 97240
6493 97260
6494 97266
6495 97276
6496 97286
6497 97290
6498 97314
6499 97320
6500 97334
6501 97344
6502 97356
6503 97364
6504 97396
6505 97420
6506 97424
6507 97476
6508 97480
6509 97484
6510 97494
6511 97554
6512 97590
6513 97594
6514 97606
6515 97620
6516 97654
6517 97670
6518 97704
6519 97710
6520 97714
6521 97736
6522 97744
6523 97766
6524 97786
6525 97790
6526 97826
6527 97836
6528 97844
6529 97850
6530 97860
6531 97870
6532 97884
6533 97886
6534 97930
6535 97964
6536 97966
6537 97990
6538 98014
6539 98036
6540 98046
6541 98050
6542 98070
6543 98100
6544 98136
6545 98140
6546 98144
6547 98170
6548 98174
6549 98224
6550 98226
6551 98244
6552 98250
6553 98276
6554 98284
6555 98294
6556 98320
6557 98326
6558 98334
6559 98346
6560 98354
6561 98360
6562 98374
6563 98386
6564 98396
6565 98416
6566 98420
6567 98424
6568 98430
6569 98436
6570 98446
6571 98456
6572 98464
6573 98474
6574 98516
6575 98544
6576 98556
6577 98564
6578 98580
6579 98590
6580 98616
6581 98654
6582 98676
6583 98686
6584 98726
6585 98734
6586 98736
6587 98744
6588 98750
6589 98754
6590 98780
6591 98804
6592 98826
6593 98846
6594 98866
6595 98884
6596 98894
6597 98904
6598 98926
6599 98946
6600 98956
6601 98966
6602 98986
6603 99010
6604 99020
6605 99064
6606 99194
6607 99200
6608 99206
6609 99210
6610 99230
6611 99280
6612 99300
6613 99304
6614 99320
6615 99324
6616 99340
6617 99360
6618 99370
6619 99384
6620 99396
6621 99404
6622 99426
6623 99430
6624 99436
6625 99444
6626 99466
6627 99470
6628 99474
6629 99496
6630 99534
6631 99586
6632 99600
6633 99606
6634 99626
6635 99630
6636 99664
6637 99686
6638 99720
6639 99734
6640 99766
6641 99774
6642 99790
6643 99800
6644 99804
6645 99814
6646 99834
6647 99870
6648 99876
6649 99916
6650 99924
6651 99944
6652 99960
6653 99976
6654 99984
6655 99994
6656 99996
6657 100044
6658 100064
6659 100076
6660 100080
6661 100114
6662 100166
6663 100174
6664 100226
6665 100240
6666 100244
6667 100266
6668 100324
6669 100346
6670 100354
6671 100414
6672 100416
6673 100460
6674 100480
6675 100496
6676 100506
6677 100520
6678 100530
6679 100544
6680 100554
6681 100566
6682 100570
6683 100614
6684 100616
6685 100630
6686 100666
6687 100684
6688 100686
6689 100696
6690 100726
6691 100736
6692 100750
6693 100756
6694 100764
6695 100790
6696 100824
6697 100834
6698 100860
6699 100864
6700 100870
6701 100884
6702 100886
6703 100890
6704 100904
6705 100926
6706 100956
6707 100964
6708 100970
6709 100980
6710 101014
6711 101026
6712 101030
6713 101034
6714 101036
6715 101100
6716 101116
6717 101144
6718 101190
6719 101194
6720 101204
6721 101234
6722 101254
6723 101264
6724 101270
6725 101286
6726 101296
6727 101336
6728 101344
6729 101354
6730 101380
6731 101390
6732 101400
6733 101436
6734 101500
6735 101504
6736 101506
6737 101550
6738 101584
6739 101586
6740 101606
6741 101614
6742 101620
6743 101640
6744 101650
6745 101654
6746 101710
6747 101734
6748 101736
6749 101740
6750 101774
6751 101784
6752 101796
6753 101816
6754 101846
6755 101880
6756 101906
6757 101916
6758 101924
6759 101926
6760 101930
6761 101940
6762 101944
6763 102014
6764 102046
6765 102070
6766 102080
6767 102090
6768 102096
6769 102104
6770 102116
6771 102124
6772 102130
6773 102156
6774 102160
6775 102196
6776 102220
6777 102226
6778 102254
6779 102264
6780 102290
6781 102340
6782 102346
6783 102356
6784 102360
6785 102364
6786 102394
6787 102400
6788 102420
6789 102456
6790 102460
6791 102486
6792 102520
6793 102524
6794 102534
6795 102546
6796 102554
6797 102584
6798 102586
6799 102624
6800 102680
6801 102694
6802 102700
6803 102704
6804 102720
6805 102724
6806 102736
6807 102746
6808 102750
6809 102810
6810 102824
6811 102826
6812 102834
6813 102836
6814 102876
6815 102906
6816 102910
6817 102936
6818 102980
6819 103006
6820 103060
6821 103070
6822 103080
6823 103086
6824 103090
6825 103100
6826 103114
6827 103120
6828 103146
6829 103156
6830 103164
6831 103166
6832 103196
6833 103204
6834 103210
6835 103226
6836 103246
6837 103260
6838 103300
6839 103314
6840 103340
6841 103346
6842 103350
6843 103354
6844 103376
6845 103400
6846 103430
6847 103476
6848 103494
6849 103504
6850 103510
6851 103530
6852 103556
6853 103586
6854 103624
6855 103656
6856 103664
6857 103686
6858 103690
6859 103710
6860 103714
6861 103736
6862 103770
6863 103790
6864 103794
6865 103830
6866 103854
6867 103864
6868 103876
6869 103920
6870 103936
6871 103950
6872 103954
6873 103970
6874 103974
6875 103984
6876 104000
6877 104004
6878 104076
6879 104080
6880 104084
6881 104100
6882 104106
6883 104110
6884 104114
6885 104136
6886 104154
6887 104160
6888 104184
6889 104194
6890 104196
6891 104224
6892 104236
6893 104244
6894 104264
6895 104286
6896 104306
6897 104324
6898 104340
6899 104370
6900 104406
6901 104414
6902 104416
6903 104426
6904 104430
6905 104464
6906 104480
6907 104484
6908 104506
6909 104560
6910 104566
6911 104570
6912 104574
6913 104576
6914 104596
6915 104654
6916 104660
6917 104666
6918 104674
6919 104676
6920 104714
6921 104734
6922 104770
6923 104774
6924 104786
6925 104796
6926 104810
6927 104816
6928 104820
6929 104844
6930 104854
6931 104856
6932 104890
6933 104896
6934 104900
6935 104906
6936 104946
6937 104950
6938 104964
6939 104966
6940 105014
6941 105024
6942 105034
6943 105044
6944 105080
6945 105096
6946 105120
6947 105134
6948 105146
6949 105154
6950 105176
6951 105186
6952 105190
6953 105196
6954 105206
6955 105210
6956 105216
6957 105246
6958 105250
6959 105254
6960 105274
6961 105276
6962 105280
6963 105286
6964 105306
6965 105314
6966 105380
6967 105384
6968 105400
6969 105406
6970 105446
6971 105466
6972 105496
6973 105524
6974 105550
6975 105556
6976 105570
6977 105576
6978 105650
6979 105660
6980 105680
6981 105684
6982 105704
6983 105714
6984 105720
6985 105726
6986 105774
6987 105816
6988 105840
6989 105850
6990 105856
6991 105870
6992 105964
6993 105980
6994 105996
6995 106004
6996 106006
6997 106056
6998 106064
6999 106066
7000 106086
7001 106100
7002 106116
7003 106120
7004 106126
7005 106130
7006 106146
7007 106154
7008 106156
7009 106164
7010 106174
7011 106180
7012 106200
7013 106206
7014 106234
7015 106256
7016 106284
7017 106286
7018 106310
7019 106316
7020 106324
7021 106336
7022 106340
7023 106354
7024 106364
7025 106370
7026 106380
7027 106420
7028 106440
7029 106466
7030 106490
7031 106494
7032 106496
7033 106506
7034 106510
7035 106516
7036 106520
7037 106524
7038 106546
7039 106600
7040 106604
7041 106614
7042 106636
7043 106664
7044 106676
7045 106704
7046 106706
7047 106710
7048 106724
7049 106734
7050 106740
7051 106746
7052 106780
7053 106786
7054 106846
7055 106870
7056 106880
7057 106884
7058 106890
7059 106910
7060 106914
7061 106950
7062 106954
7063 106986
7064 107004
7065 107006
7066 107054
7067 107074
7068 107116
7069 107134
7070 107150
7071 107156
7072 107186
7073 107204
7074 107250
7075 107316
7076 107386
7077 107400
7078 107430
7079 107456
7080 107460
7081 107464
7082 107480
7083 107490
7084 107506
7085 107530
7086 107564
7087 107566
7088 107574
7089 107584
7090 107586
7091 107600
7092 107604
7093 107610
7094 107624
7095 107680
7096 107690
7097 107740
7098 107744
7099 107746
7100 107756
7101 107770
7102 107796
7103 107800
7104 107816
7105 107836
7106 107854
7107 107870
7108 107874
7109 107884
7110 107906
7111 107910
7112 107914
7113 107936
7114 107974
7115 108000
7116 108006
7117 108040
7118 108050
7119 108070
7120 108094
7121 108106
7122 108134
7123 108136
7124 108146
7125 108160
7126 108166
7127 108186
7128 108206
7129 108234
7130 108244
7131 108254
7132 108280
7133 108284
7134 108296
7135 108304
7136 108306
7137 108316
7138 108370
7139 108374
7140 108380
7141 108384
7142 108394
7143 108406
7144 108410
7145 108420
7146 108426
7147 108450
7148 108486
7149 108494
7150 108526
7151 108544
7152 108554
7153 108556
7154 108560
7155 108570
7156 108576
7157 108580
7158 108624
7159 108650
7160 108674
7161 108684
7162 108690
7163 108720
7164 108734
7165 108746
7166 108754
7167 108756
7168 108780
7169 108794
7170 108810
7171 108824
7172 108826
7173 108836
7174 108840
7175 108850
7176 108866
7177 108876
7178 108886
7179 108894
7180 108914
7181 108916
7182 108920
7183 108950
7184 108954
7185 108956
7186 108976
7187 108990
7188 109094
7189 109106
7190 109116
7191 109154
7192 109160
7193 109164
7194 109176
7195 109184
7196 109186
7197 109190
7198 109214
7199 109216
7200 109266
7201 109276
7202 109344
7203 109354
7204 109396
7205 109430
7206 109446
7207 109456
7208 109460
7209 109470
7210 109480
7211 109490
7212 109496
7213 109540
7214 109560
7215 109564
7216 109594
7217 109616
7218 109626
7219 109636
7220 109640
7221 109644
7222 109656
7223 109710
7224 109716
7225 109734
7226 109760
7227 109794
7228 109800
7229 109820
7230 109836
7231 109866
7232 109870
7233 109876
7234 109880
7235 109890
7236 109914
7237 109944
7238 109954
7239 109996
7240 110016
7241 110034
7242 110036
7243 110046
7244 110056
7245 110086
7246 110124
7247 110134
7248 110136
7249 110226
7250 110244
7251 110290
7252 110320
7253 110366
7254 110390
7255 110396
7256 110400
7257 110424
7258 110426
7259 110480
7260 110510
7261 110524
7262 110566
7263 110574
7264 110584
7265 110614
7266 110626
7267 110630
7268 110644
7269 110646
7270 110654
7271 110660
7272 110680
7273 110720
7274 110736
7275 110756
7276 110770
7277 110790
7278 110824
7279 110834
7280 110874
7281 110876
7282 110916
7283 110926
7284 110936
7285 110940
7286 110964
7287 110984
7288 111010
7289 111016
7290 111020
7291 111026
7292 111030
7293 111044
7294 111066
7295 111076
7296 111084
7297 111086
7298 111096
7299 111100
7300 111114
7301 111124
7302 111136
7303 111166
7304 111204
7305 111226
7306 111240
7307 111250
7308 111264
7309 111266
7310 111274
7311 111276
7312 111300
7313 111304
7314 111326
7315 111356
7316 111360
7317 111370
7318 111386
7319 111400
7320 111404
7321 111426
7322 111434
7323 111466
7324 111476
7325 111484
7326 111510
7327 111534
7328 111556
7329 111564
7330 111566
7331 111576
7332 111596
7333 111606
7334 111624
7335 111650
7336 111654
7337 111670
7338 111674
7339 111676
7340 111690
7341 111710
7342 111726
7343 111744
7344 111764
7345 111806
7346 111814
7347 111850
7348 111930
7349 111940
7350 111950
7351 111954
7352 111970
7353 111994
7354 112014
7355 112040
7356 112050
7357 112056
7358 112086
7359 112090
7360 112096
7361 112114
7362 112124
7363 112134
7364 112140
7365 112150
7366 112180
7367 112186
7368 112206
7369 112210
7370 112220
7371 112256
7372 112266
7373 112280
7374 112294
7375 112344
7376 112350
7377 112376
7378 112394
7379 112444
7380 112446
7381 112464
7382 112470
7383 112480
7384 112490
7385 112516
7386 112584
7387 112594
7388 112596
7389 112606
7390 112610
7391 112616
7392 112620
7393 112644
7394 112654
7395 112660
7396 112664
7397 112674
7398 112686
7399 112690
7400 112694
7401 112704
7402 112710
7403 112784
7404 112786
7405 112794
7406 112804
7407 112826
7408 112830
7409 112846
7410 112870
7411 112906
7412 112924
7413 112954
7414 112976
7415 112994
7416 113010
7417 113016
7418 113024
7419 113070
7420 113100
7421 113120
7422 113126
7423 113154
7424 113180
7425 113194
7426 113200
7427 113234
7428 113240
7429 113246
7430 113260
7431 113276
7432 113280
7433 113294
7434 113310
7435 113346
7436 113364
7437 113400
7438 113406
7439 113470
7440 113484
7441 113490
7442 113500
7443 113544
7444 113566
7445 113570
7446 113574
7447 113626
7448 113650
7449 113656
7450 113676
7451 113724
7452 113730
7453 113770
7454 113804
7455 113840
7456 113850
7457 113860
7458 113934
7459 113936
7460 113956
7461 113990
7462 113996
7463 114004
7464 114014
7465 114024
7466 114076
7467 114110
7468 114130
7469 114136
7470 114154
7471 114160
7472 114166
7473 114180
7474 114196
7475 114206
7476 114216
7477 114294
7478 114300
7479 114354
7480 114384
7481 114390
7482 114416
7483 114430
7484 114436
7485 114500
7486 114534
7487 114580
7488 114614
7489 114636
7490 114660
7491 114684
7492 114690
7493 114700
7494 114716
7495 114734
7496 114764
7497 114790
7498 114804
7499 114806
7500 114830
7501 114864
7502 114866
7503 114884
7504 114900
7505 114926
7506 114930
7507 114946
7508 115000
7509 115004
7510 115030
7511 115044
7512 115046
7513 115056
7514 115070
7515 115090
7516 115100
7517 115104
7518 115114
7519 115144
7520 115156
7521 115164
7522 115166
7523 115170
7524 115206
7525 115270
7526 115300
7527 115330
7528 115334
7529 115336
7530 115346
7531 115356
7532 115384
7533 115410
7534 115420
7535 115430
7536 115436
7537 115444
7538 115470
7539 115486
7540 115496
7541 115516
7542 115540
7543 115550
7544 115564
7545 115576
7546 115600
7547 115610
7548 115620
7549 115624
7550 115626
7551 115636
7552 115650
7553 115654
7554 115696
7555 115724
7556 115750
7557 115784
7558 115794
7559 115820
7560 115854
7561 115856
7562 115870
7563 115880
7564 115884
7565 115906
7566 115914
7567 115920
7568 115940
7569 115946
7570 115956
7571 115960
7572 115984
7573 115986
7574 116044
7575 116054
7576 116060
7577 116096
7578 116154
7579 116156
7580 116204
7581 116214
7582 116236
7583 116246
7584 116256
7585 116274
7586 116294
7587 116304
7588 116324
7589 116340
7590 116354
7591 116366
7592 116380
7593 116404
7594 116414
7595 116416
7596 116424
7597 116456
7598 116486
7599 116506
7600 116516
7601 116520
7602 116536
7603 116586
7604 116594
7605 116620
7606 116640
7607 116660
7608 116674
7609 116686
7610 116716
7611 116720
7612 116740
7613 116790
7614 116796
7615 116844
7616 116850
7617 116856
7618 116870
7619 116874
7620 116876
7621 116884
7622 116890
7623 116906
7624 116920
7625 116976
7626 116986
7627 116996
7628 117020
7629 117026
7630 117030
7631 117080
7632 117106
7633 117120
7634 117140
7635 117144
7636 117156
7637 117180
7638 117186
7639 117220
7640 117234
7641 117246
7642 117254
7643 117260
7644 117274
7645 117276
7646 117286
7647 117290
7648 117306
7649 117316
7650 117324
7651 117354
7652 117376
7653 117386
7654 117390
7655 117394
7656 117420
7657 117454
7658 117470
7659 117494
7660 117504
7661 117516
7662 117530
7663 117550
7664 117566
7665 117570
7666 117600
7667 117604
7668 117626
7669 117650
7670 117656
7671 117664
7672 117674
7673 117700
7674 117706
7675 117714
7676 117724
7677 117734
7678 117744
7679 117750
7680 117760
7681 117766
7682 117774
7683 117800
7684 117834
7685 117836
7686 117854
7687 117890
7688 117900
7689 117910
7690 117940
7691 117946
7692 117956
7693 117986
7694 118000
7695 118016
7696 118034
7697 118056
7698 118094
7699 118116
7700 118144
7701 118166
7702 118170
7703 118196
7704 118200
7705 118210
7706 118224
7707 118264
7708 118314
7709 118346
7710 118356
7711 118374
7712 118380
7713 118420
7714 118446
7715 118454
7716 118456
7717 118544
7718 118570
7719 118590
7720 118600
7721 118610
7722 118626
7723 118654
7724 118660
7725 118684
7726 118694
7727 118700
7728 118730
7729 118740
7730 118754
7731 118780
7732 118784
7733 118814
7734 118824
7735 118836
7736 118884
7737 118904
7738 118910
7739 118914
7740 118926
7741 118930
7742 118940
7743 118954
7744 118966
7745 118976
7746 119006
7747 119026
7748 119044
7749 119056
7750 119070
7751 119076
7752 119136
7753 119164
7754 119186
7755 119194
7756 119206
7757 119210
7758 119214
7759 119216
7760 119246
7761 119250
7762 119274
7763 119304
7764 119324
7765 119334
7766 119394
7767 119420
7768 119460
7769 119466
7770 119476
7771 119484
7772 119490
7773 119520
7774 119580
7775 119614
7776 119626
7777 119640
7778 119646
7779 119654
7780 119706
7781 119714
7782 119730
7783 119784
7784 119806
7785 119814
7786 119884
7787 119924
7788 119926
7789 119936
7790 119944
7791 119964
7792 119970
7793 119974
7794 119986
7795 120000
7796 120036
7797 120046
7798 120054
7799 120066
7800 120074
7801 120090
7802 120110
7803 120146
7804 120214
7805 120226
7806 120230
7807 120236
7808 120250
7809 120264
7810 120266
7811 120270
7812 120274
7813 120286
7814 120306
7815 120314
7816 120324
7817 120334
7818 120366
7819 120380
7820 120394
7821 120406
7822 120410
7823 120416
7824 120470
7825 120474
7826 120484
7827 120504
7828 120510
7829 120514
7830 120516
7831 120546
7832 120566
7833 120600
7834 120616
7835 120624
7836 120644
7837 120664
7838 120666
7839 120694
7840 120716
7841 120720
7842 120740
7843 120750
7844 120766
7845 120770
7846 120776
7847 120780
7848 120784
7849 120846
7850 120876
7851 120880
7852 120886
7853 120894
7854 120906
7855 120924
7856 120940
7857 120946
7858 120950
7859 120964
7860 120966
7861 121014
7862 121024
7863 121030
7864 121040
7865 121050
7866 121054
7867 121060
7868 121076
7869 121086
7870 121110
7871 121130
7872 121136
7873 121166
7874 121170
7875 121186
7876 121200
7877 121224
7878 121254
7879 121270
7880 121276
7881 121286
7882 121296
7883 121336
7884 121344
7885 121346
7886 121370
7887 121374
7888 121380
7889 121394
7890 121396
7891 121404
7892 121420
7893 121434
7894 121436
7895 121456
7896 121476
7897 121484
7898 121504
7899 121510
7900 121524
7901 121530
7902 121550
7903 121566
7904 121586
7905 121600
7906 121604
7907 121606
7908 121624
7909 121634
7910 121654
7911 121666
7912 121694
7913 121700
7914 121704
7915 121710
7916 121734
7917 121774
7918 121814
7919 121856
7920 121866
7921 121874
7922 121934
7923 121936
7924 121960
7925 121970
7926 121980
7927 122040
7928 122046
7929 122060
7930 122070
7931 122076
7932 122084
7933 122086
7934 122116
7935 122144
7936 122150
7937 122170
7938 122176
7939 122184
7940 122190
7941 122204
7942 122206
7943 122210
7944 122216
7945 122256
7946 122264
7947 122324
7948 122330
7949 122340
7950 122346
7951 122350
7952 122366
7953 122384
7954 122406
7955 122466
7956 122486
7957 122514
7958 122516
7959 122524
7960 122526
7961 122534
7962 122570
7963 122580
7964 122614
7965 122616
7966 122626
7967 122646
7968 122654
7969 122666
7970 122680
7971 122684
7972 122690
7973 122694
7974 122714
7975 122724
7976 122734
7977 122756
7978 122796
7979 122864
7980 122870
7981 122896
7982 122924
7983 122944
7984 122956
7985 122980
7986 122996
7987 123004
7988 123044
7989 123054
7990 123074
7991 123086
7992 123090
7993 123134
7994 123150
7995 123156
7996 123160
7997 123166
7998 123190
7999 123234
8000 123236
8001 123244
8002 123264
8003 123276
8004 123316
8005 123340
8006 123366
8007 123380
8008 123394
8009 123434
8010 123446
8011 123486
8012 123496
8013 123510
8014 123554
8015 123576
8016 123580
8017 123630
8018 123640
8019 123656
8020 123680
8021 123684
8022 123686
8023 123710
8024 123724
8025 123736
8026 123746
8027 123766
8028 123776
8029 123800
8030 123806
8031 123840
8032 123844
8033 123850
8034 123874
8035 123896
8036 123904
8037 123914
8038 123930
8039 123936
8040 123954
8041 123970
8042 124010
8043 124020
8044 124026
8045 124044
8046 124046
8047 124060
8048 124076
8049 124086
8050 124110
8051 124114
8052 124126
8053 124160
8054 124170
8055 124174
8056 124176
8057 124216
8058 124234
8059 124244
8060 124250
8061 124254
8062 124256
8063 124264
8064 124270
8065 124320
8066 124396
8067 124406
8068 124424
8069 124434
8070 124446
8071 124460
8072 124484
8073 124500
8074 124510
8075 124530
8076 124550
8077 124556
8078 124560
8079 124564
8080 124604
8081 124616
8082 124646
8083 124660
8084 124670
8085 124700
8086 124724
8087 124736
8088 124760
8089 124796
8090 124800
8091 124814
8092 124830
8093 124840
8094 124864
8095 124866
8096 124874
8097 124900
8098 124910
8099 124934
8100 124950
8101 124960
8102 124970
8103 125010
8104 125020
8105 125024
8106 125034
8107 125064
8108 125070
8109 125080
8110 125084
8111 125086
8112 125096
8113 125114
8114 125134
8115 125136
8116 125154
8117 125174
8118 125180
8119 125194
8120 125196
8121 125206
8122 125220
8123 125270
8124 125280
8125 125284
8126 125290
8127 125296
8128 125300
8129 125304
8130 125340
8131 125360
8132 125446
8133 125450
8134 125470
8135 125476
8136 125506
8137 125516
8138 125530
8139 125544
8140 125550
8141 125560
8142 125570
8143 125576
8144 125586
8145 125594
8146 125620
8147 125636
8148 125664
8149 125670
8150 125680
8151 125716
8152 125726
8153 125730
8154 125740
8155 125760
8156 125766
8157 125774
8158 125834
8159 125840
8160 125846
8161 125860
8162 125916
8163 125924
8164 125944
8165 125950
8166 125986
8167 125994
8168 125996
8169 126026
8170 126036
8171 126060
8172 126070
8173 126074
8174 126086
8175 126100
8176 126130
8177 126180
8178 126184
8179 126224
8180 126234
8181 126270
8182 126284
8183 126294
8184 126344
8185 126356
8186 126376
8187 126406
8188 126410
8189 126424
8190 126426
8191 126444
8192 126470
8193 126504
8194 126520
8195 126554
8196 126574
8197 126584
8198 126590
8199 126596
8200 126656
8201 126730
8202 126754
8203 126760
8204 126766
8205 126796
8206 126826
8207 126840
8208 126844
8209 126874
8210 126906
8211 126910
8212 126934
8213 126946
8214 126956
8215 126996
8216 127010
8217 127030
8218 127040
8219 127046
8220 127076
8221 127084
8222 127116
8223 127136
8224 127144
8225 127146
8226 127154
8227 127160
8228 127166
8229 127176
8230 127180
8231 127220
8232 127234
8233 127246
8234 127280
8235 127306
8236 127324
8237 127376
8238 127384
8239 127406
8240 127450
8241 127464
8242 127466
8243 127474
8244 127476
8245 127514
8246 127520
8247 127526
8248 127620
8249 127664
8250 127676
8251 127680
8252 127696
8253 127710
8254 127726
8255 127740
8256 127750
8257 127790
8258 127814
8259 127816
8260 127830
8261 127854
8262 127894
8263 127910
8264 127916
8265 127934
8266 127944
8267 127976
8268 128000
8269 128004
8270 128024
8271 128030
8272 128086
8273 128104
8274 128106
8275 128154
8276 128156
8277 128166
8278 128200
8279 128246
8280 128316
8281 128334
8282 128350
8283 128420
8284 128436
8285 128440
8286 128460
8287 128464
8288 128494
8289 128506
8290 128546
8291 128554
8292 128566
8293 128590
8294 128594
8295 128610
8296 128620
8297 128624
8298 128634
8299 128636
8300 128700
8301 128716
8302 128724
8303 128736
8304 128750
8305 128756
8306 128776
8307 128814
8308 128834
8309 128836
8310 128860
8311 128870
8312 128876
8313 128884
8314 128896
8315 128934
8316 128940
8317 128950
8318 128970
8319 128986
8320 129006
8321 129024
8322 129044
8323 129054
8324 129076
8325 129086
8326 129104
8327 129116
8328 129140
8329 129180
8330 129190
8331 129206
8332 129214
8333 129250
8334 129300
8335 129320
8336 129334
8337 129336
8338 129354
8339 129414
8340 129426
8341 129460
8342 129464
8343 129466
8344 129516
8345 129530
8346 129564
8347 129616
8348 129630
8349 129666
8350 129684
8351 129690
8352 129704
8353 129720
8354 129724
8355 129726
8356 129744
8357 129760
8358 129766
8359 129770
8360 129780
8361 129824
8362 129844
8363 129854
8364 129860
8365 129866
8366 129924
8367 129936
8368 129960
8369 129984
8370 130036
8371 130074
8372 130090
8373 130110
8374 130146
8375 130210
8376 130254
8377 130260
8378 130264
8379 130276
8380 130306
8381 130316
8382 130340
8383 130364
8384 130370
8385 130380
8386 130406
8387 130416
8388 130436
8389 130444
8390 130464
8391 130466
8392 130474
8393 130484
8394 130510
8395 130566
8396 130574
8397 130600
8398 130636
8399 130646
8400 130656
8401 130670
8402 130674
8403 130714
8404 130800
8405 130806
8406 130820
8407 130830
8408 130920
8409 130924
8410 130934
8411 130946
8412 130990
8413 130994
8414 131000
8415 131014
8416 131016
8417 131026
8418 131070
8419 131080
8420 131096
8421 131106
8422 131120
8423 131180
8424 131226
8425 131246
8426 131260
8427 131284
8428 131286
8429 131296
8430 131306
8431 131320
8432 131326
8433 131336
8434 131384
8435 131436
8436 131454
8437 131456
8438 131476
8439 131480
8440 131484
8441 131486
8442 131524
8443 131534
8444 131536
8445 131574
8446 131654
8447 131670
8448 131696
8449 131700
8450 131766
8451 131770
8452 131774
8453 131784
8454 131804
8455 131820
8456 131840
8457 131870
8458 131876
8459 131910
8460 131914
8461 131920
8462 131926
8463 131934
8464 131946
8465 131960
8466 131974
8467 131990
8468 132016
8469 132034
8470 132040
8471 132066
8472 132116
8473 132156
8474 132160
8475 132164
8476 132174
8477 132180
8478 132190
8479 132204
8480 132294
8481 132304
8482 132326
8483 132336
8484 132360
8485 132386
8486 132390
8487 132414
8488 132416
8489 132446
8490 132456
8491 132496
8492 132506
8493 132546
8494 132550
8495 132554
8496 132560
8497 132590
8498 132594
8499 132606
8500 132616
8501 132640
8502 132646
8503 132650
8504 132690
8505 132700
8506 132736
8507 132744
8508 132776
8509 132796
8510 132806
8511 132810
8512 132820
8513 132830
8514 132840
8515 132844
8516 132846
8517 132854
8518 132856
8519 132870
8520 132880
8521 132914
8522 132916
8523 132950
8524 132964
8525 132974
8526 132996
8527 133010
8528 133014
8529 133044
8530 133070
8531 133074
8532 133084
8533 133100
8534 133116
8535 133134
8536 133144
8537 133170
8538 133204
8539 133224
8540 133226
8541 133240
8542 133244
8543 133260
8544 133266
8545 133270
8546 133316
8547 133326
8548 133334
8549 133350
8550 133366
8551 133370
8552 133374
8553 133380
8554 133384
8555 133394
8556 133406
8557 133426
8558 133436
8559 133456
8560 133474
8561 133496
8562 133510
8563 133516
8564 133520
8565 133536
8566 133604
8567 133630
8568 133634
8569 133654
8570 133666
8571 133670
8572 133680
8573 133686
8574 133750
8575 133764
8576 133770
8577 133780
8578 133790
8579 133796
8580 133810
8581 133816
8582 133844
8583 133850
8584 133894
8585 133900
8586 133904
8587 133924
8588 133926
8589 133940
8590 133950
8591 133980
8592 134004
8593 134040
8594 134080
8595 134104
8596 134110
8597 134114
8598 134130
8599 134164
8600 134174
8601 134180
8602 134186
8603 134206
8604 134210
8605 134214
8606 134234
8607 134240
8608 134244
8609 134260
8610 134264
8611 134276
8612 134280
8613 134286
8614 134310
8615 134314
8616 134326
8617 134346
8618 134380
8619 134410
8620 134416
8621 134426
8622 134436
8623 134446
8624 134486
8625 134496
8626 134510
8627 134540
8628 134556
8629 134560
8630 134586
8631 134596
8632 134640
8633 134654
8634 134656
8635 134680
8636 134710
8637 134720
8638 134726
8639 134730
8640 134754
8641 134770
8642 134786
8643 134790
8644 134810
8645 134816
8646 134820
8647 134830
8648 134836
8649 134876
8650 134894
8651 134900
8652 134904
8653 134930
8654 134934
8655 134936
8656 134960
8657 134964
8658 134966
8659 134980
8660 134986
8661 134990
8662 135006
8663 135016
8664 135030
8665 135054
8666 135060
8667 135066
8668 135080
8669 135106
8670 135144
8671 135160
8672 135164
8673 135190
8674 135224
8675 135230
8676 135264
8677 135280
8678 135304
8679 135356
8680 135394
8681 135396
8682 135404
8683 135480
8684 135484
8685 135526
8686 135540
8687 135560
8688 135566
8689 135570
8690 135576
8691 135600
8692 135606
8693 135640
8694 135644
8695 135654
8696 135696
8697 135726
8698 135774
8699 135794
8700 135830
8701 135840
8702 135850
8703 135886
8704 135896
8705 135900
8706 135926
8707 135930
8708 135966
8709 136020
8710 136034
8711 136036
8712 136044
8713 136084
8714 136094
8715 136096
8716 136100
8717 136104
8718 136116
8719 136120
8720 136124
8721 136156
8722 136164
8723 136176
8724 136184
8725 136190
8726 136214
8727 136220
8728 136266
8729 136306
8730 136350
8731 136356
8732 136366
8733 136374
8734 136380
8735 136386
8736 136426
8737 136434
8738 136444
8739 136460
8740 136476
8741 136490
8742 136496
8743 136500
8744 136510
8745 136516
8746 136530
8747 136546
8748 136566
8749 136576
8750 136584
8751 136630
8752 136640
8753 136666
8754 136686
8755 136706
8756 136724
8757 136736
8758 136754
8759 136760
8760 136774
8761 136836
8762 136850
8763 136864
8764 136874
8765 136886
8766 136910
8767 136920
8768 136940
8769 136964
8770 136974
8771 137004
8772 137014
8773 137040
8774 137044
8775 137074
8776 137076
8777 137114
8778 137120
8779 137130
8780 137144
8781 137146
8782 137156
8783 137164
8784 137166
8785 137176
8786 137196
8787 137206
8788 137214
8789 137224
8790 137226
8791 137230
8792 137256
8793 137266
8794 137284
8795 137290
8796 137294
8797 137316
8798 137320
8799 137336
8800 137344
8801 137380
8802 137386
8803 137394
8804 137404
8805 137436
8806 137456
8807 137474
8808 137494
8809 137514
8810 137550
8811 137576
8812 137580
8813 137590
8814 137596
8815 137606
8816 137616
8817 137620
8818 137640
8819 137650
8820 137660
8821 137676
8822 137684
8823 137686
8824 137716
8825 137746
8826 137800
8827 137814
8828 137836
8829 137850
8830 137880
8831 137894
8832 137944
8833 137946
8834 137950
8835 137954
8836 137986
8837 138020
8838 138064
8839 138074
8840 138100
8841 138116
8842 138160
8843 138166
8844 138170
8845 138174
8846 138204
8847 138236
8848 138244
8849 138256
8850 138264
8851 138266
8852 138290
8853 138296
8854 138310
8855 138324
8856 138330
8857 138356
8858 138370
8859 138404
8860 138414
8861 138426
8862 138436
8863 138474
8864 138496
8865 138514
8866 138524
8867 138540
8868 138564
8869 138566
8870 138570
8871 138576
8872 138594
8873 138604
8874 138620
8875 138626
8876 138646
8877 138700
8878 138710
8879 138774
8880 138804
8881 138810
8882 138820
8883 138834
8884 138836
8885 138844
8886 138854
8887 138856
8888 138866
8889 138870
8890 138906
8891 138924
8892 138930
8893 138950
8894 138970
8895 138976
8896 138990
8897 139006
8898 139010
8899 139036
8900 139054
8901 139086
8902 139180
8903 139194
8904 139206
8905 139244
8906 139256
8907 139280
8908 139296
8909 139320
8910 139334
8911 139400
8912 139406
8913 139416
8914 139426
8915 139454
8916 139486
8917 139500
8918 139504
8919 139516
8920 139520
8921 139544
8922 139554
8923 139556
8924 139590
8925 139616
8926 139626
8927 139700
8928 139714
8929 139724
8930 139726
8931 139730
8932 139750
8933 139756
8934 139786
8935 139800
8936 139834
8937 139876
8938 139900
8939 139904
8940 139920
8941 139934
8942 139946
8943 139956
8944 139960
8945 140004
8946 140010
8947 140030
8948 140034
8949 140064
8950 140066
8951 140086
8952 140094
8953 140100
8954 140124
8955 140126
8956 140136
8957 140146
8958 140156
8959 140180
8960 140196
8961 140234
8962 140300
8963 140320
8964 140346
8965 140360
8966 140404
8967 140414
8968 140426
8969 140440
8970 140454
8971 140504
8972 140514
8973 140530
8974 140576
8975 140584
8976 140596
8977 140610
8978 140614
8979 140624
8980 140640
8981 140646
8982 140674
8983 140676
8984 140690
8985 140710
8986 140724
8987 140726
8988 140734
8989 140750
8990 140760
8991 140770
8992 140794
8993 140800
8994 140810
8995 140830
8996 140846
8997 140864
8998 140880
8999 140916
9000 140920
9001 140924
9002 140944
9003 140966
9004 140974
9005 140996
9006 141000
9007 141074
9008 141134
9009 141140
9010 141170
9011 141180
9012 141190
9013 141196
9014 141200
9015 141234
9016 141244
9017 141270
9018 141286
9019 141304
9020 141306
9021 141310
9022 141314
9023 141320
9024 141350
9025 141356
9026 141386
9027 141394
9028 141414
9029 141424
9030 141430
9031 141440
9032 141446
9033 141456
9034 141464
9035 141514
9036 141516
9037 141524
9038 141530
9039 141554
9040 141584
9041 141616
9042 141620
9043 141676
9044 141686
9045 141694
9046 141724
9047 141730
9048 141754
9049 141820
9050 141824
9051 141834
9052 141846
9053 141930
9054 141960
9055 141970
9056 141984
9057 141990
9058 142024
9059 142034
9060 142050
9061 142064
9062 142096
9063 142110
9064 142136
9065 142174
9066 142194
9067 142206
9068 142240
9069 142276
9070 142284
9071 142300
9072 142334
9073 142340
9074 142350
9075 142356
9076 142364
9077 142376
9078 142486
9079 142500
9080 142504
9081 142534
9082 142554
9083 142594
9084 142606
9085 142616
9086 142624
9087 142640
9088 142656
9089 142674
9090 142684
9091 142700
9092 142716
9093 142720
9094 142724
9095 142744
9096 142746
9097 142754
9098 142780
9099 142816
9100 142844
9101 142850
9102 142860
9103 142886
9104 142920
9105 142926
9106 142944
9107 143030
9108 143046
9109 143054
9110 143114
9111 143124
9112 143154
9113 143220
9114 143234
9115 143240
9116 143244
9117 143260
9118 143264
9119 143284
9120 143290
9121 143296
9122 143334
9123 143404
9124 143420
9125 143444
9126 143454
9127 143456
9128 143464
9129 143490
9130 143496
9131 143506
9132 143516
9133 143524
9134 143530
9135 143536
9136 143540
9137 143560
9138 143576
9139 143584
9140 143624
9141 143634
9142 143636
9143 143650
9144 143664
9145 143674
9146 143716
9147 143726
9148 143744
9149 143780
9150 143800
9151 143806
9152 143826
9153 143830
9154 143894
9155 143896
9156 143900
9157 143916
9158 143940
9159 143966
9160 143976
9161 143984
9162 144004
9163 144030
9164 144044
9165 144046
9166 144076
9167 144086
9168 144104
9169 144140
9170 144150
9171 144166
9172 144180
9173 144186
9174 144194
9175 144210
9176 144244
9177 144250
9178 144284
9179 144304
9180 144364
9181 144406
9182 144416
9183 144430
9184 144460
9185 144484
9186 144506
9187 144514
9188 144544
9189 144546
9190 144550
9191 144556
9192 144560
9193 144576
9194 144580
9195 144644
9196 144650
9197 144670
9198 144684
9199 144686
9200 144690
9201 144696
9202 144710
9203 144740
9204 144744
9205 144794
9206 144796
9207 144816
9208 144830
9209 144834
9210 144884
9211 144900
9212 144910
9213 144950
9214 144956
9215 144970
9216 144974
9217 144976
9218 144990
9219 145004
9220 145016
9221 145030
9222 145044
9223 145050
9224 145066
9225 145080
9226 145086
9227 145100
9228 145106
9229 145110
9230 145126
9231 145136
9232 145154
9233 145156
9234 145160
9235 145164
9236 145174
9237 145180
9238 145204
9239 145206
9240 145226
9241 145236
9242 145260
9243 145266
9244 145276
9245 145290
9246 145334
9247 145350
9248 145364
9249 145376
9250 145386
9251 145406
9252 145434
9253 145440
9254 145454
9255 145480
9256 145484
9257 145494
9258 145544
9259 145554
9260 145590
9261 145610
9262 145616
9263 145620
9264 145640
9265 145646
9266 145656
9267 145666
9268 145676
9269 145704
9270 145726
9271 145734
9272 145736
9273 145770
9274 145814
9275 145820
9276 145850
9277 145874
9278 145876
9279 145936
9280 145986
9281 146004
9282 146006
9283 146016
9284 146030
9285 146040
9286 146054
9287 146080
9288 146130
9289 146134
9290 146140
9291 146176
9292 146186
9293 146194
9294 146200
9295 146234
9296 146244
9297 146266
9298 146270
9299 146280
9300 146286
9301 146290
9302 146300
9303 146324
9304 146326
9305 146334
9306 146364
9307 146386
9308 146396
9309 146436
9310 146470
9311 146486
9312 146500
9313 146516
9314 146524
9315 146530
9316 146540
9317 146560
9318 146586
9319 146614
9320 146616
9321 146626
9322 146654
9323 146704
9324 146744
9325 146760
9326 146770
9327 146820
9328 146826
9329 146846
9330 146874
9331 146904
9332 146914
9333 146916
9334 146936
9335 146950
9336 146990
9337 147000
9338 147004
9339 147010
9340 147024
9341 147036
9342 147050
9343 147056
9344 147070
9345 147086
9346 147094
9347 147104
9348 147144
9349 147146
9350 147150
9351 147154
9352 147160
9353 147164
9354 147206
9355 147234
9356 147244
9357 147260
9358 147270
9359 147280
9360 147290
9361 147306
9362 147314
9363 147336
9364 147344
9365 147356
9366 147380
9367 147384
9368 147396
9369 147406
9370 147430
9371 147436
9372 147440
9373 147460
9374 147500
9375 147504
9376 147524
9377 147526
9378 147536
9379 147576
9380 147600
9381 147606
9382 147614
9383 147634
9384 147644
9385 147664
9386 147684
9387 147744
9388 147770
9389 147780
9390 147790
9391 147804
9392 147816
9393 147820
9394 147824
9395 147826
9396 147864
9397 147876
9398 147890
9399 147916
9400 147934
9401 147976
9402 147980
9403 147986
9404 147990
9405 148014
9406 148064
9407 148106
9408 148110
9409 148116
9410 148126
9411 148160
9412 148184
9413 148186
9414 148200
9415 148214
9416 148246
9417 148254
9418 148284
9419 148314
9420 148326
9421 148386
9422 148404
9423 148444
9424 148456
9425 148484
9426 148540
9427 148554
9428 148560
9429 148566
9430 148590
9431 148594
9432 148606
9433 148614
9434 148630
9435 148640
9436 148656
9437 148680
9438 148710
9439 148726
9440 148740
9441 148760
9442 148770
9443 148786
9444 148826
9445 148830
9446 148870
9447 148930
9448 148954
9449 148980
9450 149000
9451 149004
9452 149010
9453 149054
9454 149074
9455 149080
9456 149090
9457 149100
9458 149136
9459 149140
9460 149150
9461 149160
9462 149176
9463 149194
9464 149214
9465 149220
9466 149224
9467 149234
9468 149240
9469 149244
9470 149260
9471 149266
9472 149334
9473 149350
9474 149360
9475 149374
9476 149380
9477 149386
9478 149410
9479 149424
9480 149446
9481 149496
9482 149546
9483 149556
9484 149566
9485 149580
9486 149610
9487 149614
9488 149616
9489 149620
9490 149676
9491 149680
9492 149736
9493 149754
9494 149756
9495 149760
9496 149784
9497 149786
9498 149796
9499 149810
9500 149814
9501 149824
9502 149904
9503 149906
9504 149920
9505 149980
9506 150006
9507 150014
9508 150024
9509 150026
9510 150036
9511 150040
9512 150056
9513 150070
9514 150094
9515 150124
9516 150166
9517 150180
9518 150186
9519 150190
9520 150224
9521 150240
9522 150296
9523 150306
9524 150316
9525 150360
9526 150364
9527 150370
9528 150380
9529 150394
9530 150410
9531 150414
9532 150474
9533 150484
9534 150516
9535 150524
9536 150540
9537 150546
9538 150564
9539 150594
9540 150604
9541 150606
9542 150646
9543 150654
9544 150660
9545 150664
9546 150690
9547 150700
9548 150724
9549 150750
9550 150764
9551 150770
9552 150774
9553 150784
9554 150790
9555 150824
9556 150826
9557 150856
9558 150866
9559 150906
9560 150934
9561 150940
9562 150944
9563 150946
9564 150970
9565 150984
9566 150996
9567 151004
9568 151014
9569 151034
9570 151036
9571 151056
9572 151060
9573 151070
9574 151164
9575 151166
9576 151174
9577 151180
9578 151190
9579 151196
9580 151220
9581 151274
9582 151280
9583 151290
9584 151294
9585 151316
9586 151344
9587 151350
9588 151366
9589 151374
9590 151384
9591 151394
9592 151414
9593 151456
9594 151464
9595 151470
9596 151480
9597 151514
9598 151524
9599 151554
9600 151560
9601 151564
9602 151604
9603 151654
9604 151680
9605 151700
9606 151734
9607 151756
9608 151776
9609 151784
9610 151790
9611 151816
9612 151844
9613 151864
9614 151866
9615 151876
9616 151904
9617 151920
9618 151930
9619 151956
9620 151960
9621 151980
9622 151986
9623 151994
9624 152036
9625 152090
9626 152130
9627 152194
9628 152210
9629 152220
9630 152236
9631 152250
9632 152254
9633 152260
9634 152270
9635 152280
9636 152284
9637 152294
9638 152310
9639 152314
9640 152340
9641 152364
9642 152366
9643 152370
9644 152374
9645 152386
9646 152396
9647 152424
9648 152466
9649 152476
9650 152496
9651 152514
9652 152516
9653 152566
9654 152574
9655 152584
9656 152590
9657 152600
9658 152604
9659 152606
9660 152626
9661 152640
9662 152646
9663 152650
9664 152684
9665 152686
9666 152750
9667 152764
9668 152770
9669 152774
9670 152790
9671 152814
9672 152856
9673 152864
9674 152884
9675 152896
9676 152906
9677 152910
9678 152920
9679 152944
9680 152956
9681 152974
9682 152990
9683 152994
9684 153006
9685 153024
9686 153036
9687 153040
9688 153056
9689 153076
9690 153086
9691 153104
9692 153110
9693 153120
9694 153124
9695 153136
9696 153150
9697 153180
9698 153194
9699 153206
9700 153214
9701 153220
9702 153250
9703 153256
9704 153274
9705 153294
9706 153316
9707 153320
9708 153350
9709 153410
9710 153414
9711 153436
9712 153450
9713 153490
9714 153500
9715 153520
9716 153560
9717 153566
9718 153570
9719 153586
9720 153594
9721 153634
9722 153640
9723 153644
9724 153666
9725 153680
9726 153690
9727 153714
9728 153726
9729 153750
9730 153764
9731 153774
9732 153790
9733 153796
9734 153806
9735 153816
9736 153844
9737 153856
9738 153874
9739 153884
9740 153906
9741 153910
9742 153960
9743 153970
9744 153974
9745 153976
9746 153986
9747 154030
9748 154044
9749 154054
9750 154064
9751 154066
9752 154080
9753 154100
9754 154106
9755 154124
9756 154134
9757 154150
9758 154164
9759 154170
9760 154174
9761 154180
9762 154204
9763 154206
9764 154246
9765 154270
9766 154286
9767 154290
9768 154294
9769 154316
9770 154346
9771 154376
9772 154410
9773 154414
9774 154416
9775 154426
9776 154450
9777 154480
9778 154490
9779 154554
9780 154556
9781 154570
9782 154576
9783 154586
9784 154610
9785 154634
9786 154644
9787 154650
9788 154664
9789 154690
9790 154724
9791 154750
9792 154754
9793 154776
9794 154794
9795 154816
9796 154824
9797 154936
9798 154946
9799 154980
9800 154996
9801 155066
9802 155076
9803 155086
9804 155114
9805 155120
9806 155130
9807 155156
9808 155190
9809 155224
9810 155226
9811 155230
9812 155270
9813 155286
9814 155294
9815 155300
9816 155310
9817 155314
9818 155386
9819 155396
9820 155404
9821 155430
9822 155454
9823 155456
9824 155470
9825 155474
9826 155476
9827 155484
9828 155516
9829 155526
9830 155556
9831 155574
9832 155594
9833 155596
9834 155624
9835 155636
9836 155666
9837 155694
9838 155700
9839 155714
9840 155740
9841 155746
9842 155754
9843 155786
9844 155796
9845 155824
9846 155830
9847 155840
9848 155876
9849 155880
9850 155906
9851 155910
9852 155944
9853 155976
9854 155990
9855 156004
9856 156016
9857 156020
9858 156024
9859 156026
9860 156046
9861 156054
9862 156074
9863 156106
9864 156116
9865 156144
9866 156150
9867 156176
9868 156180
9869 156246
9870 156256
9871 156270
9872 156276
9873 156290
9874 156296
9875 156306
9876 156326
9877 156360
9878 156364
9879 156384
9880 156416
9881 156436
9882 156440
9883 156446
9884 156480
9885 156510
9886 156526
9887 156534
9888 156550
9889 156610
9890 156620
9891 156654
9892 156660
9893 156700
9894 156724
9895 156760
9896 156776
9897 156780
9898 156796
9899 156854
9900 156856
9901 156870
9902 156890
9903 156900
9904 156930
9905 157020
9906 157024
9907 157040
9908 157046
9909 157054
9910 157066
9911 157070
9912 157094
9913 157114
9914 157120
9915 157150
9916 157154
9917 157156
9918 157194
9919 157210
9920 157234
9921 157294
9922 157296
9923 157304
9924 157336
9925 157354
9926 157374
9927 157384
9928 157420
9929 157436
9930 157444
9931 157454
9932 157460
9933 157470
9934 157520
9935 157524
9936 157530
9937 157534
9938 157536
9939 157544
9940 157584
9941 157610
9942 157644
9943 157676
9944 157704
9945 157706
9946 157720
9947 157740
9948 157746
9949 157794
9950 157816
9951 157844
9952 157874
9953 157886
9954 157930
9955 157936
9956 157956
9957 157990
9958 158000
9959 158006
9960 158026
9961 158034
9962 158044
9963 158080
9964 158094
9965 158100
9966 158136
9967 158170
9968 158174
9969 158180
9970 158190
9971 158196
9972 158214
9973 158216
9974 158220
9975 158230
9976 158264
9977 158290
9978 158316
9979 158336
9980 158350
9981 158380
9982 158390
9983 158396
9984 158416
9985 158420
9986 158424
9987 158446
9988 158480
9989 158486
9990 158506
9991 158544
9992 158570
9993 158574
9994 158604
9995 158610
9996 158616
9997 158630
9998 158680
9999 158694
10000 158704







